espece,nombre_total,coord_x,coord_y,altitude,annee,methode,typologie,structure_1,structure_2,localite,canton,bio1,bio12,bio2,bio5,pca1
Apodemus flavicollis (Mulot à collier),1,694766,220221,908,2014,Lebendfalle : PVIV,Milieux humides (Bas marais),Lisières forestières (conifères),NA,Rothethurm,SZ,66,18214,80,202,-1.59000716425127
Sorex araneus (Musaraigne carrelet),1,694868,220404,916,2014,Lebendfalle : PVIV,Milieux humides (Hauts marais),Structures linéaires arborées dans les paysages agricoles,NA,Rothethurm,SZ,66,18176,80,203,-1.60303973117943
Clethrionomys glareolus (Campagnol roussâtre),1,694873,220379,917,2014,Lebendfalle : PVIV,Milieux humides (Hauts marais),Lisières forestières (conifères),NA,Rothethurm,SZ,66,18186,80,203,-1.60327426327823
Clethrionomys glareolus (Campagnol roussâtre),1,694873,220379,917,2014,Lebendfalle : PVIV,Milieux humides (Hauts marais),Lisières forestières (conifères),NA,Rothethurm,SZ,66,18186,80,203,-1.60327426327823
Clethrionomys glareolus (Campagnol roussâtre),1,694873,220379,917,2014,Lebendfalle : PVIV,Milieux humides (Hauts marais),Lisières forestières (conifères),NA,Rothethurm,SZ,66,18186,80,203,-1.60327426327823
Clethrionomys glareolus (Campagnol roussâtre),1,694873,220379,917,2014,Lebendfalle : PVIV,Milieux humides (Hauts marais),Lisières forestières (conifères),NA,Rothethurm,SZ,66,18186,80,203,-1.60327426327823
Clethrionomys glareolus (Campagnol roussâtre),1,694873,220379,917,2014,Lebendfalle : PVIV,Milieux humides (Hauts marais),Lisières forestières (conifères),NA,Rothethurm,SZ,66,18186,80,203,-1.60327426327823
Clethrionomys glareolus (Campagnol roussâtre),1,694873,220379,917,2014,Lebendfalle : PVIV,Milieux humides (Hauts marais),Lisières forestières (conifères),NA,Rothethurm,SZ,66,18186,80,203,-1.60327426327823
Apodemus flavicollis (Mulot à collier),1,695121,221957,915,2014,Lebendfalle : PVIV,Milieux humides (Hauts marais),Lisières forestières (conifères),Ruisseau (sans végétation),Einsiedeln,SZ,66,17942,80,203,-1.58841356002384
Microtus agrestis (Campagnol agreste),1,695520,222198,916,2014,Lebendfalle : PVIV,Milieux humides (Hauts marais),Structures linéaires arborées dans les paysages agricoles,NA,Einsiedeln,SZ,66,17768,80,203,-1.58119530029429
Clethrionomys glareolus (Campagnol roussâtre),1,695520,222198,916,2014,Lebendfalle : PVIV,Milieux humides (Hauts marais),Structures linéaires arborées dans les paysages agricoles,NA,Einsiedeln,SZ,66,17768,80,203,-1.58119530029429
Clethrionomys glareolus (Campagnol roussâtre),1,695520,222198,916,2014,Lebendfalle : PVIV,Milieux humides (Hauts marais),Structures linéaires arborées dans les paysages agricoles,NA,Einsiedeln,SZ,66,17768,80,203,-1.58119530029429
Clethrionomys glareolus (Campagnol roussâtre),1,695520,222198,916,2014,Lebendfalle : PVIV,Milieux humides (Hauts marais),Structures linéaires arborées dans les paysages agricoles,NA,Einsiedeln,SZ,66,17768,80,203,-1.58119530029429
Clethrionomys glareolus (Campagnol roussâtre),1,695520,222198,916,2014,Lebendfalle : PVIV,Milieux humides (Hauts marais),Structures linéaires arborées dans les paysages agricoles,NA,Einsiedeln,SZ,66,17768,80,203,-1.58119530029429
Microtus agrestis (Campagnol agreste),1,695520,222198,916,2014,Lebendfalle : PVIV,Milieux humides (Hauts marais),Structures linéaires arborées dans les paysages agricoles,NA,Einsiedeln,SZ,66,17768,80,203,-1.58119530029429
Sorex araneus (Musaraigne carrelet),1,695520,222198,916,2014,Lebendfalle : PVIV,Milieux humides (Hauts marais),Structures linéaires arborées dans les paysages agricoles,NA,Einsiedeln,SZ,66,17768,80,203,-1.58119530029429
Sorex araneus (Musaraigne carrelet),1,695578,222200,915,2014,Lebendfalle : PVIV,Milieux humides (Hauts marais),Structures linéaires arborées dans les paysages agricoles,NA,Einsiedeln,SZ,66,17775,80,203,-1.58224379970669
Sorex araneus (Musaraigne carrelet),1,695578,222200,915,2014,Lebendfalle : PVIV,Milieux humides (Hauts marais),Structures linéaires arborées dans les paysages agricoles,NA,Einsiedeln,SZ,66,17775,80,203,-1.58224379970669
Sorex araneus (Musaraigne carrelet),1,695578,222200,915,2014,Lebendfalle : PVIV,Milieux humides (Hauts marais),Structures linéaires arborées dans les paysages agricoles,NA,Einsiedeln,SZ,66,17775,80,203,-1.58224379970669
Sorex araneus (Musaraigne carrelet),1,695578,222200,915,2014,Lebendfalle : PVIV,Milieux humides (Hauts marais),Structures linéaires arborées dans les paysages agricoles,NA,Einsiedeln,SZ,66,17775,80,203,-1.58224379970669
Sorex araneus (Musaraigne carrelet),1,695578,222200,915,2014,Lebendfalle : PVIV,Milieux humides (Hauts marais),Structures linéaires arborées dans les paysages agricoles,NA,Einsiedeln,SZ,66,17775,80,203,-1.58224379970669
Apodemus sylvaticus (Mulot sylvestre),1,695740,211890,1220,2014,Pièges à capturer vivant : PVIV,Prairies,Ruisseau (sans végétation),Lisières forestières (conifères),Alpthal,SZ,57,21263,77,188,-1.00677770722309
Microtus agrestis (Campagnol agreste),1,695740,211890,1220,2014,Pièges à capturer vivant : PVIV,Prairies,Ruisseau (sans végétation),Lisières forestières (conifères),Alpthal,SZ,57,21263,77,188,-1.00677770722309
Microtus agrestis (Campagnol agreste),1,695740,211890,1220,2014,Pièges à capturer vivant : PVIV,Prairies,Ruisseau (sans végétation),Lisières forestières (conifères),Alpthal,SZ,57,21263,77,188,-1.00677770722309
Microtus agrestis (Campagnol agreste),1,695740,211890,1220,2014,Pièges à capturer vivant : PVIV,Prairies,Ruisseau (sans végétation),Lisières forestières (conifères),Alpthal,SZ,57,21263,77,188,-1.00677770722309
Microtus agrestis (Campagnol agreste),1,695740,211890,1220,2014,Pièges à capturer vivant : PVIV,Prairies,Ruisseau (sans végétation),Lisières forestières (conifères),Alpthal,SZ,57,21263,77,188,-1.00677770722309
Microtus agrestis (Campagnol agreste),1,695740,211890,1220,2014,Pièges à capturer vivant : PVIV,Prairies,Ruisseau (sans végétation),Lisières forestières (conifères),Alpthal,SZ,57,21263,77,188,-1.00677770722309
Neomys fodiens (Musaraigne aquatique),1,695740,211890,1220,2014,Pièges à capturer vivant : PVIV,Prairies,Ruisseau (sans végétation),Lisières forestières (conifères),Alpthal,SZ,57,21263,77,188,-1.00677770722309
Neomys fodiens (Musaraigne aquatique),1,695740,211890,1220,2014,Pièges à capturer vivant : PVIV,Prairies,Ruisseau (sans végétation),Lisières forestières (conifères),Alpthal,SZ,57,21263,77,188,-1.00677770722309
Sorex araneus (Musaraigne carrelet),1,695775,210340,1160,2014,Pièges à capturer vivant : PVIV,Prairies,Milieux rocheux naturels,NA,Alpthal,SZ,61,21327,78,194,-1.2495401650544
Clethrionomys glareolus (Campagnol roussâtre),1,696160,210780,1110,2014,Pièges à capturer vivant : PVIV,Milieux humides (prairies humides),Ruisseau (avec végétation),NA,Alpthal,SZ,59,21237,78,192,-1.22646095269778
Microtus agrestis (Campagnol agreste),1,696160,210780,1110,2014,Pièges à capturer vivant : PVIV,Milieux humides (prairies humides),Ruisseau (avec végétation),NA,Alpthal,SZ,59,21237,78,192,-1.22646095269778
Clethrionomys glareolus (Campagnol roussâtre),1,696900,216350,1070,2014,Pièges à capturer vivant : PVIV,Milieux humides (Hauts marais),Ruisseau (sans végétation),Lisières forestières (conifères),Einsiedeln,SZ,61,20074,79,195,-1.3025942976406
Clethrionomys glareolus (Campagnol roussâtre),1,696900,216350,1070,2014,Pièges à capturer vivant : PVIV,Milieux humides (Hauts marais),Ruisseau (sans végétation),Lisières forestières (conifères),Einsiedeln,SZ,61,20074,79,195,-1.3025942976406
Microtus agrestis (Campagnol agreste),1,696900,216350,1070,2014,Pièges à capturer vivant : PVIV,Milieux humides (Hauts marais),Ruisseau (sans végétation),Lisières forestières (conifères),Einsiedeln,SZ,61,20074,79,195,-1.3025942976406
Microtus agrestis (Campagnol agreste),1,696900,216350,1070,2014,Pièges à capturer vivant : PVIV,Milieux humides (Hauts marais),Ruisseau (sans végétation),Lisières forestières (conifères),Einsiedeln,SZ,61,20074,79,195,-1.3025942976406
Microtus agrestis (Campagnol agreste),1,696900,216350,1070,2014,Pièges à capturer vivant : PVIV,Milieux humides (Hauts marais),Ruisseau (sans végétation),Lisières forestières (conifères),Einsiedeln,SZ,61,20074,79,195,-1.3025942976406
Microtus agrestis (Campagnol agreste),1,696900,216350,1070,2014,Pièges à capturer vivant : PVIV,Milieux humides (Hauts marais),Ruisseau (sans végétation),Lisières forestières (conifères),Einsiedeln,SZ,61,20074,79,195,-1.3025942976406
Neomys fodiens (Musaraigne aquatique),1,696900,216350,1070,2014,Pièges à capturer vivant : PVIV,Milieux humides (Hauts marais),Ruisseau (sans végétation),Lisières forestières (conifères),Einsiedeln,SZ,61,20074,79,195,-1.3025942976406
Neomys fodiens (Musaraigne aquatique),1,696900,216350,1070,2014,Pièges à capturer vivant : PVIV,Milieux humides (Hauts marais),Ruisseau (sans végétation),Lisières forestières (conifères),Einsiedeln,SZ,61,20074,79,195,-1.3025942976406
Sorex araneus (Musaraigne carrelet),1,696900,216350,1070,2014,Pièges à capturer vivant : PVIV,Milieux humides (Hauts marais),Ruisseau (sans végétation),Lisières forestières (conifères),Einsiedeln,SZ,61,20074,79,195,-1.3025942976406
Microtus agrestis (Campagnol agreste),1,696915,216660,1015,2014,Pièges à capturer vivant : PVIV,Milieux humides (Hauts marais),Ruisseau (sans végétation),Lisières forestières (conifères),Einsiedeln,SZ,61,19959,79,196,-1.37494316884656
Neomys fodiens (Musaraigne aquatique),1,696915,216660,1015,2014,Pièges à capturer vivant : PVIV,Milieux humides (Hauts marais),Ruisseau (sans végétation),Lisières forestières (conifères),Einsiedeln,SZ,61,19959,79,196,-1.37494316884656
Apodemus alpicola (Mulot alpestre),1,697050,211030,1220,2014,Pièges à capturer vivant : PVIV,Milieux humides (Bas marais),Torrent (avec végétation),NA,Alpthal,SZ,53,21407,76,183,-0.870426914204864
Clethrionomys glareolus (Campagnol roussâtre),1,697780,215240,990,2014,Pièges à capturer vivant : PVIV,Milieux humides (Bas marais),NA,NA,Einsiedeln,SZ,59,20351,78,193,-1.32344676640985
Clethrionomys glareolus (Campagnol roussâtre),1,697780,215240,990,2014,Pièges à capturer vivant : PVIV,Milieux humides (Bas marais),NA,NA,Einsiedeln,SZ,59,20351,78,193,-1.32344676640985
Clethrionomys glareolus (Campagnol roussâtre),1,697780,215240,990,2014,Pièges à capturer vivant : PVIV,Milieux humides (Bas marais),NA,NA,Einsiedeln,SZ,59,20351,78,193,-1.32344676640985
Microtus agrestis (Campagnol agreste),1,697780,215240,990,2014,Pièges à capturer vivant : PVIV,Milieux humides (Bas marais),NA,NA,Einsiedeln,SZ,59,20351,78,193,-1.32344676640985
Microtus agrestis (Campagnol agreste),1,697780,215240,990,2014,Pièges à capturer vivant : PVIV,Milieux humides (Bas marais),NA,NA,Einsiedeln,SZ,59,20351,78,193,-1.32344676640985
Microtus agrestis (Campagnol agreste),1,697780,215240,990,2014,Pièges à capturer vivant : PVIV,Milieux humides (Bas marais),NA,NA,Einsiedeln,SZ,59,20351,78,193,-1.32344676640985
Apodemus flavicollis (Mulot à collier),1,697850,215310,1000,2014,Pièges à capturer vivant : PVIV,Milieux humides (Bas marais),Ruisseau (sans végétation),NA,Einsiedeln,SZ,59,20341,79,193,-1.30772198861113
Apodemus alpicola (Mulot alpestre),1,697940,216090,1000,2014,Pièges à capturer vivant : PVIV,Prairies,Ruisseau (sans végétation),NA,Einsiedeln,SZ,61,19882,79,195,-1.37658360083238
Apodemus sylvaticus (Mulot sylvestre),1,697940,216090,1000,2014,Pièges à capturer vivant : PVIV,Prairies,Ruisseau (sans végétation),NA,Einsiedeln,SZ,61,19882,79,195,-1.37658360083238
Apodemus sylvaticus (Mulot sylvestre),1,697940,216090,1000,2014,Pièges à capturer vivant : PVIV,Prairies,Ruisseau (sans végétation),NA,Einsiedeln,SZ,61,19882,79,195,-1.37658360083238
Microtus agrestis (Campagnol agreste),1,697940,216090,1000,2014,Pièges à capturer vivant : PVIV,Prairies,Ruisseau (sans végétation),NA,Einsiedeln,SZ,61,19882,79,195,-1.37658360083238
Microtus agrestis (Campagnol agreste),1,697940,216090,1000,2014,Pièges à capturer vivant : PVIV,Prairies,Ruisseau (sans végétation),NA,Einsiedeln,SZ,61,19882,79,195,-1.37658360083238
Apodemus flavicollis (Mulot à collier),1,698570,223930,864,2014,Lebendfalle : PVIV,Milieux humides (Bas marais),Lisières forestières (conifères),NA,Altberg,SZ,70,17206,81,209,-1.77451369627447
Apodemus flavicollis (Mulot à collier),1,698570,223930,864,2014,Lebendfalle : PVIV,Milieux humides (Bas marais),Lisières forestières (conifères),NA,Altberg,SZ,70,17206,81,209,-1.77451369627447
Apodemus flavicollis (Mulot à collier),1,698570,223930,864,2014,Lebendfalle : PVIV,Milieux humides (Bas marais),Lisières forestières (conifères),NA,Altberg,SZ,70,17206,81,209,-1.77451369627447
Apodemus flavicollis (Mulot à collier),1,698570,223930,864,2014,Lebendfalle : PVIV,Milieux humides (Bas marais),Lisières forestières (conifères),NA,Altberg,SZ,70,17206,81,209,-1.77451369627447
Apodemus flavicollis (Mulot à collier),1,698570,223930,864,2014,Lebendfalle : PVIV,Milieux humides (Bas marais),Lisières forestières (conifères),NA,Altberg,SZ,70,17206,81,209,-1.77451369627447
Apodemus flavicollis (Mulot à collier),1,698570,223930,864,2014,Lebendfalle : PVIV,Milieux humides (Bas marais),Lisières forestières (conifères),NA,Altberg,SZ,70,17206,81,209,-1.77451369627447
Clethrionomys glareolus (Campagnol roussâtre),1,698570,223930,864,2014,Lebendfalle : PVIV,Milieux humides (Bas marais),Lisières forestières (conifères),NA,Altberg,SZ,70,17206,81,209,-1.77451369627447
Clethrionomys glareolus (Campagnol roussâtre),1,698570,223930,864,2014,Lebendfalle : PVIV,Milieux humides (Bas marais),Lisières forestières (conifères),NA,Altberg,SZ,70,17206,81,209,-1.77451369627447
Microtus agrestis (Campagnol agreste),1,698570,223930,864,2014,Lebendfalle : PVIV,Milieux humides (Bas marais),Lisières forestières (conifères),NA,Altberg,SZ,70,17206,81,209,-1.77451369627447
Microtus agrestis (Campagnol agreste),1,698570,223930,864,2014,Lebendfalle : PVIV,Milieux humides (Bas marais),Lisières forestières (conifères),NA,Altberg,SZ,70,17206,81,209,-1.77451369627447
Microtus agrestis (Campagnol agreste),1,698570,223930,864,2014,Lebendfalle : PVIV,Milieux humides (Bas marais),Lisières forestières (conifères),NA,Altberg,SZ,70,17206,81,209,-1.77451369627447
Microtus agrestis (Campagnol agreste),1,698570,223930,864,2014,Lebendfalle : PVIV,Milieux humides (Bas marais),Lisières forestières (conifères),NA,Altberg,SZ,70,17206,81,209,-1.77451369627447
Clethrionomys glareolus (Campagnol roussâtre),1,698666,222466,912,2014,Lebendfalle : PVIV,Milieux humides (Bas marais),Lisières forestières (mixtes),NA,Schnabelsberg,SZ,68,17492,81,205,-1.64639648760038
Microtus agrestis (Campagnol agreste),1,698666,222466,912,2014,Lebendfalle : PVIV,Milieux humides (Bas marais),Lisières forestières (mixtes),NA,Schnabelsberg,SZ,68,17492,81,205,-1.64639648760038
Microtus agrestis (Campagnol agreste),1,698666,222466,912,2014,Lebendfalle : PVIV,Milieux humides (Bas marais),Lisières forestières (mixtes),NA,Schnabelsberg,SZ,68,17492,81,205,-1.64639648760038
Microtus agrestis (Campagnol agreste),1,698666,222466,912,2014,Lebendfalle : PVIV,Milieux humides (Bas marais),Lisières forestières (mixtes),NA,Schnabelsberg,SZ,68,17492,81,205,-1.64639648760038
Clethrionomys glareolus (Campagnol roussâtre),1,698755,222440,916,2014,Lebendfalle : PVIV,Milieux humides (Bas marais),Structures linéaires arborées dans les paysages agricoles,NA,Schnabelsberg,SZ,67,17513,81,205,-1.62293627415823
Clethrionomys glareolus (Campagnol roussâtre),1,698755,222440,916,2014,Lebendfalle : PVIV,Milieux humides (Bas marais),Structures linéaires arborées dans les paysages agricoles,NA,Schnabelsberg,SZ,67,17513,81,205,-1.62293627415823
Clethrionomys glareolus (Campagnol roussâtre),1,698755,222440,916,2014,Lebendfalle : PVIV,Milieux humides (Bas marais),Structures linéaires arborées dans les paysages agricoles,NA,Schnabelsberg,SZ,67,17513,81,205,-1.62293627415823
Clethrionomys glareolus (Campagnol roussâtre),1,698755,222440,916,2014,Lebendfalle : PVIV,Milieux humides (Bas marais),Structures linéaires arborées dans les paysages agricoles,NA,Schnabelsberg,SZ,67,17513,81,205,-1.62293627415823
Clethrionomys glareolus (Campagnol roussâtre),1,698809,223862,868,2014,Lebendfalle : PVIV,Milieux humides (Bas marais),Ruisseau (sans végétation),NA,Altberg,SZ,70,17277,81,208,-1.75800202841167
Microtus agrestis (Campagnol agreste),1,698809,223862,868,2014,Lebendfalle : PVIV,Milieux humides (Bas marais),Ruisseau (sans végétation),NA,Altberg,SZ,70,17277,81,208,-1.75800202841167
Microtus agrestis (Campagnol agreste),1,698809,223862,868,2014,Lebendfalle : PVIV,Milieux humides (Bas marais),Ruisseau (sans végétation),NA,Altberg,SZ,70,17277,81,208,-1.75800202841167
Microtus agrestis (Campagnol agreste),1,698809,223862,868,2014,Lebendfalle : PVIV,Milieux humides (Bas marais),Ruisseau (sans végétation),NA,Altberg,SZ,70,17277,81,208,-1.75800202841167
Microtus agrestis (Campagnol agreste),1,698809,223862,868,2014,Lebendfalle : PVIV,Milieux humides (Bas marais),Ruisseau (sans végétation),NA,Altberg,SZ,70,17277,81,208,-1.75800202841167
Microtus agrestis (Campagnol agreste),1,698809,223862,868,2014,Lebendfalle : PVIV,Milieux humides (Bas marais),Ruisseau (sans végétation),NA,Altberg,SZ,70,17277,81,208,-1.75800202841167
Microtus agrestis (Campagnol agreste),1,698809,223862,868,2014,Lebendfalle : PVIV,Milieux humides (Bas marais),Ruisseau (sans végétation),NA,Altberg,SZ,70,17277,81,208,-1.75800202841167
Microtus agrestis (Campagnol agreste),1,698809,223862,868,2014,Lebendfalle : PVIV,Milieux humides (Bas marais),Ruisseau (sans végétation),NA,Altberg,SZ,70,17277,81,208,-1.75800202841167
Microtus agrestis (Campagnol agreste),1,698809,223862,868,2014,Lebendfalle : PVIV,Milieux humides (Bas marais),Ruisseau (sans végétation),NA,Altberg,SZ,70,17277,81,208,-1.75800202841167
Microtus agrestis (Campagnol agreste),1,698877,208243,1350,2014,Pièges à capturer vivant : PVIV,Milieux humides (Bas marais),NA,Ruisseau (sans végétation),Oberiberg,SZ,52,21941,75,181,-0.704878936497469
Microtus agrestis (Campagnol agreste),1,698877,208243,1350,2014,Pièges à capturer vivant : PVIV,Milieux humides (Bas marais),NA,Ruisseau (sans végétation),Oberiberg,SZ,52,21941,75,181,-0.704878936497469
Microtus agrestis (Campagnol agreste),1,698877,208243,1350,2014,Pièges à capturer vivant : PVIV,Milieux humides (Bas marais),NA,Ruisseau (sans végétation),Oberiberg,SZ,52,21941,75,181,-0.704878936497469
Microtus arvalis (Campagnol des champs),1,698877,208243,1350,2014,Pièges à capturer vivant : PVIV,Milieux humides (Bas marais),NA,Ruisseau (sans végétation),Oberiberg,SZ,52,21941,75,181,-0.704878936497469
Microtus arvalis (Campagnol des champs),1,698877,208243,1350,2014,Pièges à capturer vivant : PVIV,Milieux humides (Bas marais),NA,Ruisseau (sans végétation),Oberiberg,SZ,52,21941,75,181,-0.704878936497469
Microtus arvalis (Campagnol des champs),1,698877,208243,1350,2014,Pièges à capturer vivant : PVIV,Milieux humides (Bas marais),NA,Ruisseau (sans végétation),Oberiberg,SZ,52,21941,75,181,-0.704878936497469
Sorex araneus (Musaraigne carrelet),1,698877,208243,1350,2014,Pièges à capturer vivant : PVIV,Milieux humides (Bas marais),NA,Ruisseau (sans végétation),Oberiberg,SZ,52,21941,75,181,-0.704878936497469
Apodemus flavicollis (Mulot à collier),1,698906,223829,872,2014,Lebendfalle : PVIV,Milieux humides (Bas marais),NA,Ruisseau (sans végétation),Altberg,SZ,70,17306,81,208,-1.757397873738
Sorex araneus (Musaraigne carrelet),1,698906,223829,872,2014,Lebendfalle : PVIV,Milieux humides (Bas marais),NA,Ruisseau (sans végétation),Altberg,SZ,70,17306,81,208,-1.757397873738
Microtus agrestis (Campagnol agreste),1,698913,208231,1350,2014,Pièges à capturer vivant : PVIV,Milieux humides (Bas marais),Ruisseau (sans végétation),NA,Oberiberg,SZ,52,21955,75,181,-0.701817463222808
Microtus agrestis (Campagnol agreste),1,698913,208231,1350,2014,Pièges à capturer vivant : PVIV,Milieux humides (Bas marais),Ruisseau (sans végétation),NA,Oberiberg,SZ,52,21955,75,181,-0.701817463222808
Microtus agrestis (Campagnol agreste),1,698913,208231,1350,2014,Pièges à capturer vivant : PVIV,Milieux humides (Bas marais),Ruisseau (sans végétation),NA,Oberiberg,SZ,52,21955,75,181,-0.701817463222808
Microtus agrestis (Campagnol agreste),1,698913,208231,1350,2014,Pièges à capturer vivant : PVIV,Milieux humides (Bas marais),Ruisseau (sans végétation),NA,Oberiberg,SZ,52,21955,75,181,-0.701817463222808
Sorex araneus (Musaraigne carrelet),1,698913,208231,1350,2014,Pièges à capturer vivant : PVIV,Milieux humides (Bas marais),Ruisseau (sans végétation),NA,Oberiberg,SZ,52,21955,75,181,-0.701817463222808
Sorex araneus (Musaraigne carrelet),1,698913,208231,1350,2014,Pièges à capturer vivant : PVIV,Milieux humides (Bas marais),Ruisseau (sans végétation),NA,Oberiberg,SZ,52,21955,75,181,-0.701817463222808
Sorex araneus (Musaraigne carrelet),1,698913,208231,1350,2014,Pièges à capturer vivant : PVIV,Milieux humides (Bas marais),Ruisseau (sans végétation),NA,Oberiberg,SZ,52,21955,75,181,-0.701817463222808
Apodemus flavicollis (Mulot à collier),1,698979,208282,1340,2014,Pièges à capturer vivant : PVIV,Prairies,Ruisseau (avec végétation),Lisières forestières (conifères),Oberiberg,SZ,52,21945,75,181,-0.708320455213279
Clethrionomys glareolus (Campagnol roussâtre),1,698979,208282,1340,2014,Pièges à capturer vivant : PVIV,Prairies,Ruisseau (avec végétation),Lisières forestières (conifères),Oberiberg,SZ,52,21945,75,181,-0.708320455213279
Clethrionomys glareolus (Campagnol roussâtre),1,698979,208282,1340,2014,Pièges à capturer vivant : PVIV,Prairies,Ruisseau (avec végétation),Lisières forestières (conifères),Oberiberg,SZ,52,21945,75,181,-0.708320455213279
Clethrionomys glareolus (Campagnol roussâtre),1,698979,208282,1340,2014,Pièges à capturer vivant : PVIV,Prairies,Ruisseau (avec végétation),Lisières forestières (conifères),Oberiberg,SZ,52,21945,75,181,-0.708320455213279
Microtus agrestis (Campagnol agreste),1,698979,208282,1340,2014,Pièges à capturer vivant : PVIV,Prairies,Ruisseau (avec végétation),Lisières forestières (conifères),Oberiberg,SZ,52,21945,75,181,-0.708320455213279
Microtus agrestis (Campagnol agreste),1,698979,208282,1340,2014,Pièges à capturer vivant : PVIV,Prairies,Ruisseau (avec végétation),Lisières forestières (conifères),Oberiberg,SZ,52,21945,75,181,-0.708320455213279
Microtus agrestis (Campagnol agreste),1,698979,208282,1340,2014,Pièges à capturer vivant : PVIV,Prairies,Ruisseau (avec végétation),Lisières forestières (conifères),Oberiberg,SZ,52,21945,75,181,-0.708320455213279
Neomys fodiens (Musaraigne aquatique),1,698979,208282,1340,2014,Pièges à capturer vivant : PVIV,Prairies,Ruisseau (avec végétation),Lisières forestières (conifères),Oberiberg,SZ,52,21945,75,181,-0.708320455213279
Neomys fodiens (Musaraigne aquatique),1,698979,208282,1340,2014,Pièges à capturer vivant : PVIV,Prairies,Ruisseau (avec végétation),Lisières forestières (conifères),Oberiberg,SZ,52,21945,75,181,-0.708320455213279
Sorex araneus (Musaraigne carrelet),1,698979,208282,1340,2014,Pièges à capturer vivant : PVIV,Prairies,Ruisseau (avec végétation),Lisières forestières (conifères),Oberiberg,SZ,52,21945,75,181,-0.708320455213279
Clethrionomys glareolus (Campagnol roussâtre),1,698985,222569,925,2014,Lebendfalle : PVIV,Prairies,Structures linéaires arborées dans les paysages agricoles,NA,Schnabelsberg,SZ,67,17497,81,205,-1.6140127324877
Clethrionomys glareolus (Campagnol roussâtre),1,698985,222569,925,2014,Lebendfalle : PVIV,Prairies,Structures linéaires arborées dans les paysages agricoles,NA,Schnabelsberg,SZ,67,17497,81,205,-1.6140127324877
Clethrionomys glareolus (Campagnol roussâtre),1,698985,222569,925,2014,Lebendfalle : PVIV,Prairies,Structures linéaires arborées dans les paysages agricoles,NA,Schnabelsberg,SZ,67,17497,81,205,-1.6140127324877
Clethrionomys glareolus (Campagnol roussâtre),1,698985,222569,925,2014,Lebendfalle : PVIV,Prairies,Structures linéaires arborées dans les paysages agricoles,NA,Schnabelsberg,SZ,67,17497,81,205,-1.6140127324877
Clethrionomys glareolus (Campagnol roussâtre),1,698985,222569,925,2014,Lebendfalle : PVIV,Prairies,Structures linéaires arborées dans les paysages agricoles,NA,Schnabelsberg,SZ,67,17497,81,205,-1.6140127324877
Clethrionomys glareolus (Campagnol roussâtre),1,698985,222569,925,2014,Lebendfalle : PVIV,Prairies,Structures linéaires arborées dans les paysages agricoles,NA,Schnabelsberg,SZ,67,17497,81,205,-1.6140127324877
Clethrionomys glareolus (Campagnol roussâtre),1,698985,222569,925,2014,Lebendfalle : PVIV,Prairies,Structures linéaires arborées dans les paysages agricoles,NA,Schnabelsberg,SZ,67,17497,81,205,-1.6140127324877
Clethrionomys glareolus (Campagnol roussâtre),1,698985,222569,925,2014,Lebendfalle : PVIV,Prairies,Structures linéaires arborées dans les paysages agricoles,NA,Schnabelsberg,SZ,67,17497,81,205,-1.6140127324877
Clethrionomys glareolus (Campagnol roussâtre),1,698985,222569,925,2014,Lebendfalle : PVIV,Prairies,Structures linéaires arborées dans les paysages agricoles,NA,Schnabelsberg,SZ,67,17497,81,205,-1.6140127324877
Apodemus flavicollis (Mulot à collier),1,699028,223994,873,2014,Lebendfalle : PVIV,Milieux humides (Hauts marais),Ruisseau (sans végétation),NA,Altberg,SZ,70,17318,81,208,-1.75614230834905
Microtus agrestis (Campagnol agreste),1,699028,223994,873,2014,Lebendfalle : PVIV,Milieux humides (Hauts marais),Ruisseau (sans végétation),NA,Altberg,SZ,70,17318,81,208,-1.75614230834905
Microtus agrestis (Campagnol agreste),1,699216,223793,876,2014,Lebendfalle : PVIV,Milieux humides (Bas marais),Ruisseau (sans végétation),NA,Altberg,SZ,69,17371,81,208,-1.73452751837695
Microtus agrestis (Campagnol agreste),1,699216,223793,876,2014,Lebendfalle : PVIV,Milieux humides (Bas marais),Ruisseau (sans végétation),NA,Altberg,SZ,69,17371,81,208,-1.73452751837695
Microtus agrestis (Campagnol agreste),1,699216,223793,876,2014,Lebendfalle : PVIV,Milieux humides (Bas marais),Ruisseau (sans végétation),NA,Altberg,SZ,69,17371,81,208,-1.73452751837695
Microtus agrestis (Campagnol agreste),1,699216,223793,876,2014,Lebendfalle : PVIV,Milieux humides (Bas marais),Ruisseau (sans végétation),NA,Altberg,SZ,69,17371,81,208,-1.73452751837695
Microtus agrestis (Campagnol agreste),1,699296,223672,886,2014,Lebendfalle : PVIV,Milieux humides (prairies humides),Ruisseau (sans végétation),NA,Altberg,SZ,69,17407,81,207,-1.71245760730855
Microtus agrestis (Campagnol agreste),1,699296,223672,886,2014,Lebendfalle : PVIV,Milieux humides (prairies humides),Ruisseau (sans végétation),NA,Altberg,SZ,69,17407,81,207,-1.71245760730855
Microtus agrestis (Campagnol agreste),1,699296,223672,886,2014,Lebendfalle : PVIV,Milieux humides (prairies humides),Ruisseau (sans végétation),NA,Altberg,SZ,69,17407,81,207,-1.71245760730855
Microtus agrestis (Campagnol agreste),1,699296,223672,886,2014,Lebendfalle : PVIV,Milieux humides (prairies humides),Ruisseau (sans végétation),NA,Altberg,SZ,69,17407,81,207,-1.71245760730855
Microtus agrestis (Campagnol agreste),1,699296,223672,886,2014,Lebendfalle : PVIV,Milieux humides (prairies humides),Ruisseau (sans végétation),NA,Altberg,SZ,69,17407,81,207,-1.71245760730855
Microtus agrestis (Campagnol agreste),1,699296,223672,886,2014,Lebendfalle : PVIV,Milieux humides (prairies humides),Ruisseau (sans végétation),NA,Altberg,SZ,69,17407,81,207,-1.71245760730855
Neomys fodiens (Musaraigne aquatique),1,699296,223672,886,2014,Lebendfalle : PVIV,Milieux humides (prairies humides),Ruisseau (sans végétation),NA,Altberg,SZ,69,17407,81,207,-1.71245760730855
Apodemus flavicollis (Mulot à collier),1,699442,224136,874,2014,Lebendfalle : PVIV,Milieux humides (Bas marais),Ruisseau (avec végétation),NA,Altberg,SZ,70,17403,81,208,-1.75487244636753
Apodemus flavicollis (Mulot à collier),1,699442,224136,874,2014,Lebendfalle : PVIV,Milieux humides (Bas marais),Ruisseau (avec végétation),NA,Altberg,SZ,70,17403,81,208,-1.75487244636753
Clethrionomys glareolus (Campagnol roussâtre),1,699442,224136,874,2014,Lebendfalle : PVIV,Milieux humides (Bas marais),Ruisseau (avec végétation),NA,Altberg,SZ,70,17403,81,208,-1.75487244636753
Microtus agrestis (Campagnol agreste),1,699442,224136,874,2014,Lebendfalle : PVIV,Milieux humides (Bas marais),Ruisseau (avec végétation),NA,Altberg,SZ,70,17403,81,208,-1.75487244636753
Microtus agrestis (Campagnol agreste),1,699442,224136,874,2014,Lebendfalle : PVIV,Milieux humides (Bas marais),Ruisseau (avec végétation),NA,Altberg,SZ,70,17403,81,208,-1.75487244636753
Microtus agrestis (Campagnol agreste),1,699442,224136,874,2014,Lebendfalle : PVIV,Milieux humides (Bas marais),Ruisseau (avec végétation),NA,Altberg,SZ,70,17403,81,208,-1.75487244636753
Microtus agrestis (Campagnol agreste),1,699442,224136,874,2014,Lebendfalle : PVIV,Milieux humides (Bas marais),Ruisseau (avec végétation),NA,Altberg,SZ,70,17403,81,208,-1.75487244636753
Microtus agrestis (Campagnol agreste),1,699442,224136,874,2014,Lebendfalle : PVIV,Milieux humides (Bas marais),Ruisseau (avec végétation),NA,Altberg,SZ,70,17403,81,208,-1.75487244636753
Microtus agrestis (Campagnol agreste),1,699442,224136,874,2014,Lebendfalle : PVIV,Milieux humides (Bas marais),Ruisseau (avec végétation),NA,Altberg,SZ,70,17403,81,208,-1.75487244636753
Microtus agrestis (Campagnol agreste),1,699442,224136,874,2014,Lebendfalle : PVIV,Milieux humides (Bas marais),Ruisseau (avec végétation),NA,Altberg,SZ,70,17403,81,208,-1.75487244636753
Microtus agrestis (Campagnol agreste),1,699442,224136,874,2014,Lebendfalle : PVIV,Milieux humides (Bas marais),Ruisseau (avec végétation),NA,Altberg,SZ,70,17403,81,208,-1.75487244636753
Microtus agrestis (Campagnol agreste),1,699461,208317,1310,2014,Pièges à capturer vivant : PVIV,Milieux humides (Bas marais),NA,Ruisseau (sans végétation),Oberiberg,SZ,52,21961,75,181,-0.746405023044215
Sorex araneus (Musaraigne carrelet),1,699461,208317,1310,2014,Pièges à capturer vivant : PVIV,Milieux humides (Bas marais),NA,Ruisseau (sans végétation),Oberiberg,SZ,52,21961,75,181,-0.746405023044215
Sorex araneus (Musaraigne carrelet),1,699461,208317,1310,2014,Pièges à capturer vivant : PVIV,Milieux humides (Bas marais),NA,Ruisseau (sans végétation),Oberiberg,SZ,52,21961,75,181,-0.746405023044215
Sorex araneus (Musaraigne carrelet),1,699461,208317,1310,2014,Pièges à capturer vivant : PVIV,Milieux humides (Bas marais),NA,Ruisseau (sans végétation),Oberiberg,SZ,52,21961,75,181,-0.746405023044215
Sorex araneus (Musaraigne carrelet),1,699461,208317,1310,2014,Pièges à capturer vivant : PVIV,Milieux humides (Bas marais),NA,Ruisseau (sans végétation),Oberiberg,SZ,52,21961,75,181,-0.746405023044215
Sorex araneus (Musaraigne carrelet),1,699461,208317,1310,2014,Pièges à capturer vivant : PVIV,Milieux humides (Bas marais),NA,Ruisseau (sans végétation),Oberiberg,SZ,52,21961,75,181,-0.746405023044215
Apodemus flavicollis (Mulot à collier),1,699789,208760,1230,2014,Pièges à capturer vivant : PVIV,Prairies,Ruisseau (avec végétation),Lisières forestières (conifères),Oberiberg,SZ,53,21959,76,184,-0.909088264980391
Apodemus sylvaticus (Mulot sylvestre),1,699789,208760,1230,2014,Pièges à capturer vivant : PVIV,Prairies,Ruisseau (avec végétation),Lisières forestières (conifères),Oberiberg,SZ,53,21959,76,184,-0.909088264980391
Apodemus sylvaticus (Mulot sylvestre),1,699789,208760,1230,2014,Pièges à capturer vivant : PVIV,Prairies,Ruisseau (avec végétation),Lisières forestières (conifères),Oberiberg,SZ,53,21959,76,184,-0.909088264980391
Clethrionomys glareolus (Campagnol roussâtre),1,699789,208760,1230,2014,Pièges à capturer vivant : PVIV,Prairies,Ruisseau (avec végétation),Lisières forestières (conifères),Oberiberg,SZ,53,21959,76,184,-0.909088264980391
Clethrionomys glareolus (Campagnol roussâtre),1,699789,208760,1230,2014,Pièges à capturer vivant : PVIV,Prairies,Ruisseau (avec végétation),Lisières forestières (conifères),Oberiberg,SZ,53,21959,76,184,-0.909088264980391
Microtus agrestis (Campagnol agreste),1,699789,208760,1230,2014,Pièges à capturer vivant : PVIV,Prairies,Ruisseau (avec végétation),Lisières forestières (conifères),Oberiberg,SZ,53,21959,76,184,-0.909088264980391
Clethrionomys glareolus (Campagnol roussâtre),1,699847,208701,1214,2014,Pièges à capturer vivant : PVIV,Milieux forestiers (conifères),Ruisseau (avec végétation),NA,Oberiberg,SZ,53,21985,75,183,-0.896589351841054
Clethrionomys glareolus (Campagnol roussâtre),1,699847,208701,1214,2014,Pièges à capturer vivant : PVIV,Milieux forestiers (conifères),Ruisseau (avec végétation),NA,Oberiberg,SZ,53,21985,75,183,-0.896589351841054
Clethrionomys glareolus (Campagnol roussâtre),1,699847,208701,1214,2014,Pièges à capturer vivant : PVIV,Milieux forestiers (conifères),Ruisseau (avec végétation),NA,Oberiberg,SZ,53,21985,75,183,-0.896589351841054
Clethrionomys glareolus (Campagnol roussâtre),1,699847,208701,1214,2014,Pièges à capturer vivant : PVIV,Milieux forestiers (conifères),Ruisseau (avec végétation),NA,Oberiberg,SZ,53,21985,75,183,-0.896589351841054
Clethrionomys glareolus (Campagnol roussâtre),1,699847,208701,1214,2014,Pièges à capturer vivant : PVIV,Milieux forestiers (conifères),Ruisseau (avec végétation),NA,Oberiberg,SZ,53,21985,75,183,-0.896589351841054
Clethrionomys glareolus (Campagnol roussâtre),1,699847,208701,1214,2014,Pièges à capturer vivant : PVIV,Milieux forestiers (conifères),Ruisseau (avec végétation),NA,Oberiberg,SZ,53,21985,75,183,-0.896589351841054
Clethrionomys glareolus (Campagnol roussâtre),1,699847,208701,1214,2014,Pièges à capturer vivant : PVIV,Milieux forestiers (conifères),Ruisseau (avec végétation),NA,Oberiberg,SZ,53,21985,75,183,-0.896589351841054
Clethrionomys glareolus (Campagnol roussâtre),1,699847,208701,1214,2014,Pièges à capturer vivant : PVIV,Milieux forestiers (conifères),Ruisseau (avec végétation),NA,Oberiberg,SZ,53,21985,75,183,-0.896589351841054
Clethrionomys glareolus (Campagnol roussâtre),1,699847,208701,1214,2014,Pièges à capturer vivant : PVIV,Milieux forestiers (conifères),Ruisseau (avec végétation),NA,Oberiberg,SZ,53,21985,75,183,-0.896589351841054
Clethrionomys glareolus (Campagnol roussâtre),1,699847,208701,1214,2014,Pièges à capturer vivant : PVIV,Milieux forestiers (conifères),Ruisseau (avec végétation),NA,Oberiberg,SZ,53,21985,75,183,-0.896589351841054
Clethrionomys glareolus (Campagnol roussâtre),1,699847,208701,1214,2014,Pièges à capturer vivant : PVIV,Milieux forestiers (conifères),Ruisseau (avec végétation),NA,Oberiberg,SZ,53,21985,75,183,-0.896589351841054
Clethrionomys glareolus (Campagnol roussâtre),1,699850,208770,1215,2014,Pièges à capturer vivant : PVIV,Milieux humides (prairies humides),Lisières forestières (conifères),Ruisseau (avec végétation),Oberiberg,SZ,53,21985,75,183,-0.894904858373529
Clethrionomys glareolus (Campagnol roussâtre),1,699850,208770,1215,2014,Pièges à capturer vivant : PVIV,Milieux humides (prairies humides),Lisières forestières (conifères),Ruisseau (avec végétation),Oberiberg,SZ,53,21985,75,183,-0.894904858373529
Clethrionomys glareolus (Campagnol roussâtre),1,699850,208770,1215,2014,Pièges à capturer vivant : PVIV,Milieux humides (prairies humides),Lisières forestières (conifères),Ruisseau (avec végétation),Oberiberg,SZ,53,21985,75,183,-0.894904858373529
Clethrionomys glareolus (Campagnol roussâtre),1,699850,208770,1215,2014,Pièges à capturer vivant : PVIV,Milieux humides (prairies humides),Lisières forestières (conifères),Ruisseau (avec végétation),Oberiberg,SZ,53,21985,75,183,-0.894904858373529
Clethrionomys glareolus (Campagnol roussâtre),1,699850,208770,1215,2014,Pièges à capturer vivant : PVIV,Milieux humides (prairies humides),Lisières forestières (conifères),Ruisseau (avec végétation),Oberiberg,SZ,53,21985,75,183,-0.894904858373529
Clethrionomys glareolus (Campagnol roussâtre),1,699850,208770,1215,2014,Pièges à capturer vivant : PVIV,Milieux humides (prairies humides),Lisières forestières (conifères),Ruisseau (avec végétation),Oberiberg,SZ,53,21985,75,183,-0.894904858373529
Clethrionomys glareolus (Campagnol roussâtre),1,699850,208770,1215,2014,Pièges à capturer vivant : PVIV,Milieux humides (prairies humides),Lisières forestières (conifères),Ruisseau (avec végétation),Oberiberg,SZ,53,21985,75,183,-0.894904858373529
Microtus agrestis (Campagnol agreste),1,699850,208770,1215,2014,Pièges à capturer vivant : PVIV,Milieux humides (prairies humides),Lisières forestières (conifères),Ruisseau (avec végétation),Oberiberg,SZ,53,21985,75,183,-0.894904858373529
Sorex araneus (Musaraigne carrelet),1,699850,208770,1215,2014,Pièges à capturer vivant : PVIV,Milieux humides (prairies humides),Lisières forestières (conifères),Ruisseau (avec végétation),Oberiberg,SZ,53,21985,75,183,-0.894904858373529
Sorex araneus (Musaraigne carrelet),1,699850,208770,1215,2014,Pièges à capturer vivant : PVIV,Milieux humides (prairies humides),Lisières forestières (conifères),Ruisseau (avec végétation),Oberiberg,SZ,53,21985,75,183,-0.894904858373529
Apodemus sylvaticus (Mulot sylvestre),1,699888,208742,1214,2014,Pièges à capturer vivant : PVIV,Milieux forestiers (conifères),Ruisseau (avec végétation),NA,Oberiberg,SZ,53,21987,75,183,-0.900573472596333
Clethrionomys glareolus (Campagnol roussâtre),1,699888,208742,1214,2014,Pièges à capturer vivant : PVIV,Milieux forestiers (conifères),Ruisseau (avec végétation),NA,Oberiberg,SZ,53,21987,75,183,-0.900573472596333
Microtus agrestis (Campagnol agreste),1,699888,208742,1214,2014,Pièges à capturer vivant : PVIV,Milieux forestiers (conifères),Ruisseau (avec végétation),NA,Oberiberg,SZ,53,21987,75,183,-0.900573472596333
Microtus agrestis (Campagnol agreste),1,699888,208742,1214,2014,Pièges à capturer vivant : PVIV,Milieux forestiers (conifères),Ruisseau (avec végétation),NA,Oberiberg,SZ,53,21987,75,183,-0.900573472596333
Microtus agrestis (Campagnol agreste),1,699888,208742,1214,2014,Pièges à capturer vivant : PVIV,Milieux forestiers (conifères),Ruisseau (avec végétation),NA,Oberiberg,SZ,53,21987,75,183,-0.900573472596333
Sorex araneus (Musaraigne carrelet),1,699888,208742,1214,2014,Pièges à capturer vivant : PVIV,Milieux forestiers (conifères),Ruisseau (avec végétation),NA,Oberiberg,SZ,53,21987,75,183,-0.900573472596333
Microtus agrestis (Campagnol agreste),1,700770,211463,1160,2014,Pièges à capturer vivant : PVIV,Milieux humides (Bas marais),NA,NA,Oberiberg,SZ,56,21436,76,188,-1.06084216926342
Sorex araneus (Musaraigne carrelet),1,700770,211463,1160,2014,Pièges à capturer vivant : PVIV,Milieux humides (Bas marais),NA,NA,Oberiberg,SZ,56,21436,76,188,-1.06084216926342
Apodemus flavicollis (Mulot à collier),1,704050,211780,890,2014,Pièges à capturer vivant : PVIV,Milieux forestiers (conifères),Lisières forestières (conifères),NA,Unteriberg,SZ,62,20568,79,197,-1.3801090524281
Microtus agrestis (Campagnol agreste),1,704050,211780,890,2014,Pièges à capturer vivant : PVIV,Milieux forestiers (conifères),Lisières forestières (conifères),NA,Unteriberg,SZ,62,20568,79,197,-1.3801090524281
Microtus agrestis (Campagnol agreste),1,704050,211780,890,2014,Pièges à capturer vivant : PVIV,Milieux forestiers (conifères),Lisières forestières (conifères),NA,Unteriberg,SZ,62,20568,79,197,-1.3801090524281
Microtus agrestis (Campagnol agreste),2,704065,212780,890,2014,Pièges à capturer vivant : PVIV,Prairies,Ruisseau (sans végétation),NA,Unteriberg,SZ,66,20165,81,203,-1.68586914662996
Neomys fodiens (Musaraigne aquatique),1,704065,212780,890,2014,Pièges à capturer vivant : PVIV,Prairies,Ruisseau (sans végétation),NA,Unteriberg,SZ,66,20165,81,203,-1.68586914662996
Sorex araneus (Musaraigne carrelet),1,704065,212780,890,2014,Pièges à capturer vivant : PVIV,Prairies,Ruisseau (sans végétation),NA,Unteriberg,SZ,66,20165,81,203,-1.68586914662996
Sorex araneus (Musaraigne carrelet),1,704065,212780,890,2014,Pièges à capturer vivant : PVIV,Prairies,Ruisseau (sans végétation),NA,Unteriberg,SZ,66,20165,81,203,-1.68586914662996
Sorex araneus (Musaraigne carrelet),1,704065,212780,890,2014,Pièges à capturer vivant : PVIV,Prairies,Ruisseau (sans végétation),NA,Unteriberg,SZ,66,20165,81,203,-1.68586914662996
Clethrionomys glareolus (Campagnol roussâtre),2,704100,211500,1000,2014,Pièges à capturer vivant : PVIV,Prairies,Ruisseau (sans végétation),NA,Unteriberg,SZ,64,20703,80,200,-1.53907080427484
Clethrionomys glareolus (Campagnol roussâtre),2,704100,211500,1000,2014,Pièges à capturer vivant : PVIV,Prairies,Ruisseau (sans végétation),NA,Unteriberg,SZ,64,20703,80,200,-1.53907080427484
Sorex araneus (Musaraigne carrelet),2,704100,211500,1000,2014,Pièges à capturer vivant : PVIV,Prairies,Ruisseau (sans végétation),NA,Unteriberg,SZ,64,20703,80,200,-1.53907080427484
Microtus agrestis (Campagnol agreste),11,704195,215515,900,2014,Pièges à capturer vivant : PVIV,Prairies,Ruisseau (sans végétation),NA,Einsiedeln,SZ,65,19232,80,202,-1.63281993088807
Sorex araneus (Musaraigne carrelet),2,704195,215515,900,2014,Pièges à capturer vivant : PVIV,Prairies,Ruisseau (sans végétation),NA,Einsiedeln,SZ,65,19232,80,202,-1.63281993088807
Apodemus flavicollis (Mulot à collier),2,704275,215235,900,2014,Pièges à capturer vivant : PVIV,Prairies,Structures linéaires arborées dans les paysages agricoles,NA,Einsiedeln,SZ,65,19323,80,202,-1.63423842389945
Apodemus flavicollis (Mulot à collier),3,704275,215235,900,2014,Pièges à capturer vivant : PVIV,Prairies,Structures linéaires arborées dans les paysages agricoles,NA,Einsiedeln,SZ,65,19323,80,202,-1.63423842389945
Apodemus sylvaticus (Mulot sylvestre),1,704275,215235,900,2014,Pièges à capturer vivant : PVIV,Prairies,Structures linéaires arborées dans les paysages agricoles,NA,Einsiedeln,SZ,65,19323,80,202,-1.63423842389945
Clethrionomys glareolus (Campagnol roussâtre),1,704275,215235,900,2014,Pièges à capturer vivant : PVIV,Prairies,Structures linéaires arborées dans les paysages agricoles,NA,Einsiedeln,SZ,65,19323,80,202,-1.63423842389945
Microtus agrestis (Campagnol agreste),2,704275,215235,900,2014,Pièges à capturer vivant : PVIV,Prairies,Structures linéaires arborées dans les paysages agricoles,NA,Einsiedeln,SZ,65,19323,80,202,-1.63423842389945
Microtus agrestis (Campagnol agreste),3,704275,215235,900,2014,Pièges à capturer vivant : PVIV,Prairies,Structures linéaires arborées dans les paysages agricoles,NA,Einsiedeln,SZ,65,19323,80,202,-1.63423842389945
Apodemus flavicollis (Mulot à collier),1,704280,215235,895,2014,Pièges à capturer vivant : PVIV,Prairies,Structures linéaires arborées dans les paysages agricoles,NA,Einsiedeln,SZ,65,19323,80,202,-1.63423842389945
Apodemus sylvaticus (Mulot sylvestre),2,704280,215235,895,2014,Pièges à capturer vivant : PVIV,Prairies,Structures linéaires arborées dans les paysages agricoles,NA,Einsiedeln,SZ,65,19323,80,202,-1.63423842389945
Clethrionomys glareolus (Campagnol roussâtre),1,704280,215235,895,2014,Pièges à capturer vivant : PVIV,Prairies,Structures linéaires arborées dans les paysages agricoles,NA,Einsiedeln,SZ,65,19323,80,202,-1.63423842389945
Microtus agrestis (Campagnol agreste),8,704280,215235,895,2014,Pièges à capturer vivant : PVIV,Prairies,Structures linéaires arborées dans les paysages agricoles,NA,Einsiedeln,SZ,65,19323,80,202,-1.63423842389945
Microtus agrestis (Campagnol agreste),6,704280,215235,895,2014,Pièges à capturer vivant : PVIV,Prairies,Structures linéaires arborées dans les paysages agricoles,NA,Einsiedeln,SZ,65,19323,80,202,-1.63423842389945
Apodemus sylvaticus (Mulot sylvestre),1,704365,211485,1100,2014,Pièges à capturer vivant : PVIV,Prairies,Ruisseau (avec végétation),NA,Unteriberg,SZ,61,20647,79,196,-1.33261039917912
Sorex araneus (Musaraigne carrelet),1,704365,211485,1100,2014,Pièges à capturer vivant : PVIV,Prairies,Ruisseau (avec végétation),NA,Unteriberg,SZ,61,20647,79,196,-1.33261039917912
Sorex araneus (Musaraigne carrelet),2,704365,211485,1100,2014,Pièges à capturer vivant : PVIV,Prairies,Ruisseau (avec végétation),NA,Unteriberg,SZ,61,20647,79,196,-1.33261039917912
Sorex araneus (Musaraigne carrelet),3,704365,211485,1100,2014,Pièges à capturer vivant : PVIV,Prairies,Ruisseau (avec végétation),NA,Unteriberg,SZ,61,20647,79,196,-1.33261039917912
Microtus agrestis (Campagnol agreste),4,704856,215330,900,2014,Pièges à capturer vivant : PVIV,Milieux humides (Bas marais),Structures linéaires arborées dans les paysages agricoles,NA,Einsiedeln,SZ,66,19376,80,202,-1.66530855669588
Microtus agrestis (Campagnol agreste),2,704856,215330,900,2014,Pièges à capturer vivant : PVIV,Milieux humides (Bas marais),Structures linéaires arborées dans les paysages agricoles,NA,Einsiedeln,SZ,66,19376,80,202,-1.66530855669588
Chionomys nivalis (Campagnol des neiges),NA,733163,153986,1665,2015,NA,Prairies,Lisières forestières (conifères),NA,NA,NA,11,15544,88,151,1.11132743239687
Chionomys nivalis (Campagnol des neiges),NA,733163,153986,1665,2015,NA,Prairies,Lisières forestières (conifères),NA,NA,NA,11,15544,88,151,1.11132743239687
Clethrionomys glareolus (Campagnol roussâtre),NA,733163,153986,1665,2015,NA,Prairies,Lisières forestières (conifères),NA,NA,NA,11,15544,88,151,1.11132743239687
Clethrionomys glareolus (Campagnol roussâtre),NA,733216,153969,1644,2015,NA,Prairies,Lisières forestières (conifères),Milieux rocheux naturels,NA,NA,11,15544,88,152,1.07723299079894
Clethrionomys glareolus (Campagnol roussâtre),NA,733216,153969,1644,2015,NA,Prairies,Lisières forestières (conifères),Milieux rocheux naturels,NA,NA,11,15544,88,152,1.07723299079894
Clethrionomys glareolus (Campagnol roussâtre),NA,733216,153969,1644,2015,NA,Prairies,Lisières forestières (conifères),Milieux rocheux naturels,NA,NA,11,15544,88,152,1.07723299079894
Clethrionomys glareolus (Campagnol roussâtre),NA,733216,153969,1644,2015,NA,Prairies,Lisières forestières (conifères),Milieux rocheux naturels,NA,NA,11,15544,88,152,1.07723299079894
Clethrionomys glareolus (Campagnol roussâtre),NA,733216,153969,1644,2015,NA,Prairies,Lisières forestières (conifères),Milieux rocheux naturels,NA,NA,11,15544,88,152,1.07723299079894
Clethrionomys glareolus (Campagnol roussâtre),NA,733216,153969,1644,2015,NA,Prairies,Lisières forestières (conifères),Milieux rocheux naturels,NA,NA,11,15544,88,152,1.07723299079894
Clethrionomys glareolus (Campagnol roussâtre),NA,733216,153969,1644,2015,NA,Prairies,Lisières forestières (conifères),Milieux rocheux naturels,NA,NA,11,15544,88,152,1.07723299079894
Clethrionomys glareolus (Campagnol roussâtre),NA,733216,153969,1644,2015,NA,Prairies,Lisières forestières (conifères),Milieux rocheux naturels,NA,NA,11,15544,88,152,1.07723299079894
Clethrionomys glareolus (Campagnol roussâtre),NA,733216,153969,1644,2015,NA,Prairies,Lisières forestières (conifères),Milieux rocheux naturels,NA,NA,11,15544,88,152,1.07723299079894
Clethrionomys glareolus (Campagnol roussâtre),NA,733216,153969,1644,2015,NA,Prairies,Lisières forestières (conifères),Milieux rocheux naturels,NA,NA,11,15544,88,152,1.07723299079894
Clethrionomys glareolus (Campagnol roussâtre),NA,733216,153969,1644,2015,NA,Prairies,Lisières forestières (conifères),Milieux rocheux naturels,NA,NA,11,15544,88,152,1.07723299079894
Clethrionomys glareolus (Campagnol roussâtre),NA,733216,153969,1644,2015,NA,Prairies,Lisières forestières (conifères),Milieux rocheux naturels,NA,NA,11,15544,88,152,1.07723299079894
Chionomys nivalis (Campagnol des neiges),NA,733296,154008,1634,2015,NA,Prairies,Lisières forestières (conifères),NA,NA,NA,11,15513,88,151,1.08312513784893
Chionomys nivalis (Campagnol des neiges),NA,733296,154008,1634,2015,NA,Prairies,Lisières forestières (conifères),NA,NA,NA,11,15513,88,151,1.08312513784893
Chionomys nivalis (Campagnol des neiges),NA,733296,154008,1634,2015,NA,Prairies,Lisières forestières (conifères),NA,NA,NA,11,15513,88,151,1.08312513784893
Clethrionomys glareolus (Campagnol roussâtre),NA,733296,154008,1634,2015,NA,Prairies,Lisières forestières (conifères),NA,NA,NA,11,15513,88,151,1.08312513784893
Clethrionomys glareolus (Campagnol roussâtre),NA,733296,154008,1634,2015,NA,Prairies,Lisières forestières (conifères),NA,NA,NA,11,15513,88,151,1.08312513784893
Clethrionomys glareolus (Campagnol roussâtre),NA,733296,154008,1634,2015,NA,Prairies,Lisières forestières (conifères),NA,NA,NA,11,15513,88,151,1.08312513784893
Apodemus flavicollis (Mulot à collier),NA,733650,152550,1938,2015,NA,Milieux humides (Bas marais),Broussailles / formations arbustives,Ruisseau (avec végétation),NA,NA,10,16403,87,150,1.38106870141271
Clethrionomys glareolus (Campagnol roussâtre),NA,733650,152550,1938,2015,NA,Milieux humides (Bas marais),Broussailles / formations arbustives,Ruisseau (avec végétation),NA,NA,10,16403,87,150,1.38106870141271
Clethrionomys glareolus (Campagnol roussâtre),NA,733650,152550,1938,2015,NA,Milieux humides (Bas marais),Broussailles / formations arbustives,Ruisseau (avec végétation),NA,NA,10,16403,87,150,1.38106870141271
Clethrionomys glareolus (Campagnol roussâtre),NA,733713,154095,1613,2015,NA,Prairies,Ruisseau (sans végétation),Broussailles / formations arbustives,NA,NA,10,15434,88,150,1.10544219866859
Clethrionomys glareolus (Campagnol roussâtre),NA,733713,154095,1613,2015,NA,Prairies,Ruisseau (sans végétation),Broussailles / formations arbustives,NA,NA,10,15434,88,150,1.10544219866859
Clethrionomys glareolus (Campagnol roussâtre),NA,733713,154095,1613,2015,NA,Prairies,Ruisseau (sans végétation),Broussailles / formations arbustives,NA,NA,10,15434,88,150,1.10544219866859
Clethrionomys glareolus (Campagnol roussâtre),NA,733713,154095,1613,2015,NA,Prairies,Ruisseau (sans végétation),Broussailles / formations arbustives,NA,NA,10,15434,88,150,1.10544219866859
Microtus arvalis (Campagnol des champs),NA,733713,154095,1613,2015,NA,Prairies,Ruisseau (sans végétation),Broussailles / formations arbustives,NA,NA,10,15434,88,150,1.10544219866859
Clethrionomys glareolus (Campagnol roussâtre),NA,733715,152615,1922,2015,NA,Prairies,Broussailles / formations arbustives,NA,NA,NA,10,16374,87,151,1.36974103840613
Clethrionomys glareolus (Campagnol roussâtre),NA,733715,152615,1922,2015,NA,Prairies,Broussailles / formations arbustives,NA,NA,NA,10,16374,87,151,1.36974103840613
Clethrionomys glareolus (Campagnol roussâtre),NA,733820,154151,1615,2015,NA,Prairies,Milieux rocheux anthropiques,NA,NA,NA,10,15395,87,149,1.12399258238969
Clethrionomys glareolus (Campagnol roussâtre),NA,733820,154151,1615,2015,NA,Prairies,Milieux rocheux anthropiques,NA,NA,NA,10,15395,87,149,1.12399258238969
Clethrionomys glareolus (Campagnol roussâtre),NA,733820,154151,1615,2015,NA,Prairies,Milieux rocheux anthropiques,NA,NA,NA,10,15395,87,149,1.12399258238969
Clethrionomys glareolus (Campagnol roussâtre),NA,733900,153180,1855,2015,NA,Prairies,Milieux rocheux anthropiques,Boisements isolés,NA,NA,11,15951,88,152,1.27577247396931
Clethrionomys glareolus (Campagnol roussâtre),NA,733900,153180,1855,2015,NA,Prairies,Milieux rocheux anthropiques,Structures linéaires arborées dans les paysages agricoles,NA,NA,11,15951,88,152,1.27577247396931
Clethrionomys glareolus (Campagnol roussâtre),NA,733900,153180,1855,2015,NA,Prairies,Milieux rocheux anthropiques,Structures linéaires arborées dans les paysages agricoles,NA,NA,11,15951,88,152,1.27577247396931
Clethrionomys glareolus (Campagnol roussâtre),NA,733900,153180,1855,2015,NA,Prairies,Milieux rocheux anthropiques,Structures linéaires arborées dans les paysages agricoles,NA,NA,11,15951,88,152,1.27577247396931
Clethrionomys glareolus (Campagnol roussâtre),NA,733900,153180,1855,2015,NA,Prairies,Milieux rocheux anthropiques,Structures linéaires arborées dans les paysages agricoles,NA,NA,11,15951,88,152,1.27577247396931
Clethrionomys glareolus (Campagnol roussâtre),NA,733900,153180,1855,2015,NA,Prairies,Milieux rocheux anthropiques,Structures linéaires arborées dans les paysages agricoles,NA,NA,11,15951,88,152,1.27577247396931
Clethrionomys glareolus (Campagnol roussâtre),NA,733900,153180,1855,2015,NA,Prairies,Milieux rocheux anthropiques,Structures linéaires arborées dans les paysages agricoles,NA,NA,11,15951,88,152,1.27577247396931
Clethrionomys glareolus (Campagnol roussâtre),NA,733980,153150,1870,2015,NA,Prairies,Broussailles / formations arbustives,NA,NA,NA,11,15982,88,152,1.3020799061295
Clethrionomys glareolus (Campagnol roussâtre),NA,733980,153150,1870,2015,NA,Prairies,Broussailles / formations arbustives,NA,NA,NA,11,15982,88,152,1.3020799061295
Clethrionomys glareolus (Campagnol roussâtre),NA,733980,153150,1870,2015,NA,Prairies,Broussailles / formations arbustives,NA,NA,NA,11,15982,88,152,1.3020799061295
Clethrionomys glareolus (Campagnol roussâtre),NA,733980,153150,1870,2015,NA,Prairies,Broussailles / formations arbustives,NA,NA,NA,11,15982,88,152,1.3020799061295
Clethrionomys glareolus (Campagnol roussâtre),NA,733980,153150,1870,2015,NA,Prairies,Broussailles / formations arbustives,NA,NA,NA,11,15982,88,152,1.3020799061295
Clethrionomys glareolus (Campagnol roussâtre),NA,733980,153150,1870,2015,NA,Prairies,Broussailles / formations arbustives,NA,NA,NA,11,15982,88,152,1.3020799061295
Clethrionomys glareolus (Campagnol roussâtre),NA,733980,153150,1870,2015,NA,Prairies,Broussailles / formations arbustives,NA,NA,NA,11,15982,88,152,1.3020799061295
Clethrionomys glareolus (Campagnol roussâtre),NA,733980,153150,1870,2015,NA,Prairies,Broussailles / formations arbustives,NA,NA,NA,11,15982,88,152,1.3020799061295
Clethrionomys glareolus (Campagnol roussâtre),NA,733980,153150,1870,2015,NA,Prairies,Broussailles / formations arbustives,NA,NA,NA,11,15982,88,152,1.3020799061295
Clethrionomys glareolus (Campagnol roussâtre),NA,734135,153622,1753,2015,NA,Milieux forestiers (conifères),NA,NA,NA,NA,13,15642,90,155,1.09258302230137
Clethrionomys glareolus (Campagnol roussâtre),NA,734135,153622,1753,2015,NA,Milieux forestiers (conifères),NA,NA,NA,NA,13,15642,90,155,1.09258302230137
Clethrionomys glareolus (Campagnol roussâtre),NA,734135,153622,1753,2015,NA,Milieux forestiers (conifères),NA,NA,NA,NA,13,15642,90,155,1.09258302230137
Clethrionomys glareolus (Campagnol roussâtre),NA,734135,153622,1753,2015,NA,Milieux forestiers (conifères),NA,NA,NA,NA,13,15642,90,155,1.09258302230137
Clethrionomys glareolus (Campagnol roussâtre),NA,734135,153622,1753,2015,NA,Milieux forestiers (conifères),NA,NA,NA,NA,13,15642,90,155,1.09258302230137
Clethrionomys glareolus (Campagnol roussâtre),NA,734135,153622,1753,2015,NA,Milieux forestiers (conifères),NA,NA,NA,NA,13,15642,90,155,1.09258302230137
Clethrionomys glareolus (Campagnol roussâtre),NA,734135,153622,1753,2015,NA,Milieux forestiers (conifères),NA,NA,NA,NA,13,15642,90,155,1.09258302230137
Clethrionomys glareolus (Campagnol roussâtre),NA,734410,153590,1829,2015,NA,Prairies,NA,NA,NA,NA,12,15644,89,154,1.21665959482339
Clethrionomys glareolus (Campagnol roussâtre),NA,735139,155279,1710,2015,NA,Prairies,NA,NA,NA,NA,9,15008,87,148,1.28013661497588
Clethrionomys glareolus (Campagnol roussâtre),NA,735139,155279,1710,2015,NA,Prairies,NA,NA,NA,NA,9,15008,87,148,1.28013661497588
Clethrionomys glareolus (Campagnol roussâtre),NA,735139,155279,1710,2015,NA,Prairies,NA,NA,NA,NA,9,15008,87,148,1.28013661497588
Clethrionomys glareolus (Campagnol roussâtre),NA,735158,155146,1671,2015,NA,Prairies,Milieux rocheux anthropiques,NA,NA,NA,10,15060,88,150,1.18167400003697
Clethrionomys glareolus (Campagnol roussâtre),NA,735158,155146,1671,2015,NA,Prairies,Milieux rocheux anthropiques,NA,NA,NA,10,15060,88,150,1.18167400003697
Clethrionomys glareolus (Campagnol roussâtre),NA,735158,155146,1671,2015,NA,Prairies,Milieux rocheux anthropiques,NA,NA,NA,10,15060,88,150,1.18167400003697
Clethrionomys glareolus (Campagnol roussâtre),NA,735158,155146,1671,2015,NA,Prairies,Milieux rocheux anthropiques,NA,NA,NA,10,15060,88,150,1.18167400003697
Clethrionomys glareolus (Campagnol roussâtre),NA,735158,155146,1671,2015,NA,Prairies,Milieux rocheux anthropiques,NA,NA,NA,10,15060,88,150,1.18167400003697
Clethrionomys glareolus (Campagnol roussâtre),NA,735296,154548,1595,2015,NA,Prairies,Broussailles / formations arbustives,Torrent (sans végétation),NA,NA,12,15248,89,153,1.00424621405002
Clethrionomys glareolus (Campagnol roussâtre),NA,735296,154548,1595,2015,NA,Prairies,Broussailles / formations arbustives,Torrent (sans végétation),NA,NA,12,15248,89,153,1.00424621405002
Clethrionomys glareolus (Campagnol roussâtre),NA,735296,154548,1595,2015,NA,Prairies,Broussailles / formations arbustives,Torrent (sans végétation),NA,NA,12,15248,89,153,1.00424621405002
Clethrionomys glareolus (Campagnol roussâtre),NA,735296,154548,1595,2015,NA,Prairies,Broussailles / formations arbustives,Torrent (sans végétation),NA,NA,12,15248,89,153,1.00424621405002
Clethrionomys glareolus (Campagnol roussâtre),NA,735296,154548,1595,2015,NA,Prairies,Broussailles / formations arbustives,Torrent (sans végétation),NA,NA,12,15248,89,153,1.00424621405002
Clethrionomys glareolus (Campagnol roussâtre),NA,735296,154548,1595,2015,NA,Prairies,Broussailles / formations arbustives,Torrent (sans végétation),NA,NA,12,15248,89,153,1.00424621405002
Microtus arvalis (Campagnol des champs),NA,735296,154548,1595,2015,NA,Prairies,Broussailles / formations arbustives,Torrent (sans végétation),NA,NA,12,15248,89,153,1.00424621405002
Neomys fodiens (Musaraigne aquatique),NA,735296,154548,1595,2015,NA,Prairies,Broussailles / formations arbustives,Torrent (sans végétation),NA,NA,12,15248,89,153,1.00424621405002
Clethrionomys glareolus (Campagnol roussâtre),NA,735772,154945,1621,2015,NA,Milieux forestiers ouverts / perturbés (conifères),Lisières forestières (conifères),NA,NA,NA,13,15132,89,154,1.01840095358366
Clethrionomys glareolus (Campagnol roussâtre),NA,735772,154945,1621,2015,NA,Milieux forestiers ouverts / perturbés (conifères),Lisières forestières (conifères),NA,NA,NA,13,15132,89,154,1.01840095358366
Clethrionomys glareolus (Campagnol roussâtre),NA,735772,154945,1621,2015,NA,Milieux forestiers ouverts / perturbés (conifères),Lisières forestières (conifères),NA,NA,NA,13,15132,89,154,1.01840095358366
Clethrionomys glareolus (Campagnol roussâtre),NA,735772,154945,1621,2015,NA,Milieux forestiers ouverts / perturbés (conifères),Lisières forestières (conifères),NA,NA,NA,13,15132,89,154,1.01840095358366
Clethrionomys glareolus (Campagnol roussâtre),NA,735772,154945,1621,2015,NA,Milieux forestiers ouverts / perturbés (conifères),Lisières forestières (conifères),NA,NA,NA,13,15132,89,154,1.01840095358366
Clethrionomys glareolus (Campagnol roussâtre),NA,735772,154945,1621,2015,NA,Milieux forestiers ouverts / perturbés (conifères),Lisières forestières (conifères),NA,NA,NA,13,15132,89,154,1.01840095358366
Clethrionomys glareolus (Campagnol roussâtre),NA,735772,154945,1621,2015,NA,Milieux forestiers ouverts / perturbés (conifères),Lisières forestières (conifères),NA,NA,NA,13,15132,89,154,1.01840095358366
Clethrionomys glareolus (Campagnol roussâtre),NA,738780,155670,1635,2015,NA,Prairies,Torrent (avec végétation),NA,NA,NA,33,14127,100,184,0.105573226997404
Clethrionomys glareolus (Campagnol roussâtre),NA,738780,155670,1635,2015,NA,Prairies,Torrent (avec végétation),NA,NA,NA,33,14127,100,184,0.105573226997404
Clethrionomys glareolus (Campagnol roussâtre),NA,738780,155670,1635,2015,NA,Prairies,Torrent (avec végétation),NA,NA,NA,33,14127,100,184,0.105573226997404
Clethrionomys glareolus (Campagnol roussâtre),NA,738780,155670,1635,2015,NA,Prairies,Torrent (avec végétation),NA,NA,NA,33,14127,100,184,0.105573226997404
Clethrionomys glareolus (Campagnol roussâtre),NA,738780,155670,1635,2015,NA,Prairies,Torrent (avec végétation),NA,NA,NA,33,14127,100,184,0.105573226997404
Clethrionomys glareolus (Campagnol roussâtre),NA,738780,155670,1635,2015,NA,Prairies,Torrent (avec végétation),NA,NA,NA,33,14127,100,184,0.105573226997404
Clethrionomys glareolus (Campagnol roussâtre),NA,738780,155670,1635,2015,NA,Prairies,Torrent (avec végétation),NA,NA,NA,33,14127,100,184,0.105573226997404
Clethrionomys glareolus (Campagnol roussâtre),NA,738780,155670,1635,2015,NA,Prairies,Torrent (avec végétation),NA,NA,NA,33,14127,100,184,0.105573226997404
Clethrionomys glareolus (Campagnol roussâtre),NA,738780,155670,1635,2015,NA,Prairies,Torrent (avec végétation),NA,NA,NA,33,14127,100,184,0.105573226997404
Clethrionomys glareolus (Campagnol roussâtre),NA,738847,154838,1638,2015,NA,Prairies,Ruisseau (avec végétation),NA,NA,NA,30,14551,98,180,0.320446948100483
Clethrionomys glareolus (Campagnol roussâtre),NA,738847,154838,1638,2015,NA,Prairies,Ruisseau (avec végétation),NA,NA,NA,30,14551,98,180,0.320446948100483
Clethrionomys glareolus (Campagnol roussâtre),NA,738847,154838,1638,2015,NA,Prairies,Ruisseau (avec végétation),NA,NA,NA,30,14551,98,180,0.320446948100483
Clethrionomys glareolus (Campagnol roussâtre),NA,738847,154838,1638,2015,NA,Prairies,Ruisseau (avec végétation),NA,NA,NA,30,14551,98,180,0.320446948100483
Clethrionomys glareolus (Campagnol roussâtre),NA,738847,154838,1638,2015,NA,Prairies,Ruisseau (avec végétation),NA,NA,NA,30,14551,98,180,0.320446948100483
Clethrionomys glareolus (Campagnol roussâtre),NA,738847,154838,1638,2015,NA,Prairies,Ruisseau (avec végétation),NA,NA,NA,30,14551,98,180,0.320446948100483
Clethrionomys glareolus (Campagnol roussâtre),NA,738847,154838,1638,2015,NA,Prairies,Ruisseau (avec végétation),NA,NA,NA,30,14551,98,180,0.320446948100483
Clethrionomys glareolus (Campagnol roussâtre),NA,738847,154838,1638,2015,NA,Prairies,Ruisseau (avec végétation),NA,NA,NA,30,14551,98,180,0.320446948100483
Clethrionomys glareolus (Campagnol roussâtre),NA,738847,154838,1638,2015,NA,Prairies,Ruisseau (avec végétation),NA,NA,NA,30,14551,98,180,0.320446948100483
Clethrionomys glareolus (Campagnol roussâtre),NA,738847,154838,1638,2015,NA,Prairies,Ruisseau (avec végétation),NA,NA,NA,30,14551,98,180,0.320446948100483
Clethrionomys glareolus (Campagnol roussâtre),NA,738847,154838,1638,2015,NA,Prairies,Ruisseau (avec végétation),NA,NA,NA,30,14551,98,180,0.320446948100483
Clethrionomys glareolus (Campagnol roussâtre),NA,738859,155486,1536,2015,NA,Prairies,Ruisseau (sans végétation),Broussailles / formations arbustives,NA,NA,33,14180,100,185,0.0932277838922736
Clethrionomys glareolus (Campagnol roussâtre),NA,738859,155486,1536,2015,NA,Prairies,Ruisseau (sans végétation),Broussailles / formations arbustives,NA,NA,33,14180,100,185,0.0932277838922736
Clethrionomys glareolus (Campagnol roussâtre),NA,738900,155231,1592,2015,NA,Prairies,Structures linéaires arborées dans les paysages agricoles,NA,NA,NA,33,14313,99,184,0.150759043865556
Clethrionomys glareolus (Campagnol roussâtre),NA,738900,155231,1592,2015,NA,Prairies,Structures linéaires arborées dans les paysages agricoles,NA,NA,NA,33,14313,99,184,0.150759043865556
Clethrionomys glareolus (Campagnol roussâtre),NA,738900,155231,1592,2015,NA,Prairies,Structures linéaires arborées dans les paysages agricoles,NA,NA,NA,33,14313,99,184,0.150759043865556
Clethrionomys glareolus (Campagnol roussâtre),NA,738900,155231,1592,2015,NA,Prairies,Structures linéaires arborées dans les paysages agricoles,NA,NA,NA,33,14313,99,184,0.150759043865556
Clethrionomys glareolus (Campagnol roussâtre),NA,738900,155231,1592,2015,NA,Prairies,Structures linéaires arborées dans les paysages agricoles,NA,NA,NA,33,14313,99,184,0.150759043865556
Clethrionomys glareolus (Campagnol roussâtre),NA,738900,155231,1592,2015,NA,Prairies,Structures linéaires arborées dans les paysages agricoles,NA,NA,NA,33,14313,99,184,0.150759043865556
Clethrionomys glareolus (Campagnol roussâtre),NA,738900,155231,1592,2015,NA,Prairies,Structures linéaires arborées dans les paysages agricoles,NA,NA,NA,33,14313,99,184,0.150759043865556
Clethrionomys glareolus (Campagnol roussâtre),NA,738904,154831,1636,2015,NA,Prairies,Lisières forestières (conifères),NA,NA,NA,31,14543,99,181,0.276751236935028
Clethrionomys glareolus (Campagnol roussâtre),NA,738904,154831,1636,2015,NA,Prairies,Lisières forestières (conifères),NA,NA,NA,31,14543,99,181,0.276751236935028
Clethrionomys glareolus (Campagnol roussâtre),NA,738904,154831,1636,2015,NA,Prairies,Lisières forestières (conifères),NA,NA,NA,31,14543,99,181,0.276751236935028
Clethrionomys glareolus (Campagnol roussâtre),NA,738904,154831,1636,2015,NA,Prairies,Lisières forestières (conifères),NA,NA,NA,31,14543,99,181,0.276751236935028
Clethrionomys glareolus (Campagnol roussâtre),NA,738904,154831,1636,2015,NA,Prairies,Lisières forestières (conifères),NA,NA,NA,31,14543,99,181,0.276751236935028
Clethrionomys glareolus (Campagnol roussâtre),NA,738904,154831,1636,2015,NA,Prairies,Lisières forestières (conifères),NA,NA,NA,31,14543,99,181,0.276751236935028
Clethrionomys glareolus (Campagnol roussâtre),NA,738904,154831,1636,2015,NA,Prairies,Lisières forestières (conifères),NA,NA,NA,31,14543,99,181,0.276751236935028
Clethrionomys glareolus (Campagnol roussâtre),NA,738904,154831,1636,2015,NA,Prairies,Lisières forestières (conifères),NA,NA,NA,31,14543,99,181,0.276751236935028
Clethrionomys glareolus (Campagnol roussâtre),NA,738904,154831,1636,2015,NA,Prairies,Lisières forestières (conifères),NA,NA,NA,31,14543,99,181,0.276751236935028
Clethrionomys glareolus (Campagnol roussâtre),NA,738904,154831,1636,2015,NA,Prairies,Lisières forestières (conifères),NA,NA,NA,31,14543,99,181,0.276751236935028
Clethrionomys glareolus (Campagnol roussâtre),NA,738904,154831,1636,2015,NA,Prairies,Lisières forestières (conifères),NA,NA,NA,31,14543,99,181,0.276751236935028
Clethrionomys glareolus (Campagnol roussâtre),NA,738904,154831,1636,2015,NA,Prairies,Lisières forestières (conifères),NA,NA,NA,31,14543,99,181,0.276751236935028
Clethrionomys glareolus (Campagnol roussâtre),NA,738920,155582,1553,2015,NA,Prairies,Structures linéaires arborées dans les paysages agricoles,NA,NA,NA,34,14146,100,186,0.0533061548029256
Clethrionomys glareolus (Campagnol roussâtre),NA,738920,155582,1553,2015,NA,Prairies,Structures linéaires arborées dans les paysages agricoles,NA,NA,NA,34,14146,100,186,0.0533061548029256
Clethrionomys glareolus (Campagnol roussâtre),NA,738920,155582,1553,2015,NA,Prairies,Structures linéaires arborées dans les paysages agricoles,NA,NA,NA,34,14146,100,186,0.0533061548029256
Clethrionomys glareolus (Campagnol roussâtre),NA,738920,155582,1553,2015,NA,Prairies,Structures linéaires arborées dans les paysages agricoles,NA,NA,NA,34,14146,100,186,0.0533061548029256
Clethrionomys glareolus (Campagnol roussâtre),NA,738920,155582,1553,2015,NA,Prairies,Structures linéaires arborées dans les paysages agricoles,NA,NA,NA,34,14146,100,186,0.0533061548029256
Clethrionomys glareolus (Campagnol roussâtre),NA,738920,155582,1553,2015,NA,Prairies,Structures linéaires arborées dans les paysages agricoles,NA,NA,NA,34,14146,100,186,0.0533061548029256
Neomys fodiens (Musaraigne aquatique),NA,738920,155582,1553,2015,NA,Prairies,Structures linéaires arborées dans les paysages agricoles,NA,NA,NA,34,14146,100,186,0.0533061548029256
Clethrionomys glareolus (Campagnol roussâtre),NA,738941,154785,1636,2015,NA,Prairies,Lisières forestières (conifères),NA,NA,NA,31,14550,99,182,0.252977920032041
Clethrionomys glareolus (Campagnol roussâtre),NA,738941,154785,1636,2015,NA,Prairies,Lisières forestières (conifères),NA,NA,NA,31,14550,99,182,0.252977920032041
Clethrionomys glareolus (Campagnol roussâtre),NA,738941,154785,1636,2015,NA,Prairies,Lisières forestières (conifères),NA,NA,NA,31,14550,99,182,0.252977920032041
Clethrionomys glareolus (Campagnol roussâtre),NA,738941,154785,1636,2015,NA,Prairies,Lisières forestières (conifères),NA,NA,NA,31,14550,99,182,0.252977920032041
Clethrionomys glareolus (Campagnol roussâtre),NA,738941,154785,1636,2015,NA,Prairies,Lisières forestières (conifères),NA,NA,NA,31,14550,99,182,0.252977920032041
Clethrionomys glareolus (Campagnol roussâtre),NA,738941,154785,1636,2015,NA,Prairies,Lisières forestières (conifères),NA,NA,NA,31,14550,99,182,0.252977920032041
Clethrionomys glareolus (Campagnol roussâtre),NA,738941,154785,1636,2015,NA,Prairies,Lisières forestières (conifères),NA,NA,NA,31,14550,99,182,0.252977920032041
Clethrionomys glareolus (Campagnol roussâtre),NA,738941,154785,1636,2015,NA,Prairies,Lisières forestières (conifères),NA,NA,NA,31,14550,99,182,0.252977920032041
Clethrionomys glareolus (Campagnol roussâtre),NA,738941,154785,1636,2015,NA,Prairies,Lisières forestières (conifères),NA,NA,NA,31,14550,99,182,0.252977920032041
Clethrionomys glareolus (Campagnol roussâtre),NA,738943,154624,1640,2015,NA,Prairies,Torrent (avec végétation),NA,NA,NA,31,14654,99,181,0.27465305378821
Clethrionomys glareolus (Campagnol roussâtre),NA,738943,154624,1640,2015,NA,Prairies,Torrent (avec végétation),NA,NA,NA,31,14654,99,181,0.27465305378821
Clethrionomys glareolus (Campagnol roussâtre),NA,738943,154624,1640,2015,NA,Prairies,Torrent (avec végétation),NA,NA,NA,31,14654,99,181,0.27465305378821
Clethrionomys glareolus (Campagnol roussâtre),NA,738943,154624,1640,2015,NA,Prairies,Torrent (avec végétation),NA,NA,NA,31,14654,99,181,0.27465305378821
Clethrionomys glareolus (Campagnol roussâtre),NA,738943,154624,1640,2015,NA,Prairies,Torrent (avec végétation),NA,NA,NA,31,14654,99,181,0.27465305378821
Clethrionomys glareolus (Campagnol roussâtre),NA,738943,154624,1640,2015,NA,Prairies,Torrent (avec végétation),NA,NA,NA,31,14654,99,181,0.27465305378821
Clethrionomys glareolus (Campagnol roussâtre),NA,738943,154624,1640,2015,NA,Prairies,Torrent (avec végétation),NA,NA,NA,31,14654,99,181,0.27465305378821
Clethrionomys glareolus (Campagnol roussâtre),NA,739167,155522,1537,2015,NA,Prairies,Torrent (avec végétation),Broussailles / formations arbustives,NA,NA,37,14134,101,190,-0.0606442302268738
Clethrionomys glareolus (Campagnol roussâtre),NA,739167,155522,1537,2015,NA,Prairies,Torrent (avec végétation),Broussailles / formations arbustives,NA,NA,37,14134,101,190,-0.0606442302268738
Clethrionomys glareolus (Campagnol roussâtre),NA,739167,155522,1537,2015,NA,Prairies,Torrent (avec végétation),Broussailles / formations arbustives,NA,NA,37,14134,101,190,-0.0606442302268738
Clethrionomys glareolus (Campagnol roussâtre),NA,739167,155522,1537,2015,NA,Prairies,Torrent (avec végétation),Broussailles / formations arbustives,NA,NA,37,14134,101,190,-0.0606442302268738
Clethrionomys glareolus (Campagnol roussâtre),NA,739167,155522,1537,2015,NA,Prairies,Torrent (avec végétation),Broussailles / formations arbustives,NA,NA,37,14134,101,190,-0.0606442302268738
Clethrionomys glareolus (Campagnol roussâtre),NA,739167,155522,1537,2015,NA,Prairies,Torrent (avec végétation),Broussailles / formations arbustives,NA,NA,37,14134,101,190,-0.0606442302268738
Clethrionomys glareolus (Campagnol roussâtre),NA,739167,155522,1537,2015,NA,Prairies,Torrent (avec végétation),Broussailles / formations arbustives,NA,NA,37,14134,101,190,-0.0606442302268738
Clethrionomys glareolus (Campagnol roussâtre),NA,739167,155522,1537,2015,NA,Prairies,Torrent (avec végétation),Broussailles / formations arbustives,NA,NA,37,14134,101,190,-0.0606442302268738
Clethrionomys glareolus (Campagnol roussâtre),NA,739167,155522,1537,2015,NA,Prairies,Torrent (avec végétation),Broussailles / formations arbustives,NA,NA,37,14134,101,190,-0.0606442302268738
Chionomys nivalis (Campagnol des neiges),NA,739499,155718,1525,2015,NA,Prairies,Torrent (avec végétation),Broussailles / formations arbustives,NA,NA,38,14056,102,192,-0.120475059520882
Chionomys nivalis (Campagnol des neiges),NA,739499,155718,1525,2015,NA,Prairies,Torrent (avec végétation),Broussailles / formations arbustives,NA,NA,38,14056,102,192,-0.120475059520882
Chionomys nivalis (Campagnol des neiges),NA,739499,155718,1525,2015,NA,Prairies,Torrent (avec végétation),Broussailles / formations arbustives,NA,NA,38,14056,102,192,-0.120475059520882
Chionomys nivalis (Campagnol des neiges),NA,739499,155718,1525,2015,NA,Prairies,Torrent (avec végétation),Broussailles / formations arbustives,NA,NA,38,14056,102,192,-0.120475059520882
Chionomys nivalis (Campagnol des neiges),NA,739499,155718,1525,2015,NA,Prairies,Torrent (avec végétation),Broussailles / formations arbustives,NA,NA,38,14056,102,192,-0.120475059520882
Clethrionomys glareolus (Campagnol roussâtre),NA,739499,155718,1525,2015,NA,Prairies,Torrent (avec végétation),Broussailles / formations arbustives,NA,NA,38,14056,102,192,-0.120475059520882
Clethrionomys glareolus (Campagnol roussâtre),NA,739499,155718,1525,2015,NA,Prairies,Torrent (avec végétation),Broussailles / formations arbustives,NA,NA,38,14056,102,192,-0.120475059520882
Clethrionomys glareolus (Campagnol roussâtre),NA,739499,155718,1525,2015,NA,Prairies,Torrent (avec végétation),Broussailles / formations arbustives,NA,NA,38,14056,102,192,-0.120475059520882
Clethrionomys glareolus (Campagnol roussâtre),NA,739499,155718,1525,2015,NA,Prairies,Torrent (avec végétation),Broussailles / formations arbustives,NA,NA,38,14056,102,192,-0.120475059520882
Clethrionomys glareolus (Campagnol roussâtre),NA,739499,155718,1525,2015,NA,Prairies,Torrent (avec végétation),Broussailles / formations arbustives,NA,NA,38,14056,102,192,-0.120475059520882
Clethrionomys glareolus (Campagnol roussâtre),NA,739499,155718,1525,2015,NA,Prairies,Torrent (avec végétation),Broussailles / formations arbustives,NA,NA,38,14056,102,192,-0.120475059520882
Clethrionomys glareolus (Campagnol roussâtre),NA,739499,155718,1525,2015,NA,Prairies,Torrent (avec végétation),Broussailles / formations arbustives,NA,NA,38,14056,102,192,-0.120475059520882
Clethrionomys glareolus (Campagnol roussâtre),NA,739499,155718,1525,2015,NA,Prairies,Torrent (avec végétation),Broussailles / formations arbustives,NA,NA,38,14056,102,192,-0.120475059520882
Clethrionomys glareolus (Campagnol roussâtre),NA,739499,155718,1525,2015,NA,Prairies,Torrent (avec végétation),Broussailles / formations arbustives,NA,NA,38,14056,102,192,-0.120475059520882
Clethrionomys glareolus (Campagnol roussâtre),NA,739499,155718,1525,2015,NA,Prairies,Torrent (avec végétation),Broussailles / formations arbustives,NA,NA,38,14056,102,192,-0.120475059520882
Clethrionomys glareolus (Campagnol roussâtre),NA,739499,155718,1525,2015,NA,Prairies,Torrent (avec végétation),Broussailles / formations arbustives,NA,NA,38,14056,102,192,-0.120475059520882
Clethrionomys glareolus (Campagnol roussâtre),NA,739499,155718,1525,2015,NA,Prairies,Torrent (avec végétation),Broussailles / formations arbustives,NA,NA,38,14056,102,192,-0.120475059520882
Clethrionomys glareolus (Campagnol roussâtre),NA,740770,156281,1522,2015,NA,Prairies,Lisières forestières (conifères),NA,NA,NA,33,13719,99,183,0.132441492633087
Clethrionomys glareolus (Campagnol roussâtre),NA,740770,156281,1522,2015,NA,Prairies,Lisières forestières (conifères),NA,NA,NA,33,13719,99,183,0.132441492633087
Clethrionomys glareolus (Campagnol roussâtre),NA,740770,156281,1522,2015,NA,Prairies,Lisières forestières (conifères),NA,NA,NA,33,13719,99,183,0.132441492633087
Clethrionomys glareolus (Campagnol roussâtre),NA,740770,156281,1522,2015,NA,Prairies,Lisières forestières (conifères),NA,NA,NA,33,13719,99,183,0.132441492633087
Clethrionomys glareolus (Campagnol roussâtre),NA,740770,156281,1522,2015,NA,Prairies,Lisières forestières (conifères),NA,NA,NA,33,13719,99,183,0.132441492633087
Clethrionomys glareolus (Campagnol roussâtre),NA,740770,156281,1522,2015,NA,Prairies,Lisières forestières (conifères),NA,NA,NA,33,13719,99,183,0.132441492633087
Clethrionomys glareolus (Campagnol roussâtre),NA,740770,156281,1522,2015,NA,Prairies,Lisières forestières (conifères),NA,NA,NA,33,13719,99,183,0.132441492633087
Clethrionomys glareolus (Campagnol roussâtre),NA,740770,156281,1522,2015,NA,Prairies,Lisières forestières (conifères),NA,NA,NA,33,13719,99,183,0.132441492633087
Clethrionomys glareolus (Campagnol roussâtre),NA,740770,156281,1522,2015,NA,Prairies,Lisières forestières (conifères),NA,NA,NA,33,13719,99,183,0.132441492633087
Clethrionomys glareolus (Campagnol roussâtre),NA,740770,156281,1522,2015,NA,Prairies,Lisières forestières (conifères),NA,NA,NA,33,13719,99,183,0.132441492633087
Clethrionomys glareolus (Campagnol roussâtre),NA,740770,156281,1522,2015,NA,Prairies,Lisières forestières (conifères),NA,NA,NA,33,13719,99,183,0.132441492633087
Clethrionomys glareolus (Campagnol roussâtre),NA,740787,156166,1510,2015,NA,Prairies,Lisières forestières (conifères),NA,NA,NA,34,13751,99,185,0.0719107147297437
Clethrionomys glareolus (Campagnol roussâtre),NA,740787,156166,1510,2015,NA,Prairies,Lisières forestières (conifères),NA,NA,NA,34,13751,99,185,0.0719107147297437
Clethrionomys glareolus (Campagnol roussâtre),NA,740787,156166,1510,2015,NA,Prairies,Lisières forestières (conifères),NA,NA,NA,34,13751,99,185,0.0719107147297437
Clethrionomys glareolus (Campagnol roussâtre),NA,740787,156166,1510,2015,NA,Prairies,Lisières forestières (conifères),NA,NA,NA,34,13751,99,185,0.0719107147297437
Clethrionomys glareolus (Campagnol roussâtre),NA,740787,156166,1510,2015,NA,Prairies,Lisières forestières (conifères),NA,NA,NA,34,13751,99,185,0.0719107147297437
Clethrionomys glareolus (Campagnol roussâtre),NA,740787,156166,1510,2015,NA,Prairies,Lisières forestières (conifères),NA,NA,NA,34,13751,99,185,0.0719107147297437
Clethrionomys glareolus (Campagnol roussâtre),NA,740787,156166,1510,2015,NA,Prairies,Lisières forestières (conifères),NA,NA,NA,34,13751,99,185,0.0719107147297437
Clethrionomys glareolus (Campagnol roussâtre),NA,740787,156166,1510,2015,NA,Prairies,Lisières forestières (conifères),NA,NA,NA,34,13751,99,185,0.0719107147297437
Apodemus alpicola (Mulot alpestre),NA,741383,156121,1503,2015,NA,Milieux forestiers (mixtes),NA,NA,NA,NA,33,13597,97,182,0.134142749916287
Clethrionomys glareolus (Campagnol roussâtre),NA,741383,156121,1503,2015,NA,Milieux forestiers (mixtes),NA,NA,NA,NA,33,13597,97,182,0.134142749916287
Clethrionomys glareolus (Campagnol roussâtre),NA,741383,156121,1503,2015,NA,Milieux forestiers (mixtes),NA,NA,NA,NA,33,13597,97,182,0.134142749916287
Apodemus alpicola (Mulot alpestre),NA,741586,156448,1496,2015,NA,Prairies,Torrent (avec végétation),NA,NA,NA,31,13328,97,179,0.218548723646832
Apodemus alpicola (Mulot alpestre),NA,741586,156448,1496,2015,NA,Prairies,Torrent (avec végétation),NA,NA,NA,31,13328,97,179,0.218548723646832
Clethrionomys glareolus (Campagnol roussâtre),NA,741586,156448,1496,2015,NA,Prairies,Torrent (avec végétation),NA,NA,NA,31,13328,97,179,0.218548723646832
Clethrionomys glareolus (Campagnol roussâtre),NA,741586,156448,1496,2015,NA,Prairies,Torrent (avec végétation),NA,NA,NA,31,13328,97,179,0.218548723646832
Clethrionomys glareolus (Campagnol roussâtre),NA,741586,156448,1496,2015,NA,Prairies,Torrent (avec végétation),NA,NA,NA,31,13328,97,179,0.218548723646832
Clethrionomys glareolus (Campagnol roussâtre),NA,741586,156448,1496,2015,NA,Prairies,Torrent (avec végétation),NA,NA,NA,31,13328,97,179,0.218548723646832
Clethrionomys glareolus (Campagnol roussâtre),NA,741586,156448,1496,2015,NA,Prairies,Torrent (avec végétation),NA,NA,NA,31,13328,97,179,0.218548723646832
Clethrionomys glareolus (Campagnol roussâtre),NA,741586,156448,1496,2015,NA,Prairies,Torrent (avec végétation),NA,NA,NA,31,13328,97,179,0.218548723646832
Clethrionomys glareolus (Campagnol roussâtre),NA,741586,156448,1496,2015,NA,Prairies,Torrent (avec végétation),NA,NA,NA,31,13328,97,179,0.218548723646832
Clethrionomys glareolus (Campagnol roussâtre),NA,741586,156448,1496,2015,NA,Prairies,Torrent (avec végétation),NA,NA,NA,31,13328,97,179,0.218548723646832
Clethrionomys glareolus (Campagnol roussâtre),NA,743117,156565,1479,2015,NA,Prairies,Lisières forestières (conifères),NA,NA,NA,28,12976,93,173,0.372208346373845
Clethrionomys glareolus (Campagnol roussâtre),NA,743117,156565,1479,2015,NA,Prairies,Lisières forestières (conifères),NA,NA,NA,28,12976,93,173,0.372208346373845
Clethrionomys glareolus (Campagnol roussâtre),NA,743117,156565,1479,2015,NA,Prairies,Lisières forestières (conifères),NA,NA,NA,28,12976,93,173,0.372208346373845
Clethrionomys glareolus (Campagnol roussâtre),NA,743117,156565,1479,2015,NA,Prairies,Lisières forestières (conifères),NA,NA,NA,28,12976,93,173,0.372208346373845
Clethrionomys glareolus (Campagnol roussâtre),NA,743117,156565,1479,2015,NA,Prairies,Lisières forestières (conifères),NA,NA,NA,28,12976,93,173,0.372208346373845
Clethrionomys glareolus (Campagnol roussâtre),NA,743117,156565,1479,2015,NA,Prairies,Lisières forestières (conifères),NA,NA,NA,28,12976,93,173,0.372208346373845
Clethrionomys glareolus (Campagnol roussâtre),NA,743117,156565,1479,2015,NA,Prairies,Lisières forestières (conifères),NA,NA,NA,28,12976,93,173,0.372208346373845
Clethrionomys glareolus (Campagnol roussâtre),NA,743117,156565,1479,2015,NA,Prairies,Lisières forestières (conifères),NA,NA,NA,28,12976,93,173,0.372208346373845
Neomys fodiens (Musaraigne aquatique),NA,743117,156565,1479,2015,NA,Prairies,Lisières forestières (conifères),NA,NA,NA,28,12976,93,173,0.372208346373845
Clethrionomys glareolus (Campagnol roussâtre),NA,744690,156718,1514,2015,NA,Milieux forestiers (mixtes),Torrent (avec végétation),NA,NA,NA,28,13431,93,173,0.391223987957891
Clethrionomys glareolus (Campagnol roussâtre),NA,744690,156718,1514,2015,NA,Milieux forestiers (mixtes),Torrent (avec végétation),NA,NA,NA,28,13431,93,173,0.391223987957891
Clethrionomys glareolus (Campagnol roussâtre),NA,744690,156718,1514,2015,NA,Milieux forestiers (mixtes),Torrent (avec végétation),NA,NA,NA,28,13431,93,173,0.391223987957891
Clethrionomys glareolus (Campagnol roussâtre),NA,744690,156718,1514,2015,NA,Milieux forestiers (mixtes),Torrent (avec végétation),NA,NA,NA,28,13431,93,173,0.391223987957891
Clethrionomys glareolus (Campagnol roussâtre),NA,744690,156718,1514,2015,NA,Milieux forestiers (mixtes),Torrent (avec végétation),NA,NA,NA,28,13431,93,173,0.391223987957891
Clethrionomys glareolus (Campagnol roussâtre),NA,744690,156718,1514,2015,NA,Milieux forestiers (mixtes),Torrent (avec végétation),NA,NA,NA,28,13431,93,173,0.391223987957891
Apodemus alpicola (Mulot alpestre),NA,744817,155497,1688,2015,NA,Prairies,Torrent (avec végétation),NA,NA,NA,26,14013,92,170,0.629968645589284
Chionomys nivalis (Campagnol des neiges),NA,744817,155497,1688,2015,NA,Prairies,Torrent (avec végétation),NA,NA,NA,26,14013,92,170,0.629968645589284
Chionomys nivalis (Campagnol des neiges),NA,744817,155497,1688,2015,NA,Prairies,Torrent (avec végétation),NA,NA,NA,26,14013,92,170,0.629968645589284
Clethrionomys glareolus (Campagnol roussâtre),NA,744817,155497,1688,2015,NA,Prairies,Torrent (avec végétation),NA,NA,NA,26,14013,92,170,0.629968645589284
Clethrionomys glareolus (Campagnol roussâtre),NA,744817,155497,1688,2015,NA,Prairies,Torrent (avec végétation),NA,NA,NA,26,14013,92,170,0.629968645589284
Clethrionomys glareolus (Campagnol roussâtre),NA,744817,155497,1688,2015,NA,Prairies,Torrent (avec végétation),NA,NA,NA,26,14013,92,170,0.629968645589284
Clethrionomys glareolus (Campagnol roussâtre),NA,744817,155497,1688,2015,NA,Prairies,Torrent (avec végétation),NA,NA,NA,26,14013,92,170,0.629968645589284
Chionomys nivalis (Campagnol des neiges),NA,744940,154458,1790,2015,NA,Prairies,Milieux anthopiques batis,NA,NA,NA,19,14954,89,160,0.986473668135489
Chionomys nivalis (Campagnol des neiges),NA,744940,154458,1790,2015,NA,Prairies,Milieux anthopiques batis,NA,NA,NA,19,14954,89,160,0.986473668135489
Chionomys nivalis (Campagnol des neiges),NA,744940,154458,1790,2015,NA,Prairies,Milieux anthopiques batis,NA,NA,NA,19,14954,89,160,0.986473668135489
Chionomys nivalis (Campagnol des neiges),NA,744940,154458,1790,2015,NA,Prairies,Milieux anthopiques batis,NA,NA,NA,19,14954,89,160,0.986473668135489
Chionomys nivalis (Campagnol des neiges),NA,744940,154458,1790,2015,NA,Prairies,Milieux anthopiques batis,NA,NA,NA,19,14954,89,160,0.986473668135489
Chionomys nivalis (Campagnol des neiges),NA,744940,154458,1790,2015,NA,Prairies,Milieux anthopiques batis,NA,NA,NA,19,14954,89,160,0.986473668135489
Chionomys nivalis (Campagnol des neiges),NA,744940,154458,1790,2015,NA,Prairies,Milieux anthopiques batis,NA,NA,NA,19,14954,89,160,0.986473668135489
Chionomys nivalis (Campagnol des neiges),NA,744940,154458,1790,2015,NA,Prairies,Milieux anthopiques batis,NA,NA,NA,19,14954,89,160,0.986473668135489
Chionomys nivalis (Campagnol des neiges),NA,744940,154458,1790,2015,NA,Prairies,Milieux anthopiques batis,NA,NA,NA,19,14954,89,160,0.986473668135489
Chionomys nivalis (Campagnol des neiges),NA,744940,154458,1790,2015,NA,Prairies,Milieux anthopiques batis,NA,NA,NA,19,14954,89,160,0.986473668135489
Chionomys nivalis (Campagnol des neiges),NA,744940,154458,1790,2015,NA,Prairies,Milieux anthopiques batis,NA,NA,NA,19,14954,89,160,0.986473668135489
Clethrionomys glareolus (Campagnol roussâtre),NA,744940,154458,1790,2015,NA,Prairies,Milieux anthopiques batis,NA,NA,NA,19,14954,89,160,0.986473668135489
Clethrionomys glareolus (Campagnol roussâtre),NA,744940,154458,1790,2015,NA,Prairies,Milieux anthopiques batis,NA,NA,NA,19,14954,89,160,0.986473668135489
Clethrionomys glareolus (Campagnol roussâtre),NA,744940,154458,1790,2015,NA,Prairies,Milieux anthopiques batis,NA,NA,NA,19,14954,89,160,0.986473668135489
Clethrionomys glareolus (Campagnol roussâtre),NA,744940,154458,1790,2015,NA,Prairies,Milieux anthopiques batis,NA,NA,NA,19,14954,89,160,0.986473668135489
Clethrionomys glareolus (Campagnol roussâtre),NA,744940,154458,1790,2015,NA,Prairies,Milieux anthopiques batis,NA,NA,NA,19,14954,89,160,0.986473668135489
Clethrionomys glareolus (Campagnol roussâtre),NA,744940,154458,1790,2015,NA,Prairies,Milieux anthopiques batis,NA,NA,NA,19,14954,89,160,0.986473668135489
Clethrionomys glareolus (Campagnol roussâtre),NA,744940,154458,1790,2015,NA,Prairies,Milieux anthopiques batis,NA,NA,NA,19,14954,89,160,0.986473668135489
Clethrionomys glareolus (Campagnol roussâtre),NA,744940,154458,1790,2015,NA,Prairies,Milieux anthopiques batis,NA,NA,NA,19,14954,89,160,0.986473668135489
Clethrionomys glareolus (Campagnol roussâtre),NA,744940,154458,1790,2015,NA,Prairies,Milieux anthopiques batis,NA,NA,NA,19,14954,89,160,0.986473668135489
Clethrionomys glareolus (Campagnol roussâtre),NA,744996,152900,2000,2015,NA,Prairies,Milieux anthopiques batis,NA,NA,NA,4,15845,84,139,1.77577802010767
Clethrionomys glareolus (Campagnol roussâtre),NA,745098,153966,1805,2015,NA,Prairies,Milieux anthopiques batis,NA,NA,NA,13,15292,87,152,1.2226116265837
Clethrionomys glareolus (Campagnol roussâtre),NA,745098,153966,1805,2015,NA,Prairies,Milieux anthopiques batis,NA,NA,NA,13,15292,87,152,1.2226116265837
Chionomys nivalis (Campagnol des neiges),NA,745138,154416,1767,2015,NA,Prairies,Torrent (sans végétation),Milieux rocheux naturels,NA,NA,19,14993,90,161,0.948237019973583
Clethrionomys glareolus (Campagnol roussâtre),NA,745167,152432,2089,2015,NA,Prairies,NA,NA,NA,NA,1,15968,83,136,1.97239075058327
Clethrionomys glareolus (Campagnol roussâtre),NA,745312,153440,1828,2015,NA,Prairies,Torrent (avec végétation),Broussailles / formations arbustives,NA,NA,9,15568,85,146,1.41022172397663
Clethrionomys glareolus (Campagnol roussâtre),NA,745312,153440,1828,2015,NA,Prairies,Torrent (avec végétation),Broussailles / formations arbustives,NA,NA,9,15568,85,146,1.41022172397663
Clethrionomys glareolus (Campagnol roussâtre),NA,745312,153440,1828,2015,NA,Prairies,Torrent (avec végétation),Broussailles / formations arbustives,NA,NA,9,15568,85,146,1.41022172397663
Apodemus alpicola (Mulot alpestre),NA,745608,158082,1461,2015,NA,Milieux forestiers (conifères),NA,NA,NA,NA,25,13536,90,167,0.480868835736343
Clethrionomys glareolus (Campagnol roussâtre),NA,745608,158082,1461,2015,NA,Milieux forestiers (conifères),NA,NA,NA,NA,25,13536,90,167,0.480868835736343
Clethrionomys glareolus (Campagnol roussâtre),NA,745608,158082,1461,2015,NA,Milieux forestiers (conifères),NA,NA,NA,NA,25,13536,90,167,0.480868835736343
Clethrionomys glareolus (Campagnol roussâtre),NA,745608,158082,1461,2015,NA,Milieux forestiers (conifères),NA,NA,NA,NA,25,13536,90,167,0.480868835736343
Clethrionomys glareolus (Campagnol roussâtre),NA,745608,158082,1461,2015,NA,Milieux forestiers (conifères),NA,NA,NA,NA,25,13536,90,167,0.480868835736343
Clethrionomys glareolus (Campagnol roussâtre),NA,745608,158082,1461,2015,NA,Milieux forestiers (conifères),NA,NA,NA,NA,25,13536,90,167,0.480868835736343
Clethrionomys glareolus (Campagnol roussâtre),NA,745608,158082,1461,2015,NA,Milieux forestiers (conifères),NA,NA,NA,NA,25,13536,90,167,0.480868835736343
Clethrionomys glareolus (Campagnol roussâtre),NA,745608,158082,1461,2015,NA,Milieux forestiers (conifères),NA,NA,NA,NA,25,13536,90,167,0.480868835736343
Clethrionomys glareolus (Campagnol roussâtre),NA,745608,158082,1461,2015,NA,Milieux forestiers (conifères),NA,NA,NA,NA,25,13536,90,167,0.480868835736343
Sorex antinorii (Musaraigne du Valais),NA,745608,158082,1461,2015,NA,Milieux forestiers (conifères),NA,NA,NA,NA,25,13536,90,167,0.480868835736343
Clethrionomys glareolus (Campagnol roussâtre),NA,745630,158036,1458,2015,NA,Milieux forestiers ouverts / perturbés (conifères),NA,NA,NA,NA,25,13528,90,167,0.483225150373213
Clethrionomys glareolus (Campagnol roussâtre),NA,745630,158036,1458,2015,NA,Milieux forestiers ouverts / perturbés (conifères),NA,NA,NA,NA,25,13528,90,167,0.483225150373213
Clethrionomys glareolus (Campagnol roussâtre),NA,745630,158036,1458,2015,NA,Milieux forestiers ouverts / perturbés (conifères),NA,NA,NA,NA,25,13528,90,167,0.483225150373213
Clethrionomys glareolus (Campagnol roussâtre),NA,745630,158036,1458,2015,NA,Milieux forestiers ouverts / perturbés (conifères),NA,NA,NA,NA,25,13528,90,167,0.483225150373213
Clethrionomys glareolus (Campagnol roussâtre),NA,745630,158036,1458,2015,NA,Milieux forestiers ouverts / perturbés (conifères),NA,NA,NA,NA,25,13528,90,167,0.483225150373213
Clethrionomys glareolus (Campagnol roussâtre),NA,745630,158036,1458,2015,NA,Milieux forestiers ouverts / perturbés (conifères),NA,NA,NA,NA,25,13528,90,167,0.483225150373213
Clethrionomys glareolus (Campagnol roussâtre),NA,745630,158036,1458,2015,NA,Milieux forestiers ouverts / perturbés (conifères),NA,NA,NA,NA,25,13528,90,167,0.483225150373213
Clethrionomys glareolus (Campagnol roussâtre),NA,745630,158036,1458,2015,NA,Milieux forestiers ouverts / perturbés (conifères),NA,NA,NA,NA,25,13528,90,167,0.483225150373213
Clethrionomys glareolus (Campagnol roussâtre),NA,745630,158036,1458,2015,NA,Milieux forestiers ouverts / perturbés (conifères),NA,NA,NA,NA,25,13528,90,167,0.483225150373213
Clethrionomys glareolus (Campagnol roussâtre),NA,745630,158036,1458,2015,NA,Milieux forestiers ouverts / perturbés (conifères),NA,NA,NA,NA,25,13528,90,167,0.483225150373213
Clethrionomys glareolus (Campagnol roussâtre),NA,745630,158036,1458,2015,NA,Milieux forestiers ouverts / perturbés (conifères),NA,NA,NA,NA,25,13528,90,167,0.483225150373213
Clethrionomys glareolus (Campagnol roussâtre),NA,745630,158036,1458,2015,NA,Milieux forestiers ouverts / perturbés (conifères),NA,NA,NA,NA,25,13528,90,167,0.483225150373213
Clethrionomys glareolus (Campagnol roussâtre),NA,745630,158036,1458,2015,NA,Milieux forestiers ouverts / perturbés (conifères),NA,NA,NA,NA,25,13528,90,167,0.483225150373213
Clethrionomys glareolus (Campagnol roussâtre),NA,745630,158036,1458,2015,NA,Milieux forestiers ouverts / perturbés (conifères),NA,NA,NA,NA,25,13528,90,167,0.483225150373213
Clethrionomys glareolus (Campagnol roussâtre),NA,745630,158036,1458,2015,NA,Milieux forestiers ouverts / perturbés (conifères),NA,NA,NA,NA,25,13528,90,167,0.483225150373213
Clethrionomys glareolus (Campagnol roussâtre),NA,745630,158036,1458,2015,NA,Milieux forestiers ouverts / perturbés (conifères),NA,NA,NA,NA,25,13528,90,167,0.483225150373213
Clethrionomys glareolus (Campagnol roussâtre),NA,745630,158036,1458,2015,NA,Milieux forestiers ouverts / perturbés (conifères),NA,NA,NA,NA,25,13528,90,167,0.483225150373213
Clethrionomys glareolus (Campagnol roussâtre),NA,745630,158036,1458,2015,NA,Milieux forestiers ouverts / perturbés (conifères),NA,NA,NA,NA,25,13528,90,167,0.483225150373213
Sorex antinorii (Musaraigne du Valais),NA,745630,158036,1458,2015,NA,Milieux forestiers ouverts / perturbés (conifères),NA,NA,NA,NA,25,13528,90,167,0.483225150373213
Clethrionomys glareolus (Campagnol roussâtre),1,584549,135197,1335,2017,Pièges à capturer vivant : PVIV,Prairies,Lisières forestières (mixtes),NA,Gsteig,BE,48,16135,90,185,-0.472293770857626
Sorex araneus (Musaraigne carrelet),1,584549,135197,1335,2017,Pièges à capturer vivant : PVIV,Prairies,Lisières forestières (mixtes),NA,Gsteig,BE,48,16135,90,185,-0.472293770857626
Apodemus flavicollis (Mulot à collier),1,584664,144126,1369,2017,Pièges à capturer vivant : PVIV,Milieux forestiers (conifères),Ruisseau (avec végétation),NA,Saanen,BE,48,15349,94,189,-0.435823226220823
Apodemus flavicollis (Mulot à collier),1,584664,144126,1369,2017,Pièges à capturer vivant : PVIV,Milieux forestiers (conifères),Ruisseau (avec végétation),NA,Saanen,BE,48,15349,94,189,-0.435823226220823
Apodemus flavicollis (Mulot à collier),1,584664,144126,1369,2017,Pièges à capturer vivant : PVIV,Milieux forestiers (conifères),Ruisseau (avec végétation),NA,Saanen,BE,48,15349,94,189,-0.435823226220823
Apodemus flavicollis (Mulot à collier),1,584664,144126,1369,2017,Pièges à capturer vivant : PVIV,Milieux forestiers (conifères),Ruisseau (avec végétation),NA,Saanen,BE,48,15349,94,189,-0.435823226220823
Apodemus flavicollis (Mulot à collier),1,584664,144126,1369,2017,Pièges à capturer vivant : PVIV,Milieux forestiers (conifères),Ruisseau (avec végétation),NA,Saanen,BE,48,15349,94,189,-0.435823226220823
Apodemus sylvaticus (Mulot sylvestre),1,584664,144126,1369,2017,Pièges à capturer vivant : PVIV,Milieux forestiers (conifères),Ruisseau (avec végétation),NA,Saanen,BE,48,15349,94,189,-0.435823226220823
Clethrionomys glareolus (Campagnol roussâtre),1,584664,144126,1369,2017,Pièges à capturer vivant : PVIV,Milieux forestiers (conifères),Ruisseau (avec végétation),NA,Saanen,BE,48,15349,94,189,-0.435823226220823
Clethrionomys glareolus (Campagnol roussâtre),1,584664,144126,1369,2017,Pièges à capturer vivant : PVIV,Milieux forestiers (conifères),Ruisseau (avec végétation),NA,Saanen,BE,48,15349,94,189,-0.435823226220823
Clethrionomys glareolus (Campagnol roussâtre),1,584664,144126,1369,2017,Pièges à capturer vivant : PVIV,Milieux forestiers (conifères),Ruisseau (avec végétation),NA,Saanen,BE,48,15349,94,189,-0.435823226220823
Clethrionomys glareolus (Campagnol roussâtre),1,584664,144126,1369,2017,Pièges à capturer vivant : PVIV,Milieux forestiers (conifères),Ruisseau (avec végétation),NA,Saanen,BE,48,15349,94,189,-0.435823226220823
Clethrionomys glareolus (Campagnol roussâtre),1,584664,144126,1369,2017,Pièges à capturer vivant : PVIV,Milieux forestiers (conifères),Ruisseau (avec végétation),NA,Saanen,BE,48,15349,94,189,-0.435823226220823
Clethrionomys glareolus (Campagnol roussâtre),1,584664,144126,1369,2017,Pièges à capturer vivant : PVIV,Milieux forestiers (conifères),Ruisseau (avec végétation),NA,Saanen,BE,48,15349,94,189,-0.435823226220823
Clethrionomys glareolus (Campagnol roussâtre),1,584664,144126,1369,2017,Pièges à capturer vivant : PVIV,Milieux forestiers (conifères),Ruisseau (avec végétation),NA,Saanen,BE,48,15349,94,189,-0.435823226220823
Clethrionomys glareolus (Campagnol roussâtre),1,584664,144126,1369,2017,Pièges à capturer vivant : PVIV,Milieux forestiers (conifères),Ruisseau (avec végétation),NA,Saanen,BE,48,15349,94,189,-0.435823226220823
Sorex araneus (Musaraigne carrelet),1,584698,135346,1324,2017,Pièges à capturer vivant : PVIV,Milieux humides (Bas marais),Ruisseau (avec végétation),NA,Gsteig,BE,48,16067,91,185,-0.486622518168678
Sorex araneus (Musaraigne carrelet),1,584698,135346,1324,2017,Pièges à capturer vivant : PVIV,Milieux humides (Bas marais),Ruisseau (avec végétation),NA,Gsteig,BE,48,16067,91,185,-0.486622518168678
Sorex araneus (Musaraigne carrelet),1,584698,135346,1324,2017,Pièges à capturer vivant : PVIV,Milieux humides (Bas marais),Ruisseau (avec végétation),NA,Gsteig,BE,48,16067,91,185,-0.486622518168678
Sorex araneus (Musaraigne carrelet),1,584698,135346,1324,2017,Pièges à capturer vivant : PVIV,Milieux humides (Bas marais),Ruisseau (avec végétation),NA,Gsteig,BE,48,16067,91,185,-0.486622518168678
Sorex araneus (Musaraigne carrelet),1,584698,135346,1324,2017,Pièges à capturer vivant : PVIV,Milieux humides (Bas marais),Ruisseau (avec végétation),NA,Gsteig,BE,48,16067,91,185,-0.486622518168678
Microtus arvalis (Campagnol des champs),1,584725,135280,1314,2017,Pièges à capturer vivant : PVIV,Milieux humides (Bas marais),NA,NA,Gsteig,BE,48,16016,91,186,-0.503813811912521
Microtus arvalis (Campagnol des champs),1,584725,135280,1314,2017,Pièges à capturer vivant : PVIV,Milieux humides (Bas marais),NA,NA,Gsteig,BE,48,16016,91,186,-0.503813811912521
Microtus arvalis (Campagnol des champs),1,584725,135280,1314,2017,Pièges à capturer vivant : PVIV,Milieux humides (Bas marais),NA,NA,Gsteig,BE,48,16016,91,186,-0.503813811912521
Microtus arvalis (Campagnol des champs),1,584725,135280,1314,2017,Pièges à capturer vivant : PVIV,Milieux humides (Bas marais),NA,NA,Gsteig,BE,48,16016,91,186,-0.503813811912521
Sorex araneus (Musaraigne carrelet),1,584725,135280,1314,2017,Pièges à capturer vivant : PVIV,Milieux humides (Bas marais),NA,NA,Gsteig,BE,48,16016,91,186,-0.503813811912521
Apodemus flavicollis (Mulot à collier),1,585314,145865,1302,2017,Pièges à capturer vivant : PVIV,Prairies,Ruisseau (avec végétation),NA,Saanen,BE,56,14698,104,205,-0.920186020295321
Apodemus flavicollis (Mulot à collier),1,585314,145865,1302,2017,Pièges à capturer vivant : PVIV,Prairies,Ruisseau (avec végétation),NA,Saanen,BE,56,14698,104,205,-0.920186020295321
Apodemus flavicollis (Mulot à collier),1,585314,145865,1302,2017,Pièges à capturer vivant : PVIV,Prairies,Ruisseau (avec végétation),NA,Saanen,BE,56,14698,104,205,-0.920186020295321
Apodemus flavicollis (Mulot à collier),1,585314,145865,1302,2017,Pièges à capturer vivant : PVIV,Prairies,Ruisseau (avec végétation),NA,Saanen,BE,56,14698,104,205,-0.920186020295321
Apodemus flavicollis (Mulot à collier),1,585314,145865,1302,2017,Pièges à capturer vivant : PVIV,Prairies,Ruisseau (avec végétation),NA,Saanen,BE,56,14698,104,205,-0.920186020295321
Apodemus flavicollis (Mulot à collier),1,585314,145865,1302,2017,Pièges à capturer vivant : PVIV,Prairies,Ruisseau (avec végétation),NA,Saanen,BE,56,14698,104,205,-0.920186020295321
Apodemus flavicollis (Mulot à collier),1,585314,145865,1302,2017,Pièges à capturer vivant : PVIV,Prairies,Ruisseau (avec végétation),NA,Saanen,BE,56,14698,104,205,-0.920186020295321
Apodemus flavicollis (Mulot à collier),1,585314,145865,1302,2017,Pièges à capturer vivant : PVIV,Prairies,Ruisseau (avec végétation),NA,Saanen,BE,56,14698,104,205,-0.920186020295321
Apodemus flavicollis (Mulot à collier),1,585314,145865,1302,2017,Pièges à capturer vivant : PVIV,Prairies,Ruisseau (avec végétation),NA,Saanen,BE,56,14698,104,205,-0.920186020295321
Apodemus flavicollis (Mulot à collier),1,585314,145865,1302,2017,Pièges à capturer vivant : PVIV,Prairies,Ruisseau (avec végétation),NA,Saanen,BE,56,14698,104,205,-0.920186020295321
Apodemus flavicollis (Mulot à collier),1,585314,145865,1302,2017,Pièges à capturer vivant : PVIV,Prairies,Ruisseau (avec végétation),NA,Saanen,BE,56,14698,104,205,-0.920186020295321
Apodemus sylvaticus (Mulot sylvestre),2,585314,145865,1302,2017,Pièges à capturer vivant : PVIV,Prairies,Ruisseau (avec végétation),NA,Saanen,BE,56,14698,104,205,-0.920186020295321
Apodemus sylvaticus (Mulot sylvestre),1,585314,145865,1302,2017,Pièges à capturer vivant : PVIV,Prairies,Ruisseau (avec végétation),NA,Saanen,BE,56,14698,104,205,-0.920186020295321
Apodemus sylvaticus (Mulot sylvestre),1,585314,145865,1302,2017,Pièges à capturer vivant : PVIV,Prairies,Ruisseau (avec végétation),NA,Saanen,BE,56,14698,104,205,-0.920186020295321
Apodemus sylvaticus (Mulot sylvestre),1,585314,145865,1302,2017,Pièges à capturer vivant : PVIV,Prairies,Ruisseau (avec végétation),NA,Saanen,BE,56,14698,104,205,-0.920186020295321
Clethrionomys glareolus (Campagnol roussâtre),1,585314,145865,1302,2017,Pièges à capturer vivant : PVIV,Prairies,Ruisseau (avec végétation),NA,Saanen,BE,56,14698,104,205,-0.920186020295321
Clethrionomys glareolus (Campagnol roussâtre),1,585314,145865,1302,2017,Pièges à capturer vivant : PVIV,Prairies,Ruisseau (avec végétation),NA,Saanen,BE,56,14698,104,205,-0.920186020295321
Clethrionomys glareolus (Campagnol roussâtre),1,585314,145865,1302,2017,Pièges à capturer vivant : PVIV,Prairies,Ruisseau (avec végétation),NA,Saanen,BE,56,14698,104,205,-0.920186020295321
Clethrionomys glareolus (Campagnol roussâtre),1,585314,145865,1302,2017,Pièges à capturer vivant : PVIV,Prairies,Ruisseau (avec végétation),NA,Saanen,BE,56,14698,104,205,-0.920186020295321
Clethrionomys glareolus (Campagnol roussâtre),1,585314,145865,1302,2017,Pièges à capturer vivant : PVIV,Prairies,Ruisseau (avec végétation),NA,Saanen,BE,56,14698,104,205,-0.920186020295321
Apodemus flavicollis (Mulot à collier),1,585714,144260,1468,2017,Pièges à capturer vivant : PVIV,Milieux humides (prairies humides),Structures linéaires arborées dans les paysages agricoles,NA,Saanen,BE,50,14891,97,193,-0.45033403954251
Apodemus flavicollis (Mulot à collier),1,585714,144260,1468,2017,Pièges à capturer vivant : PVIV,Milieux humides (prairies humides),Structures linéaires arborées dans les paysages agricoles,NA,Saanen,BE,50,14891,97,193,-0.45033403954251
Apodemus flavicollis (Mulot à collier),1,585714,144260,1468,2017,Pièges à capturer vivant : PVIV,Milieux humides (prairies humides),Structures linéaires arborées dans les paysages agricoles,NA,Saanen,BE,50,14891,97,193,-0.45033403954251
Apodemus flavicollis (Mulot à collier),1,585714,144260,1468,2017,Pièges à capturer vivant : PVIV,Milieux humides (prairies humides),Structures linéaires arborées dans les paysages agricoles,NA,Saanen,BE,50,14891,97,193,-0.45033403954251
Apodemus sylvaticus (Mulot sylvestre),1,585714,144260,1468,2017,Pièges à capturer vivant : PVIV,Milieux humides (prairies humides),Structures linéaires arborées dans les paysages agricoles,NA,Saanen,BE,50,14891,97,193,-0.45033403954251
Apodemus sylvaticus (Mulot sylvestre),1,585714,144260,1468,2017,Pièges à capturer vivant : PVIV,Milieux humides (prairies humides),Structures linéaires arborées dans les paysages agricoles,NA,Saanen,BE,50,14891,97,193,-0.45033403954251
Apodemus sylvaticus (Mulot sylvestre),1,585714,144260,1468,2017,Pièges à capturer vivant : PVIV,Milieux humides (prairies humides),Structures linéaires arborées dans les paysages agricoles,NA,Saanen,BE,50,14891,97,193,-0.45033403954251
Apodemus sylvaticus (Mulot sylvestre),1,585714,144260,1468,2017,Pièges à capturer vivant : PVIV,Milieux humides (prairies humides),Structures linéaires arborées dans les paysages agricoles,NA,Saanen,BE,50,14891,97,193,-0.45033403954251
Clethrionomys glareolus (Campagnol roussâtre),1,585714,144260,1468,2017,Pièges à capturer vivant : PVIV,Milieux humides (prairies humides),Structures linéaires arborées dans les paysages agricoles,NA,Saanen,BE,50,14891,97,193,-0.45033403954251
Clethrionomys glareolus (Campagnol roussâtre),1,585714,144260,1468,2017,Pièges à capturer vivant : PVIV,Milieux humides (prairies humides),Structures linéaires arborées dans les paysages agricoles,NA,Saanen,BE,50,14891,97,193,-0.45033403954251
Clethrionomys glareolus (Campagnol roussâtre),1,585714,144260,1468,2017,Pièges à capturer vivant : PVIV,Milieux humides (prairies humides),Structures linéaires arborées dans les paysages agricoles,NA,Saanen,BE,50,14891,97,193,-0.45033403954251
Clethrionomys glareolus (Campagnol roussâtre),1,585714,144260,1468,2017,Pièges à capturer vivant : PVIV,Milieux humides (prairies humides),Structures linéaires arborées dans les paysages agricoles,NA,Saanen,BE,50,14891,97,193,-0.45033403954251
Clethrionomys glareolus (Campagnol roussâtre),1,585714,144260,1468,2017,Pièges à capturer vivant : PVIV,Milieux humides (prairies humides),Structures linéaires arborées dans les paysages agricoles,NA,Saanen,BE,50,14891,97,193,-0.45033403954251
Clethrionomys glareolus (Campagnol roussâtre),1,585714,144260,1468,2017,Pièges à capturer vivant : PVIV,Milieux humides (prairies humides),Structures linéaires arborées dans les paysages agricoles,NA,Saanen,BE,50,14891,97,193,-0.45033403954251
Clethrionomys glareolus (Campagnol roussâtre),1,585714,144260,1468,2017,Pièges à capturer vivant : PVIV,Milieux humides (prairies humides),Structures linéaires arborées dans les paysages agricoles,NA,Saanen,BE,50,14891,97,193,-0.45033403954251
Clethrionomys glareolus (Campagnol roussâtre),1,585714,144260,1468,2017,Pièges à capturer vivant : PVIV,Milieux humides (prairies humides),Structures linéaires arborées dans les paysages agricoles,NA,Saanen,BE,50,14891,97,193,-0.45033403954251
Clethrionomys glareolus (Campagnol roussâtre),1,585714,144260,1468,2017,Pièges à capturer vivant : PVIV,Milieux humides (prairies humides),Structures linéaires arborées dans les paysages agricoles,NA,Saanen,BE,50,14891,97,193,-0.45033403954251
Microtus agrestis (Campagnol agreste),1,585714,144260,1468,2017,Pièges à capturer vivant : PVIV,Milieux humides (prairies humides),Structures linéaires arborées dans les paysages agricoles,NA,Saanen,BE,50,14891,97,193,-0.45033403954251
Microtus agrestis (Campagnol agreste),1,585714,144260,1468,2017,Pièges à capturer vivant : PVIV,Milieux humides (prairies humides),Structures linéaires arborées dans les paysages agricoles,NA,Saanen,BE,50,14891,97,193,-0.45033403954251
Microtus agrestis (Campagnol agreste),1,585714,144260,1468,2017,Pièges à capturer vivant : PVIV,Milieux humides (prairies humides),Structures linéaires arborées dans les paysages agricoles,NA,Saanen,BE,50,14891,97,193,-0.45033403954251
Sorex araneus (Musaraigne carrelet),1,585714,144260,1468,2017,Pièges à capturer vivant : PVIV,Milieux humides (prairies humides),Structures linéaires arborées dans les paysages agricoles,NA,Saanen,BE,50,14891,97,193,-0.45033403954251
Apodemus flavicollis (Mulot à collier),1,585973,143737,1280,2017,Pièges à capturer vivant : PVIV,Prairies,Ruisseau (avec végétation),NA,Saanen,BE,54,14758,102,201,-0.844993567538914
Apodemus flavicollis (Mulot à collier),1,585973,143737,1280,2017,Pièges à capturer vivant : PVIV,Prairies,Ruisseau (avec végétation),NA,Saanen,BE,54,14758,102,201,-0.844993567538914
Apodemus flavicollis (Mulot à collier),1,585973,143737,1280,2017,Pièges à capturer vivant : PVIV,Prairies,Ruisseau (avec végétation),NA,Saanen,BE,54,14758,102,201,-0.844993567538914
Apodemus sylvaticus (Mulot sylvestre),1,585973,143737,1280,2017,Pièges à capturer vivant : PVIV,Prairies,Ruisseau (avec végétation),NA,Saanen,BE,54,14758,102,201,-0.844993567538914
Apodemus sylvaticus (Mulot sylvestre),1,585973,143737,1280,2017,Pièges à capturer vivant : PVIV,Prairies,Ruisseau (avec végétation),NA,Saanen,BE,54,14758,102,201,-0.844993567538914
Apodemus sylvaticus (Mulot sylvestre),1,585973,143737,1280,2017,Pièges à capturer vivant : PVIV,Prairies,Ruisseau (avec végétation),NA,Saanen,BE,54,14758,102,201,-0.844993567538914
Apodemus sylvaticus (Mulot sylvestre),1,585973,143737,1280,2017,Pièges à capturer vivant : PVIV,Prairies,Ruisseau (avec végétation),NA,Saanen,BE,54,14758,102,201,-0.844993567538914
Apodemus sylvaticus (Mulot sylvestre),1,585973,143737,1280,2017,Pièges à capturer vivant : PVIV,Prairies,Ruisseau (avec végétation),NA,Saanen,BE,54,14758,102,201,-0.844993567538914
Clethrionomys glareolus (Campagnol roussâtre),1,585973,143737,1280,2017,Pièges à capturer vivant : PVIV,Prairies,Ruisseau (avec végétation),NA,Saanen,BE,54,14758,102,201,-0.844993567538914
Clethrionomys glareolus (Campagnol roussâtre),1,585973,143737,1280,2017,Pièges à capturer vivant : PVIV,Prairies,Ruisseau (avec végétation),NA,Saanen,BE,54,14758,102,201,-0.844993567538914
Apodemus sylvaticus (Mulot sylvestre),1,586580,145912,1526,2017,Pièges à capturer vivant : PVIV,Prairies,Milieux anthopiques batis,NA,Saanen,BE,52,14194,100,198,-0.474615750441421
Apodemus sylvaticus (Mulot sylvestre),1,586580,145912,1526,2017,Pièges à capturer vivant : PVIV,Prairies,Milieux anthopiques batis,NA,Saanen,BE,52,14194,100,198,-0.474615750441421
Apodemus sylvaticus (Mulot sylvestre),1,586580,145912,1526,2017,Pièges à capturer vivant : PVIV,Prairies,Milieux anthopiques batis,NA,Saanen,BE,52,14194,100,198,-0.474615750441421
Microtus arvalis (Campagnol des champs),1,586580,145912,1526,2017,Pièges à capturer vivant : PVIV,Prairies,Milieux anthopiques batis,NA,Saanen,BE,52,14194,100,198,-0.474615750441421
Microtus arvalis (Campagnol des champs),1,586580,145912,1526,2017,Pièges à capturer vivant : PVIV,Prairies,Milieux anthopiques batis,NA,Saanen,BE,52,14194,100,198,-0.474615750441421
Apodemus flavicollis (Mulot à collier),1,587024,145246,1289,2017,Pièges à capturer vivant : PVIV,Prairies,Structures linéaires arborées dans les paysages agricoles,NA,Saanen,BE,58,14229,108,211,-1.04649109761071
Apodemus flavicollis (Mulot à collier),1,587024,145246,1289,2017,Pièges à capturer vivant : PVIV,Prairies,Structures linéaires arborées dans les paysages agricoles,NA,Saanen,BE,58,14229,108,211,-1.04649109761071
Apodemus flavicollis (Mulot à collier),1,587024,145246,1289,2017,Pièges à capturer vivant : PVIV,Prairies,Structures linéaires arborées dans les paysages agricoles,NA,Saanen,BE,58,14229,108,211,-1.04649109761071
Apodemus flavicollis (Mulot à collier),1,587024,145246,1289,2017,Pièges à capturer vivant : PVIV,Prairies,Structures linéaires arborées dans les paysages agricoles,NA,Saanen,BE,58,14229,108,211,-1.04649109761071
Apodemus flavicollis (Mulot à collier),1,587024,145246,1289,2017,Pièges à capturer vivant : PVIV,Prairies,Structures linéaires arborées dans les paysages agricoles,NA,Saanen,BE,58,14229,108,211,-1.04649109761071
Apodemus sylvaticus (Mulot sylvestre),1,587024,145246,1289,2017,Pièges à capturer vivant : PVIV,Prairies,Structures linéaires arborées dans les paysages agricoles,NA,Saanen,BE,58,14229,108,211,-1.04649109761071
Clethrionomys glareolus (Campagnol roussâtre),1,587024,145246,1289,2017,Pièges à capturer vivant : PVIV,Prairies,Structures linéaires arborées dans les paysages agricoles,NA,Saanen,BE,58,14229,108,211,-1.04649109761071
Clethrionomys glareolus (Campagnol roussâtre),1,587034,139690,1130,2017,Pièges à capturer vivant : PVIV,Milieux humides (prairies humides),Ruisseau (avec végétation),NA,Gsteig,BE,54,14648,101,200,-0.98098414495469
Clethrionomys glareolus (Campagnol roussâtre),1,587034,139690,1130,2017,Pièges à capturer vivant : PVIV,Milieux humides (prairies humides),Ruisseau (avec végétation),NA,Gsteig,BE,54,14648,101,200,-0.98098414495469
Sorex araneus (Musaraigne carrelet),1,587034,139690,1130,2017,Pièges à capturer vivant : PVIV,Milieux humides (prairies humides),Ruisseau (avec végétation),NA,Gsteig,BE,54,14648,101,200,-0.98098414495469
Apodemus flavicollis (Mulot à collier),1,587276,137611,1190,2017,Pièges à capturer vivant : PVIV,Prairies,Ruisseau (avec végétation),NA,Gsteig,BE,55,14856,101,202,-0.980709576905678
Apodemus flavicollis (Mulot à collier),1,587276,137611,1190,2017,Pièges à capturer vivant : PVIV,Prairies,Ruisseau (avec végétation),NA,Gsteig,BE,55,14856,101,202,-0.980709576905678
Clethrionomys glareolus (Campagnol roussâtre),1,587276,137611,1190,2017,Pièges à capturer vivant : PVIV,Prairies,Ruisseau (avec végétation),NA,Gsteig,BE,55,14856,101,202,-0.980709576905678
Clethrionomys glareolus (Campagnol roussâtre),1,587276,137611,1190,2017,Pièges à capturer vivant : PVIV,Prairies,Ruisseau (avec végétation),NA,Gsteig,BE,55,14856,101,202,-0.980709576905678
Apodemus flavicollis (Mulot à collier),1,587309,145643,1287,2017,Pièges à capturer vivant : PVIV,Prairies,Lisières forestières (conifères),NA,Saanen,BE,59,14087,109,213,-1.09073501952148
Apodemus flavicollis (Mulot à collier),1,587309,145643,1287,2017,Pièges à capturer vivant : PVIV,Prairies,Lisières forestières (conifères),NA,Saanen,BE,59,14087,109,213,-1.09073501952148
Apodemus flavicollis (Mulot à collier),1,587309,145643,1287,2017,Pièges à capturer vivant : PVIV,Prairies,Lisières forestières (conifères),NA,Saanen,BE,59,14087,109,213,-1.09073501952148
Apodemus flavicollis (Mulot à collier),1,587309,145643,1287,2017,Pièges à capturer vivant : PVIV,Prairies,Lisières forestières (conifères),NA,Saanen,BE,59,14087,109,213,-1.09073501952148
Apodemus flavicollis (Mulot à collier),1,587309,145643,1287,2017,Pièges à capturer vivant : PVIV,Prairies,Lisières forestières (conifères),NA,Saanen,BE,59,14087,109,213,-1.09073501952148
Clethrionomys glareolus (Campagnol roussâtre),1,587309,145643,1287,2017,Pièges à capturer vivant : PVIV,Prairies,Lisières forestières (conifères),NA,Saanen,BE,59,14087,109,213,-1.09073501952148
Clethrionomys glareolus (Campagnol roussâtre),1,587309,145643,1287,2017,Pièges à capturer vivant : PVIV,Prairies,Lisières forestières (conifères),NA,Saanen,BE,59,14087,109,213,-1.09073501952148
Clethrionomys glareolus (Campagnol roussâtre),1,587309,145643,1287,2017,Pièges à capturer vivant : PVIV,Prairies,Lisières forestières (conifères),NA,Saanen,BE,59,14087,109,213,-1.09073501952148
Clethrionomys glareolus (Campagnol roussâtre),1,587309,145643,1287,2017,Pièges à capturer vivant : PVIV,Prairies,Lisières forestières (conifères),NA,Saanen,BE,59,14087,109,213,-1.09073501952148
Clethrionomys glareolus (Campagnol roussâtre),1,587309,145643,1287,2017,Pièges à capturer vivant : PVIV,Prairies,Lisières forestières (conifères),NA,Saanen,BE,59,14087,109,213,-1.09073501952148
Microtus agrestis (Campagnol agreste),1,587309,145643,1287,2017,Pièges à capturer vivant : PVIV,Prairies,Lisières forestières (conifères),NA,Saanen,BE,59,14087,109,213,-1.09073501952148
Apodemus flavicollis (Mulot à collier),1,587356,137358,1175,2017,Pièges à capturer vivant : PVIV,Milieux humides (prairies humides),Structures linéaires arborées dans les paysages agricoles,NA,Gsteig,BE,55,14896,101,202,-0.990385533255624
Clethrionomys glareolus (Campagnol roussâtre),1,587356,137358,1175,2017,Pièges à capturer vivant : PVIV,Milieux humides (prairies humides),Structures linéaires arborées dans les paysages agricoles,NA,Gsteig,BE,55,14896,101,202,-0.990385533255624
Apodemus sylvaticus (Mulot sylvestre),1,587413,137334,1177,2017,Pièges à capturer vivant : PVIV,Milieux humides (prairies humides),Structures linéaires arborées dans les paysages agricoles,NA,Gsteig,BE,56,14909,102,203,-1.02543599518407
Microtus arvalis (Campagnol des champs),1,587413,137334,1177,2017,Pièges à capturer vivant : PVIV,Milieux humides (prairies humides),Structures linéaires arborées dans les paysages agricoles,NA,Gsteig,BE,56,14909,102,203,-1.02543599518407
Microtus arvalis (Campagnol des champs),1,587413,137334,1177,2017,Pièges à capturer vivant : PVIV,Milieux humides (prairies humides),Structures linéaires arborées dans les paysages agricoles,NA,Gsteig,BE,56,14909,102,203,-1.02543599518407
Microtus arvalis (Campagnol des champs),1,587413,137334,1177,2017,Pièges à capturer vivant : PVIV,Milieux humides (prairies humides),Structures linéaires arborées dans les paysages agricoles,NA,Gsteig,BE,56,14909,102,203,-1.02543599518407
Microtus agrestis (Campagnol agreste),1,587636,138656,1258,2017,Pièges à capturer vivant : PVIV,Milieux humides (Bas marais),NA,NA,Gsteig,BE,54,14766,100,199,-0.824458913800891
Microtus agrestis (Campagnol agreste),1,587636,138656,1258,2017,Pièges à capturer vivant : PVIV,Milieux humides (Bas marais),NA,NA,Gsteig,BE,54,14766,100,199,-0.824458913800891
Microtus agrestis (Campagnol agreste),1,587636,138656,1258,2017,Pièges à capturer vivant : PVIV,Milieux humides (Bas marais),NA,NA,Gsteig,BE,54,14766,100,199,-0.824458913800891
Microtus agrestis (Campagnol agreste),1,587636,138656,1258,2017,Pièges à capturer vivant : PVIV,Milieux humides (Bas marais),NA,NA,Gsteig,BE,54,14766,100,199,-0.824458913800891
Apodemus flavicollis (Mulot à collier),1,587798,136121,1207,2017,Pièges à capturer vivant : PVIV,Milieux forestiers (feuillus),Ruisseau (avec végétation),NA,Gsteig,BE,61,15832,105,211,-1.25960266232229
Apodemus flavicollis (Mulot à collier),1,587798,136121,1207,2017,Pièges à capturer vivant : PVIV,Milieux forestiers (feuillus),Ruisseau (avec végétation),NA,Gsteig,BE,61,15832,105,211,-1.25960266232229
Apodemus flavicollis (Mulot à collier),1,587798,136121,1207,2017,Pièges à capturer vivant : PVIV,Milieux forestiers (feuillus),Ruisseau (avec végétation),NA,Gsteig,BE,61,15832,105,211,-1.25960266232229
Apodemus flavicollis (Mulot à collier),1,587798,136121,1207,2017,Pièges à capturer vivant : PVIV,Milieux forestiers (feuillus),Ruisseau (avec végétation),NA,Gsteig,BE,61,15832,105,211,-1.25960266232229
Apodemus sylvaticus (Mulot sylvestre),1,587798,136121,1207,2017,Pièges à capturer vivant : PVIV,Milieux forestiers (feuillus),Ruisseau (avec végétation),NA,Gsteig,BE,61,15832,105,211,-1.25960266232229
Clethrionomys glareolus (Campagnol roussâtre),1,587798,136121,1207,2017,Pièges à capturer vivant : PVIV,Milieux forestiers (feuillus),Ruisseau (avec végétation),NA,Gsteig,BE,61,15832,105,211,-1.25960266232229
Clethrionomys glareolus (Campagnol roussâtre),1,587798,136121,1207,2017,Pièges à capturer vivant : PVIV,Milieux forestiers (feuillus),Ruisseau (avec végétation),NA,Gsteig,BE,61,15832,105,211,-1.25960266232229
Clethrionomys glareolus (Campagnol roussâtre),1,587798,136121,1207,2017,Pièges à capturer vivant : PVIV,Milieux forestiers (feuillus),Ruisseau (avec végétation),NA,Gsteig,BE,61,15832,105,211,-1.25960266232229
Clethrionomys glareolus (Campagnol roussâtre),1,587798,136121,1207,2017,Pièges à capturer vivant : PVIV,Milieux forestiers (feuillus),Ruisseau (avec végétation),NA,Gsteig,BE,61,15832,105,211,-1.25960266232229
Clethrionomys glareolus (Campagnol roussâtre),1,587798,136121,1207,2017,Pièges à capturer vivant : PVIV,Milieux forestiers (feuillus),Ruisseau (avec végétation),NA,Gsteig,BE,61,15832,105,211,-1.25960266232229
Sorex araneus (Musaraigne carrelet),1,587798,136121,1207,2017,Pièges à capturer vivant : PVIV,Milieux forestiers (feuillus),Ruisseau (avec végétation),NA,Gsteig,BE,61,15832,105,211,-1.25960266232229
Sorex araneus (Musaraigne carrelet),1,587798,136121,1207,2017,Pièges à capturer vivant : PVIV,Milieux forestiers (feuillus),Ruisseau (avec végétation),NA,Gsteig,BE,61,15832,105,211,-1.25960266232229
Clethrionomys glareolus (Campagnol roussâtre),1,587813,138478,1304,2017,Pièges à capturer vivant : PVIV,Milieux humides (Bas marais),Structures linéaires arborées dans les paysages agricoles,NA,Gsteig,BE,54,15025,101,200,-0.803217007856376
Clethrionomys glareolus (Campagnol roussâtre),1,587813,138478,1304,2017,Pièges à capturer vivant : PVIV,Milieux humides (Bas marais),Structures linéaires arborées dans les paysages agricoles,NA,Gsteig,BE,54,15025,101,200,-0.803217007856376
Clethrionomys glareolus (Campagnol roussâtre),1,587813,138478,1304,2017,Pièges à capturer vivant : PVIV,Milieux humides (Bas marais),Structures linéaires arborées dans les paysages agricoles,NA,Gsteig,BE,54,15025,101,200,-0.803217007856376
Clethrionomys glareolus (Campagnol roussâtre),1,587813,138478,1304,2017,Pièges à capturer vivant : PVIV,Milieux humides (Bas marais),Structures linéaires arborées dans les paysages agricoles,NA,Gsteig,BE,54,15025,101,200,-0.803217007856376
Microtus agrestis (Campagnol agreste),1,590068,140198,1442,2017,Lebendfalle : PVIV,Milieux humides (prairies humides),Ruisseau (sans végétation),NA,Lauenen,BE,51,14908,99,196,-0.543735330468407
Microtus agrestis (Campagnol agreste),1,590068,140198,1442,2017,Lebendfalle : PVIV,Milieux humides (prairies humides),Ruisseau (sans végétation),NA,Lauenen,BE,51,14908,99,196,-0.543735330468407
Microtus agrestis (Campagnol agreste),1,590068,140198,1442,2017,Lebendfalle : PVIV,Milieux humides (prairies humides),Ruisseau (sans végétation),NA,Lauenen,BE,51,14908,99,196,-0.543735330468407
Apodemus flavicollis (Mulot à collier),1,590356,140395,1388,2017,Lebendfalle : PVIV,Milieux humides (prairies humides),Lisières forestières (conifères),NA,Lauenen,BE,51,14517,99,195,-0.564034950993098
Clethrionomys glareolus (Campagnol roussâtre),1,590356,140395,1388,2017,Lebendfalle : PVIV,Milieux humides (prairies humides),Lisières forestières (conifères),NA,Lauenen,BE,51,14517,99,195,-0.564034950993098
Clethrionomys glareolus (Campagnol roussâtre),1,590356,140395,1388,2017,Lebendfalle : PVIV,Milieux humides (prairies humides),Lisières forestières (conifères),NA,Lauenen,BE,51,14517,99,195,-0.564034950993098
Clethrionomys glareolus (Campagnol roussâtre),1,590356,140395,1388,2017,Lebendfalle : PVIV,Milieux humides (prairies humides),Lisières forestières (conifères),NA,Lauenen,BE,51,14517,99,195,-0.564034950993098
Microtus agrestis (Campagnol agreste),1,590356,140395,1388,2017,Lebendfalle : PVIV,Milieux humides (prairies humides),Lisières forestières (conifères),NA,Lauenen,BE,51,14517,99,195,-0.564034950993098
Microtus agrestis (Campagnol agreste),1,590356,140395,1388,2017,Lebendfalle : PVIV,Milieux humides (prairies humides),Lisières forestières (conifères),NA,Lauenen,BE,51,14517,99,195,-0.564034950993098
Microtus agrestis (Campagnol agreste),1,590356,140395,1388,2017,Lebendfalle : PVIV,Milieux humides (prairies humides),Lisières forestières (conifères),NA,Lauenen,BE,51,14517,99,195,-0.564034950993098
Microtus agrestis (Campagnol agreste),1,590356,140395,1388,2017,Lebendfalle : PVIV,Milieux humides (prairies humides),Lisières forestières (conifères),NA,Lauenen,BE,51,14517,99,195,-0.564034950993098
Microtus agrestis (Campagnol agreste),1,590356,140395,1388,2017,Lebendfalle : PVIV,Milieux humides (prairies humides),Lisières forestières (conifères),NA,Lauenen,BE,51,14517,99,195,-0.564034950993098
Microtus agrestis (Campagnol agreste),1,590356,140395,1388,2017,Lebendfalle : PVIV,Milieux humides (prairies humides),Lisières forestières (conifères),NA,Lauenen,BE,51,14517,99,195,-0.564034950993098
Microtus agrestis (Campagnol agreste),1,590356,140395,1388,2017,Lebendfalle : PVIV,Milieux humides (prairies humides),Lisières forestières (conifères),NA,Lauenen,BE,51,14517,99,195,-0.564034950993098
Microtus agrestis (Campagnol agreste),1,590356,140395,1388,2017,Lebendfalle : PVIV,Milieux humides (prairies humides),Lisières forestières (conifères),NA,Lauenen,BE,51,14517,99,195,-0.564034950993098
Apodemus alpicola (Mulot alpestre),1,591056,139970,1326,2017,Lebendfalle : PVIV,Prairies,Milieux anthopiques batis,NA,Lauenen,BE,53,14792,101,199,-0.744779163660903
Apodemus alpicola (Mulot alpestre),1,591056,139970,1326,2017,Lebendfalle : PVIV,Prairies,Milieux anthopiques batis,NA,Lauenen,BE,53,14792,101,199,-0.744779163660903
Clethrionomys glareolus (Campagnol roussâtre),1,591056,139970,1326,2017,Lebendfalle : PVIV,Prairies,Milieux anthopiques batis,NA,Lauenen,BE,53,14792,101,199,-0.744779163660903
Microtus agrestis (Campagnol agreste),1,591056,139970,1326,2017,Lebendfalle : PVIV,Prairies,Milieux anthopiques batis,NA,Lauenen,BE,53,14792,101,199,-0.744779163660903
Microtus agrestis (Campagnol agreste),1,591056,139970,1326,2017,Lebendfalle : PVIV,Prairies,Milieux anthopiques batis,NA,Lauenen,BE,53,14792,101,199,-0.744779163660903
Apodemus alpicola (Mulot alpestre),1,591331,139815,1250,2017,Lebendfalle : PVIV,Milieux humides (prairies humides),Lisières forestières (conifères),NA,Lauenen,BE,55,14838,104,204,-0.942356942170233
Clethrionomys glareolus (Campagnol roussâtre),1,591331,139815,1250,2017,Lebendfalle : PVIV,Milieux humides (prairies humides),Lisières forestières (conifères),NA,Lauenen,BE,55,14838,104,204,-0.942356942170233
Clethrionomys glareolus (Campagnol roussâtre),1,591331,139815,1250,2017,Lebendfalle : PVIV,Milieux humides (prairies humides),Lisières forestières (conifères),NA,Lauenen,BE,55,14838,104,204,-0.942356942170233
Clethrionomys glareolus (Campagnol roussâtre),1,591331,139815,1250,2017,Lebendfalle : PVIV,Milieux humides (prairies humides),Lisières forestières (conifères),NA,Lauenen,BE,55,14838,104,204,-0.942356942170233
Clethrionomys glareolus (Campagnol roussâtre),1,591331,139815,1250,2017,Lebendfalle : PVIV,Milieux humides (prairies humides),Lisières forestières (conifères),NA,Lauenen,BE,55,14838,104,204,-0.942356942170233
Clethrionomys glareolus (Campagnol roussâtre),1,591331,139815,1250,2017,Lebendfalle : PVIV,Milieux humides (prairies humides),Lisières forestières (conifères),NA,Lauenen,BE,55,14838,104,204,-0.942356942170233
Clethrionomys glareolus (Campagnol roussâtre),1,591331,139815,1250,2017,Lebendfalle : PVIV,Milieux humides (prairies humides),Lisières forestières (conifères),NA,Lauenen,BE,55,14838,104,204,-0.942356942170233
Clethrionomys glareolus (Campagnol roussâtre),1,591331,139815,1250,2017,Lebendfalle : PVIV,Milieux humides (prairies humides),Lisières forestières (conifères),NA,Lauenen,BE,55,14838,104,204,-0.942356942170233
Clethrionomys glareolus (Campagnol roussâtre),1,591331,139815,1250,2017,Lebendfalle : PVIV,Milieux humides (prairies humides),Lisières forestières (conifères),NA,Lauenen,BE,55,14838,104,204,-0.942356942170233
Clethrionomys glareolus (Campagnol roussâtre),1,591331,139815,1250,2017,Lebendfalle : PVIV,Milieux humides (prairies humides),Lisières forestières (conifères),NA,Lauenen,BE,55,14838,104,204,-0.942356942170233
Clethrionomys glareolus (Campagnol roussâtre),1,591442,139824,1240,2017,Lebendfalle : PVIV,Milieux humides (prairies humides),Structures linéaires arborées dans les paysages agricoles,NA,Lauenen,BE,55,14847,104,204,-0.950653107795238
Clethrionomys glareolus (Campagnol roussâtre),1,591442,139824,1240,2017,Lebendfalle : PVIV,Milieux humides (prairies humides),Structures linéaires arborées dans les paysages agricoles,NA,Lauenen,BE,55,14847,104,204,-0.950653107795238
Clethrionomys glareolus (Campagnol roussâtre),1,591442,139824,1240,2017,Lebendfalle : PVIV,Milieux humides (prairies humides),Structures linéaires arborées dans les paysages agricoles,NA,Lauenen,BE,55,14847,104,204,-0.950653107795238
Clethrionomys glareolus (Campagnol roussâtre),1,591442,139824,1240,2017,Lebendfalle : PVIV,Milieux humides (prairies humides),Structures linéaires arborées dans les paysages agricoles,NA,Lauenen,BE,55,14847,104,204,-0.950653107795238
Clethrionomys glareolus (Campagnol roussâtre),1,591442,139824,1240,2017,Lebendfalle : PVIV,Milieux humides (prairies humides),Structures linéaires arborées dans les paysages agricoles,NA,Lauenen,BE,55,14847,104,204,-0.950653107795238
Microtus agrestis (Campagnol agreste),1,591442,139824,1240,2017,Lebendfalle : PVIV,Milieux humides (prairies humides),Structures linéaires arborées dans les paysages agricoles,NA,Lauenen,BE,55,14847,104,204,-0.950653107795238
Sorex araneus (Musaraigne carrelet),1,591442,139824,1240,2017,Lebendfalle : PVIV,Milieux humides (prairies humides),Structures linéaires arborées dans les paysages agricoles,NA,Lauenen,BE,55,14847,104,204,-0.950653107795238
Sorex araneus (Musaraigne carrelet),1,591442,139824,1240,2017,Lebendfalle : PVIV,Milieux humides (prairies humides),Structures linéaires arborées dans les paysages agricoles,NA,Lauenen,BE,55,14847,104,204,-0.950653107795238
Sorex araneus (Musaraigne carrelet),1,591442,139824,1240,2017,Lebendfalle : PVIV,Milieux humides (prairies humides),Structures linéaires arborées dans les paysages agricoles,NA,Lauenen,BE,55,14847,104,204,-0.950653107795238
Apodemus flavicollis (Mulot à collier),1,591534,141498,1308,2017,Lebendfalle : PVIV,Prairies,Ruisseau (avec végétation),Structures linéaires arborées dans les paysages agricoles,Lauenen,BE,59,15074,107,210,-1.0668371780841
Clethrionomys glareolus (Campagnol roussâtre),1,591534,141498,1308,2017,Lebendfalle : PVIV,Prairies,Ruisseau (avec végétation),Structures linéaires arborées dans les paysages agricoles,Lauenen,BE,59,15074,107,210,-1.0668371780841
Clethrionomys glareolus (Campagnol roussâtre),1,591534,141498,1308,2017,Lebendfalle : PVIV,Prairies,Ruisseau (avec végétation),Structures linéaires arborées dans les paysages agricoles,Lauenen,BE,59,15074,107,210,-1.0668371780841
Clethrionomys glareolus (Campagnol roussâtre),1,591534,141498,1308,2017,Lebendfalle : PVIV,Prairies,Ruisseau (avec végétation),Structures linéaires arborées dans les paysages agricoles,Lauenen,BE,59,15074,107,210,-1.0668371780841
Clethrionomys glareolus (Campagnol roussâtre),1,591534,141498,1308,2017,Lebendfalle : PVIV,Prairies,Ruisseau (avec végétation),Structures linéaires arborées dans les paysages agricoles,Lauenen,BE,59,15074,107,210,-1.0668371780841
Apodemus sylvaticus (Mulot sylvestre),1,591536,138588,1392,2017,Lebendfalle : PVIV,Prairies,Milieux rocheux anthropiques,NA,Lauenen,BE,52,14977,98,195,-0.594917520248093
Apodemus sylvaticus (Mulot sylvestre),1,591536,138588,1392,2017,Lebendfalle : PVIV,Prairies,Milieux rocheux anthropiques,NA,Lauenen,BE,52,14977,98,195,-0.594917520248093
Clethrionomys glareolus (Campagnol roussâtre),1,591536,138588,1392,2017,Lebendfalle : PVIV,Prairies,Milieux rocheux anthropiques,NA,Lauenen,BE,52,14977,98,195,-0.594917520248093
Apodemus flavicollis (Mulot à collier),1,591884,139575,1247,2017,Lebendfalle : PVIV,Milieux humides (prairies humides),Lisières forestières (conifères),NA,Lauenen,BE,58,15022,106,209,-1.09353124631639
Apodemus flavicollis (Mulot à collier),1,591884,139575,1247,2017,Lebendfalle : PVIV,Milieux humides (prairies humides),Lisières forestières (conifères),NA,Lauenen,BE,58,15022,106,209,-1.09353124631639
Apodemus sylvaticus (Mulot sylvestre),1,591884,139575,1247,2017,Lebendfalle : PVIV,Milieux humides (prairies humides),Lisières forestières (conifères),NA,Lauenen,BE,58,15022,106,209,-1.09353124631639
Clethrionomys glareolus (Campagnol roussâtre),1,591884,139575,1247,2017,Lebendfalle : PVIV,Milieux humides (prairies humides),Lisières forestières (conifères),NA,Lauenen,BE,58,15022,106,209,-1.09353124631639
Clethrionomys glareolus (Campagnol roussâtre),1,591884,139575,1247,2017,Lebendfalle : PVIV,Milieux humides (prairies humides),Lisières forestières (conifères),NA,Lauenen,BE,58,15022,106,209,-1.09353124631639
Clethrionomys glareolus (Campagnol roussâtre),1,591884,139575,1247,2017,Lebendfalle : PVIV,Milieux humides (prairies humides),Lisières forestières (conifères),NA,Lauenen,BE,58,15022,106,209,-1.09353124631639
Clethrionomys glareolus (Campagnol roussâtre),1,591884,139575,1247,2017,Lebendfalle : PVIV,Milieux humides (prairies humides),Lisières forestières (conifères),NA,Lauenen,BE,58,15022,106,209,-1.09353124631639
Clethrionomys glareolus (Campagnol roussâtre),1,591884,139575,1247,2017,Lebendfalle : PVIV,Milieux humides (prairies humides),Lisières forestières (conifères),NA,Lauenen,BE,58,15022,106,209,-1.09353124631639
Clethrionomys glareolus (Campagnol roussâtre),1,591884,139575,1247,2017,Lebendfalle : PVIV,Milieux humides (prairies humides),Lisières forestières (conifères),NA,Lauenen,BE,58,15022,106,209,-1.09353124631639
Clethrionomys glareolus (Campagnol roussâtre),1,591884,139575,1247,2017,Lebendfalle : PVIV,Milieux humides (prairies humides),Lisières forestières (conifères),NA,Lauenen,BE,58,15022,106,209,-1.09353124631639
Clethrionomys glareolus (Campagnol roussâtre),1,591884,139575,1247,2017,Lebendfalle : PVIV,Milieux humides (prairies humides),Lisières forestières (conifères),NA,Lauenen,BE,58,15022,106,209,-1.09353124631639
Microtus agrestis (Campagnol agreste),1,591884,139575,1247,2017,Lebendfalle : PVIV,Milieux humides (prairies humides),Lisières forestières (conifères),NA,Lauenen,BE,58,15022,106,209,-1.09353124631639
Microtus agrestis (Campagnol agreste),1,591884,139575,1247,2017,Lebendfalle : PVIV,Milieux humides (prairies humides),Lisières forestières (conifères),NA,Lauenen,BE,58,15022,106,209,-1.09353124631639
Microtus agrestis (Campagnol agreste),1,592052,137939,1380,2017,Lebendfalle : PVIV,Milieux humides (prairies humides),Structures linéaires arborées dans les paysages agricoles,NA,Lauenen,BE,55,15677,99,199,-0.762666338500882
Microtus agrestis (Campagnol agreste),1,592052,137939,1380,2017,Lebendfalle : PVIV,Milieux humides (prairies humides),Structures linéaires arborées dans les paysages agricoles,NA,Lauenen,BE,55,15677,99,199,-0.762666338500882
Sorex araneus (Musaraigne carrelet),1,592052,137939,1380,2017,Lebendfalle : PVIV,Milieux humides (prairies humides),Structures linéaires arborées dans les paysages agricoles,NA,Lauenen,BE,55,15677,99,199,-0.762666338500882
Sorex araneus (Musaraigne carrelet),1,592052,137939,1380,2017,Lebendfalle : PVIV,Milieux humides (prairies humides),Structures linéaires arborées dans les paysages agricoles,NA,Lauenen,BE,55,15677,99,199,-0.762666338500882
Sorex araneus (Musaraigne carrelet),1,592052,137939,1380,2017,Lebendfalle : PVIV,Milieux humides (prairies humides),Structures linéaires arborées dans les paysages agricoles,NA,Lauenen,BE,55,15677,99,199,-0.762666338500882
Apodemus flavicollis (Mulot à collier),1,592078,137810,1384,2017,Lebendfalle : PVIV,Prairies,Lisières forestières (mixtes),NA,Lauenen,BE,55,15790,98,199,-0.758341343145413
Clethrionomys glareolus (Campagnol roussâtre),1,592078,137810,1384,2017,Lebendfalle : PVIV,Prairies,Lisières forestières (mixtes),NA,Lauenen,BE,55,15790,98,199,-0.758341343145413
Clethrionomys glareolus (Campagnol roussâtre),1,592078,137810,1384,2017,Lebendfalle : PVIV,Prairies,Lisières forestières (mixtes),NA,Lauenen,BE,55,15790,98,199,-0.758341343145413
Clethrionomys glareolus (Campagnol roussâtre),1,592078,137810,1384,2017,Lebendfalle : PVIV,Prairies,Lisières forestières (mixtes),NA,Lauenen,BE,55,15790,98,199,-0.758341343145413
Clethrionomys glareolus (Campagnol roussâtre),1,592078,137810,1384,2017,Lebendfalle : PVIV,Prairies,Lisières forestières (mixtes),NA,Lauenen,BE,55,15790,98,199,-0.758341343145413
Clethrionomys glareolus (Campagnol roussâtre),1,592078,137810,1384,2017,Lebendfalle : PVIV,Prairies,Lisières forestières (mixtes),NA,Lauenen,BE,55,15790,98,199,-0.758341343145413
Sorex araneus (Musaraigne carrelet),1,592078,137810,1384,2017,Lebendfalle : PVIV,Prairies,Lisières forestières (mixtes),NA,Lauenen,BE,55,15790,98,199,-0.758341343145413
Sorex araneus (Musaraigne carrelet),1,592078,137810,1384,2017,Lebendfalle : PVIV,Prairies,Lisières forestières (mixtes),NA,Lauenen,BE,55,15790,98,199,-0.758341343145413
Sorex araneus (Musaraigne carrelet),1,592078,137810,1384,2017,Lebendfalle : PVIV,Prairies,Lisières forestières (mixtes),NA,Lauenen,BE,55,15790,98,199,-0.758341343145413
Sorex araneus (Musaraigne carrelet),1,592078,137810,1384,2017,Lebendfalle : PVIV,Prairies,Lisières forestières (mixtes),NA,Lauenen,BE,55,15790,98,199,-0.758341343145413
Microtus agrestis (Campagnol agreste),1,596910,142787,1682,2017,Pièges à capturer vivant : PVIV,Milieux humides (prairies humides),Lisières forestières (conifères),NA,Lenk,BE,38,15155,83,168,0.401196589353346
Microtus agrestis (Campagnol agreste),1,596910,142787,1682,2017,Pièges à capturer vivant : PVIV,Milieux humides (prairies humides),Lisières forestières (conifères),NA,Lenk,BE,38,15155,83,168,0.401196589353346
Microtus agrestis (Campagnol agreste),1,596910,142787,1682,2017,Pièges à capturer vivant : PVIV,Milieux humides (prairies humides),Lisières forestières (conifères),NA,Lenk,BE,38,15155,83,168,0.401196589353346
Microtus agrestis (Campagnol agreste),1,596910,142787,1682,2017,Pièges à capturer vivant : PVIV,Milieux humides (prairies humides),Lisières forestières (conifères),NA,Lenk,BE,38,15155,83,168,0.401196589353346
Microtus agrestis (Campagnol agreste),1,596910,142787,1682,2017,Pièges à capturer vivant : PVIV,Milieux humides (prairies humides),Lisières forestières (conifères),NA,Lenk,BE,38,15155,83,168,0.401196589353346
Neomys fodiens (Musaraigne aquatique),1,596910,142787,1682,2017,Pièges à capturer vivant : PVIV,Milieux humides (prairies humides),Lisières forestières (conifères),NA,Lenk,BE,38,15155,83,168,0.401196589353346
Sorex araneus (Musaraigne carrelet),1,596910,142787,1682,2017,Pièges à capturer vivant : PVIV,Milieux humides (prairies humides),Lisières forestières (conifères),NA,Lenk,BE,38,15155,83,168,0.401196589353346
Microtus agrestis (Campagnol agreste),1,596949,142818,1667,2017,Pièges à capturer vivant : PVIV,Milieux humides (prairies humides),NA,NA,Lenk,BE,39,15129,83,168,0.366168239582495
Microtus agrestis (Campagnol agreste),1,596949,142818,1667,2017,Pièges à capturer vivant : PVIV,Milieux humides (prairies humides),NA,NA,Lenk,BE,39,15129,83,168,0.366168239582495
Microtus agrestis (Campagnol agreste),1,596949,142818,1667,2017,Pièges à capturer vivant : PVIV,Milieux humides (prairies humides),NA,NA,Lenk,BE,39,15129,83,168,0.366168239582495
Microtus agrestis (Campagnol agreste),1,596949,142818,1667,2017,Pièges à capturer vivant : PVIV,Milieux humides (prairies humides),NA,NA,Lenk,BE,39,15129,83,168,0.366168239582495
Apodemus sylvaticus (Mulot sylvestre),1,597210,143392,1619,2017,Pièges à capturer vivant : PVIV,Prairies,Structures linéaires arborées dans les paysages agricoles,NA,Lenk,BE,40,14916,84,172,0.239525321643595
Microtus agrestis (Campagnol agreste),1,597210,143392,1619,2017,Pièges à capturer vivant : PVIV,Prairies,Structures linéaires arborées dans les paysages agricoles,NA,Lenk,BE,40,14916,84,172,0.239525321643595
Microtus agrestis (Campagnol agreste),1,597210,143392,1619,2017,Pièges à capturer vivant : PVIV,Prairies,Structures linéaires arborées dans les paysages agricoles,NA,Lenk,BE,40,14916,84,172,0.239525321643595
Microtus agrestis (Campagnol agreste),1,597210,143392,1619,2017,Pièges à capturer vivant : PVIV,Prairies,Structures linéaires arborées dans les paysages agricoles,NA,Lenk,BE,40,14916,84,172,0.239525321643595
Microtus arvalis (Campagnol des champs),1,597210,143392,1619,2017,Pièges à capturer vivant : PVIV,Prairies,Structures linéaires arborées dans les paysages agricoles,NA,Lenk,BE,40,14916,84,172,0.239525321643595
Microtus arvalis (Campagnol des champs),1,597210,143392,1619,2017,Pièges à capturer vivant : PVIV,Prairies,Structures linéaires arborées dans les paysages agricoles,NA,Lenk,BE,40,14916,84,172,0.239525321643595
Microtus arvalis (Campagnol des champs),1,597210,143392,1619,2017,Pièges à capturer vivant : PVIV,Prairies,Structures linéaires arborées dans les paysages agricoles,NA,Lenk,BE,40,14916,84,172,0.239525321643595
Sorex araneus (Musaraigne carrelet),1,597210,143392,1619,2017,Pièges à capturer vivant : PVIV,Prairies,Structures linéaires arborées dans les paysages agricoles,NA,Lenk,BE,40,14916,84,172,0.239525321643595
Apodemus flavicollis (Mulot à collier),1,597218,143628,1595,2017,Pièges à capturer vivant : PVIV,Prairies,Ruisseau (avec végétation),Lisières forestières (conifères),Lenk,BE,41,14914,85,173,0.179455645623262
Apodemus sylvaticus (Mulot sylvestre),1,597218,143628,1595,2017,Pièges à capturer vivant : PVIV,Prairies,Ruisseau (avec végétation),Lisières forestières (conifères),Lenk,BE,41,14914,85,173,0.179455645623262
Apodemus sylvaticus (Mulot sylvestre),1,597218,143628,1595,2017,Pièges à capturer vivant : PVIV,Prairies,Ruisseau (avec végétation),Lisières forestières (conifères),Lenk,BE,41,14914,85,173,0.179455645623262
Apodemus sylvaticus (Mulot sylvestre),1,597218,143628,1595,2017,Pièges à capturer vivant : PVIV,Prairies,Ruisseau (avec végétation),Lisières forestières (conifères),Lenk,BE,41,14914,85,173,0.179455645623262
Apodemus sylvaticus (Mulot sylvestre),1,597218,143628,1595,2017,Pièges à capturer vivant : PVIV,Prairies,Ruisseau (avec végétation),Lisières forestières (conifères),Lenk,BE,41,14914,85,173,0.179455645623262
Clethrionomys glareolus (Campagnol roussâtre),1,597218,143628,1595,2017,Pièges à capturer vivant : PVIV,Prairies,Ruisseau (avec végétation),Lisières forestières (conifères),Lenk,BE,41,14914,85,173,0.179455645623262
Clethrionomys glareolus (Campagnol roussâtre),1,597218,143628,1595,2017,Pièges à capturer vivant : PVIV,Prairies,Ruisseau (avec végétation),Lisières forestières (conifères),Lenk,BE,41,14914,85,173,0.179455645623262
Clethrionomys glareolus (Campagnol roussâtre),1,597218,143628,1595,2017,Pièges à capturer vivant : PVIV,Prairies,Ruisseau (avec végétation),Lisières forestières (conifères),Lenk,BE,41,14914,85,173,0.179455645623262
Apodemus sylvaticus (Mulot sylvestre),1,597223,143639,1594,2017,Pièges à capturer vivant : PVIV,Prairies,Ruisseau (avec végétation),Lisières forestières (conifères),Lenk,BE,41,14914,85,173,0.180508389786061
Apodemus flavicollis (Mulot à collier),1,597291,143782,1585,2017,Pièges à capturer vivant : PVIV,Prairies,Structures linéaires arborées dans les paysages agricoles,NA,Lenk,BE,41,14867,85,174,0.151979996105418
Apodemus sylvaticus (Mulot sylvestre),1,597291,143782,1585,2017,Pièges à capturer vivant : PVIV,Prairies,Structures linéaires arborées dans les paysages agricoles,NA,Lenk,BE,41,14867,85,174,0.151979996105418
Apodemus sylvaticus (Mulot sylvestre),1,597435,144076,1560,2017,Pièges à capturer vivant : PVIV,Milieux humides (prairies humides),NA,Ruisseau (sans végétation),Lenk,BE,42,14769,86,175,0.101446812699763
Apodemus sylvaticus (Mulot sylvestre),1,597435,144076,1560,2017,Pièges à capturer vivant : PVIV,Milieux humides (prairies humides),NA,Ruisseau (sans végétation),Lenk,BE,42,14769,86,175,0.101446812699763
Apodemus sylvaticus (Mulot sylvestre),1,597435,144076,1560,2017,Pièges à capturer vivant : PVIV,Milieux humides (prairies humides),NA,Ruisseau (sans végétation),Lenk,BE,42,14769,86,175,0.101446812699763
Apodemus sylvaticus (Mulot sylvestre),1,597435,144076,1560,2017,Pièges à capturer vivant : PVIV,Milieux humides (prairies humides),NA,Ruisseau (sans végétation),Lenk,BE,42,14769,86,175,0.101446812699763
Apodemus sylvaticus (Mulot sylvestre),1,597435,144076,1560,2017,Pièges à capturer vivant : PVIV,Milieux humides (prairies humides),NA,Ruisseau (sans végétation),Lenk,BE,42,14769,86,175,0.101446812699763
Apodemus sylvaticus (Mulot sylvestre),1,597435,144076,1560,2017,Pièges à capturer vivant : PVIV,Milieux humides (prairies humides),NA,Ruisseau (sans végétation),Lenk,BE,42,14769,86,175,0.101446812699763
Microtus agrestis (Campagnol agreste),1,597435,144076,1560,2017,Pièges à capturer vivant : PVIV,Milieux humides (prairies humides),NA,Ruisseau (sans végétation),Lenk,BE,42,14769,86,175,0.101446812699763
Microtus agrestis (Campagnol agreste),1,597435,144076,1560,2017,Pièges à capturer vivant : PVIV,Milieux humides (prairies humides),NA,Ruisseau (sans végétation),Lenk,BE,42,14769,86,175,0.101446812699763
Microtus agrestis (Campagnol agreste),1,597435,144076,1560,2017,Pièges à capturer vivant : PVIV,Milieux humides (prairies humides),NA,Ruisseau (sans végétation),Lenk,BE,42,14769,86,175,0.101446812699763
Microtus agrestis (Campagnol agreste),1,597435,144076,1560,2017,Pièges à capturer vivant : PVIV,Milieux humides (prairies humides),NA,Ruisseau (sans végétation),Lenk,BE,42,14769,86,175,0.101446812699763
Microtus agrestis (Campagnol agreste),1,597435,144076,1560,2017,Pièges à capturer vivant : PVIV,Milieux humides (prairies humides),NA,Ruisseau (sans végétation),Lenk,BE,42,14769,86,175,0.101446812699763
Microtus agrestis (Campagnol agreste),1,597435,144076,1560,2017,Pièges à capturer vivant : PVIV,Milieux humides (prairies humides),NA,Ruisseau (sans végétation),Lenk,BE,42,14769,86,175,0.101446812699763
Apodemus alpicola (Mulot alpestre),1,598701,139317,1723,2017,Pièges à capturer vivant : PVIV,Milieux humides (Bas marais),Ruisseau (sans végétation),NA,Lenk,BE,41,14809,85,173,0.321827989725553
Apodemus sylvaticus (Mulot sylvestre),1,598701,139317,1723,2017,Pièges à capturer vivant : PVIV,Milieux humides (Bas marais),Ruisseau (sans végétation),NA,Lenk,BE,41,14809,85,173,0.321827989725553
Apodemus sylvaticus (Mulot sylvestre),1,598701,139317,1723,2017,Pièges à capturer vivant : PVIV,Milieux humides (Bas marais),Ruisseau (sans végétation),NA,Lenk,BE,41,14809,85,173,0.321827989725553
Apodemus sylvaticus (Mulot sylvestre),1,598701,139317,1723,2017,Pièges à capturer vivant : PVIV,Milieux humides (Bas marais),Ruisseau (sans végétation),NA,Lenk,BE,41,14809,85,173,0.321827989725553
Microtus agrestis (Campagnol agreste),1,598701,139317,1723,2017,Pièges à capturer vivant : PVIV,Milieux humides (Bas marais),Ruisseau (sans végétation),NA,Lenk,BE,41,14809,85,173,0.321827989725553
Microtus agrestis (Campagnol agreste),1,598701,139317,1723,2017,Pièges à capturer vivant : PVIV,Milieux humides (Bas marais),Ruisseau (sans végétation),NA,Lenk,BE,41,14809,85,173,0.321827989725553
Microtus agrestis (Campagnol agreste),1,598701,139317,1723,2017,Pièges à capturer vivant : PVIV,Milieux humides (Bas marais),Ruisseau (sans végétation),NA,Lenk,BE,41,14809,85,173,0.321827989725553
Chionomys nivalis (Campagnol des neiges),1,598747,139292,1726,2017,Pièges à capturer vivant : PVIV,Prairies,Milieux anthopiques batis,NA,Lenk,BE,41,14806,85,173,0.318171664575911
Apodemus sylvaticus (Mulot sylvestre),1,598823,139261,1731,2017,Pièges à capturer vivant : PVIV,Prairies,NA,NA,Lenk,BE,41,14761,85,173,0.334702507446132
Microtus agrestis (Campagnol agreste),1,598823,139261,1731,2017,Pièges à capturer vivant : PVIV,Prairies,NA,NA,Lenk,BE,41,14761,85,173,0.334702507446132
Microtus agrestis (Campagnol agreste),1,598823,139261,1731,2017,Pièges à capturer vivant : PVIV,Prairies,NA,NA,Lenk,BE,41,14761,85,173,0.334702507446132
Microtus agrestis (Campagnol agreste),1,598823,139261,1731,2017,Pièges à capturer vivant : PVIV,Prairies,NA,NA,Lenk,BE,41,14761,85,173,0.334702507446132
Microtus arvalis (Campagnol des champs),1,599004,139489,1658,2017,Pièges à capturer vivant : PVIV,Prairies,Ruisseau (sans végétation),Lisières forestières (conifères),Lenk,BE,45,14442,87,179,0.10173794619659
Microtus agrestis (Campagnol agreste),1,599004,139489,1658,2017,Pièges à capturer vivant : PVIV,Prairies,Ruisseau (sans végétation),NA,Lenk,BE,45,14442,87,179,0.10173794619659
Microtus agrestis (Campagnol agreste),1,599004,139489,1658,2017,Pièges à capturer vivant : PVIV,Prairies,Ruisseau (sans végétation),NA,Lenk,BE,45,14442,87,179,0.10173794619659
Microtus agrestis (Campagnol agreste),1,599004,139489,1658,2017,Pièges à capturer vivant : PVIV,Prairies,Ruisseau (sans végétation),NA,Lenk,BE,45,14442,87,179,0.10173794619659
Microtus agrestis (Campagnol agreste),1,599004,139489,1658,2017,Pièges à capturer vivant : PVIV,Prairies,Ruisseau (sans végétation),NA,Lenk,BE,45,14442,87,179,0.10173794619659
Apodemus flavicollis (Mulot à collier),1,584549,135197,1335,2017,Pièges à capturer vivant : PVIV,Prairies,Lisières forestières (mixtes),NA,Gsteig,BE,48,16135,90,185,-0.472293770857626
Chionomys nivalis (Campagnol des neiges),1,799750,143671,2255,2018,Pièges à capturer vivant : PVIV,Prairies,Milieux rocheux naturels,NA,Poschiavo,GR,1,14118,75,136,2.24094966786561
Chionomys nivalis (Campagnol des neiges),1,799750,143671,2255,2018,Pièges à capturer vivant : PVIV,Prairies,Milieux rocheux naturels,NA,Poschiavo,GR,1,14118,75,136,2.24094966786561
Chionomys nivalis (Campagnol des neiges),1,799750,143671,2255,2018,Pièges à capturer vivant : PVIV,Prairies,Milieux rocheux naturels,NA,Poschiavo,GR,1,14118,75,136,2.24094966786561
Chionomys nivalis (Campagnol des neiges),1,799750,143671,2255,2018,Pièges à capturer vivant : PVIV,Prairies,Milieux rocheux naturels,NA,Poschiavo,GR,1,14118,75,136,2.24094966786561
Chionomys nivalis (Campagnol des neiges),1,799750,143671,2255,2018,Pièges à capturer vivant : PVIV,Prairies,Milieux rocheux naturels,NA,Poschiavo,GR,1,14118,75,136,2.24094966786561
Chionomys nivalis (Campagnol des neiges),1,799750,143671,2255,2018,Pièges à capturer vivant : PVIV,Prairies,Milieux rocheux naturels,NA,Poschiavo,GR,1,14118,75,136,2.24094966786561
Clethrionomys glareolus (Campagnol roussâtre),1,800193,143453,2130,2018,Pièges à capturer vivant : PVIV,Prairies,Ruisseau (sans végétation),Broussailles / formations arbustives,Poschiavo,GR,4,14034,77,140,1.98820376696934
Apodemus sylvaticus (Mulot sylvestre),1,800218,131095,1494,2018,Pièges à capturer vivant : PVIV,Prairies,Lisières forestières (mixtes),Ruisseau (avec végétation),Poschiavo,GR,43,11295,95,189,-0.062964151128034
Apodemus sylvaticus (Mulot sylvestre),1,800218,131095,1494,2018,Pièges à capturer vivant : PVIV,Prairies,Lisières forestières (mixtes),Ruisseau (avec végétation),Poschiavo,GR,43,11295,95,189,-0.062964151128034
Microtus arvalis (Campagnol des champs),1,800861,131082,1441,2018,Pièges à capturer vivant : PVIV,Milieux humides (prairies humides),NA,NA,Poschiavo,GR,47,10878,97,195,-0.269669534813089
Microtus arvalis (Campagnol des champs),1,800861,131082,1441,2018,Pièges à capturer vivant : PVIV,Milieux humides (prairies humides),NA,NA,Poschiavo,GR,47,10878,97,195,-0.269669534813089
Microtus arvalis (Campagnol des champs),1,800861,131082,1441,2018,Pièges à capturer vivant : PVIV,Milieux humides (prairies humides),NA,NA,Poschiavo,GR,47,10878,97,195,-0.269669534813089
Sorex antinorii (Musaraigne du Valais),1,800861,131082,1441,2018,Pièges à capturer vivant : PVIV,Milieux humides (prairies humides),NA,NA,Poschiavo,GR,47,10878,97,195,-0.269669534813089
Sorex araneus (Musaraigne carrelet),1,800861,131082,1441,2018,Pièges à capturer vivant : PVIV,Milieux humides (prairies humides),NA,NA,Poschiavo,GR,47,10878,97,195,-0.269669534813089
Sorex araneus (Musaraigne carrelet),1,800861,131082,1441,2018,Pièges à capturer vivant : PVIV,Milieux humides (prairies humides),NA,NA,Poschiavo,GR,47,10878,97,195,-0.269669534813089
Sorex araneus (Musaraigne carrelet),1,800861,131082,1441,2018,Pièges à capturer vivant : PVIV,Milieux humides (prairies humides),NA,NA,Poschiavo,GR,47,10878,97,195,-0.269669534813089
Apodemus sylvaticus (Mulot sylvestre),1,800883,131449,1444,2018,Pièges à capturer vivant : PVIV,Prairies,Lisières forestières (feuillus),Milieux anthopiques batis,Poschiavo,GR,47,10848,97,195,-0.261912539775062
Apodemus sylvaticus (Mulot sylvestre),1,800883,131449,1444,2018,Pièges à capturer vivant : PVIV,Prairies,Lisières forestières (feuillus),Milieux anthopiques batis,Poschiavo,GR,47,10848,97,195,-0.261912539775062
Clethrionomys glareolus (Campagnol roussâtre),1,800883,131449,1444,2018,Pièges à capturer vivant : PVIV,Prairies,Lisières forestières (feuillus),Milieux anthopiques batis,Poschiavo,GR,47,10848,97,195,-0.261912539775062
Clethrionomys glareolus (Campagnol roussâtre),1,800883,131449,1444,2018,Pièges à capturer vivant : PVIV,Prairies,Lisières forestières (feuillus),Milieux anthopiques batis,Poschiavo,GR,47,10848,97,195,-0.261912539775062
Clethrionomys glareolus (Campagnol roussâtre),1,800883,131449,1444,2018,Pièges à capturer vivant : PVIV,Prairies,Lisières forestières (feuillus),Milieux anthopiques batis,Poschiavo,GR,47,10848,97,195,-0.261912539775062
Clethrionomys glareolus (Campagnol roussâtre),1,800883,131449,1444,2018,Pièges à capturer vivant : PVIV,Prairies,Lisières forestières (feuillus),Milieux anthopiques batis,Poschiavo,GR,47,10848,97,195,-0.261912539775062
Clethrionomys glareolus (Campagnol roussâtre),1,800883,131449,1444,2018,Pièges à capturer vivant : PVIV,Prairies,Lisières forestières (feuillus),Milieux anthopiques batis,Poschiavo,GR,47,10848,97,195,-0.261912539775062
Clethrionomys glareolus (Campagnol roussâtre),1,800883,131449,1444,2018,Pièges à capturer vivant : PVIV,Prairies,Lisières forestières (feuillus),Milieux anthopiques batis,Poschiavo,GR,47,10848,97,195,-0.261912539775062
Microtus arvalis (Campagnol des champs),1,801184,142697,1935,2018,Pièges à capturer vivant : PVIV,Milieux humides (Bas marais),NA,Ruisseau (sans végétation),Poschiavo,GR,14,13967,81,153,1.39407876526695
Microtus arvalis (Campagnol des champs),1,801184,142697,1935,2018,Pièges à capturer vivant : PVIV,Milieux humides (Bas marais),NA,Ruisseau (sans végétation),Poschiavo,GR,14,13967,81,153,1.39407876526695
Microtus arvalis (Campagnol des champs),1,801184,142697,1935,2018,Pièges à capturer vivant : PVIV,Milieux humides (Bas marais),NA,Ruisseau (sans végétation),Poschiavo,GR,14,13967,81,153,1.39407876526695
Microtus arvalis (Campagnol des champs),1,801184,142697,1935,2018,Pièges à capturer vivant : PVIV,Milieux humides (Bas marais),NA,Ruisseau (sans végétation),Poschiavo,GR,14,13967,81,153,1.39407876526695
Microtus arvalis (Campagnol des champs),1,801184,142697,1935,2018,Pièges à capturer vivant : PVIV,Milieux humides (Bas marais),NA,Ruisseau (sans végétation),Poschiavo,GR,14,13967,81,153,1.39407876526695
Microtus arvalis (Campagnol des champs),1,801184,142697,1935,2018,Pièges à capturer vivant : PVIV,Milieux humides (Bas marais),NA,Ruisseau (sans végétation),Poschiavo,GR,14,13967,81,153,1.39407876526695
Microtus arvalis (Campagnol des champs),1,801184,142697,1935,2018,Pièges à capturer vivant : PVIV,Milieux humides (Bas marais),NA,Ruisseau (sans végétation),Poschiavo,GR,14,13967,81,153,1.39407876526695
Microtus arvalis (Campagnol des champs),1,801184,142697,1935,2018,Pièges à capturer vivant : PVIV,Milieux humides (Bas marais),NA,Ruisseau (sans végétation),Poschiavo,GR,14,13967,81,153,1.39407876526695
Microtus arvalis (Campagnol des champs),1,801184,142697,1935,2018,Pièges à capturer vivant : PVIV,Milieux humides (Bas marais),NA,Ruisseau (sans végétation),Poschiavo,GR,14,13967,81,153,1.39407876526695
Microtus arvalis (Campagnol des champs),1,801184,142697,1935,2018,Pièges à capturer vivant : PVIV,Milieux humides (Bas marais),NA,Ruisseau (sans végétation),Poschiavo,GR,14,13967,81,153,1.39407876526695
Microtus arvalis (Campagnol des champs),1,801184,142697,1935,2018,Pièges à capturer vivant : PVIV,Milieux humides (Bas marais),NA,Ruisseau (sans végétation),Poschiavo,GR,14,13967,81,153,1.39407876526695
Microtus arvalis (Campagnol des champs),1,801184,142714,1935,2018,Pièges à capturer vivant : PVIV,Milieux humides (Bas marais),NA,Ruisseau (sans végétation),Poschiavo,GR,14,13969,81,153,1.39588473740706
Microtus arvalis (Campagnol des champs),1,801184,142714,1935,2018,Pièges à capturer vivant : PVIV,Milieux humides (Bas marais),NA,Ruisseau (sans végétation),Poschiavo,GR,14,13969,81,153,1.39588473740706
Microtus arvalis (Campagnol des champs),1,801184,142714,1935,2018,Pièges à capturer vivant : PVIV,Milieux humides (Bas marais),NA,Ruisseau (sans végétation),Poschiavo,GR,14,13969,81,153,1.39588473740706
Microtus arvalis (Campagnol des champs),1,801184,142714,1935,2018,Pièges à capturer vivant : PVIV,Milieux humides (Bas marais),NA,Ruisseau (sans végétation),Poschiavo,GR,14,13969,81,153,1.39588473740706
Neomys fodiens (Musaraigne aquatique),1,801184,142697,1935,2018,Pièges à capturer vivant : PVIV,Milieux humides (Bas marais),NA,Ruisseau (sans végétation),Poschiavo,GR,14,13967,81,153,1.39407876526695
Neomys fodiens (Musaraigne aquatique),1,801184,142697,1935,2018,Pièges à capturer vivant : PVIV,Milieux humides (Bas marais),NA,Ruisseau (sans végétation),Poschiavo,GR,14,13967,81,153,1.39407876526695
Sorex antinorii (Musaraigne du Valais),1,801184,142714,1935,2018,Pièges à capturer vivant : PVIV,Milieux humides (Bas marais),NA,Ruisseau (sans végétation),Poschiavo,GR,14,13969,81,153,1.39588473740706
Apodemus sylvaticus (Mulot sylvestre),1,801667,130418,1385,2018,Pièges à capturer vivant : PVIV,Prairies,Milieux rocheux anthropiques,NA,Poschiavo,GR,53,10516,99,203,-0.55421824383546
Apodemus sylvaticus (Mulot sylvestre),1,801667,130418,1385,2018,Pièges à capturer vivant : PVIV,Prairies,Milieux rocheux anthropiques,NA,Poschiavo,GR,53,10516,99,203,-0.55421824383546
Apodemus sylvaticus (Mulot sylvestre),1,801667,130418,1385,2018,Pièges à capturer vivant : PVIV,Prairies,Milieux rocheux anthropiques,NA,Poschiavo,GR,53,10516,99,203,-0.55421824383546
Apodemus sylvaticus (Mulot sylvestre),1,801667,130418,1385,2018,Pièges à capturer vivant : PVIV,Prairies,Milieux rocheux anthropiques,NA,Poschiavo,GR,53,10516,99,203,-0.55421824383546
Apodemus sylvaticus (Mulot sylvestre),1,801667,130418,1385,2018,Pièges à capturer vivant : PVIV,Prairies,Milieux rocheux anthropiques,NA,Poschiavo,GR,53,10516,99,203,-0.55421824383546
Apodemus sylvaticus (Mulot sylvestre),1,801667,130418,1385,2018,Pièges à capturer vivant : PVIV,Prairies,Milieux rocheux anthropiques,NA,Poschiavo,GR,53,10516,99,203,-0.55421824383546
Apodemus sylvaticus (Mulot sylvestre),1,801667,130418,1385,2018,Pièges à capturer vivant : PVIV,Prairies,Milieux rocheux anthropiques,NA,Poschiavo,GR,53,10516,99,203,-0.55421824383546
Apodemus sylvaticus (Mulot sylvestre),1,801727,142915,1886,2018,Pièges à capturer vivant : PVIV,Prairies,Milieux rocheux anthropiques,Ruisseau (sans végétation),Poschiavo,GR,16,14118,82,155,1.26944667190602
Microtus agrestis (Campagnol agreste),1,801727,142915,1886,2018,Pièges à capturer vivant : PVIV,Prairies,Milieux rocheux anthropiques,Ruisseau (sans végétation),Poschiavo,GR,16,14118,82,155,1.26944667190602
Microtus agrestis (Campagnol agreste),1,801727,142915,1886,2018,Pièges à capturer vivant : PVIV,Prairies,Milieux rocheux anthropiques,Ruisseau (sans végétation),Poschiavo,GR,16,14118,82,155,1.26944667190602
Sorex araneus (Musaraigne carrelet),1,801783,142904,1888,2018,Pièges à capturer vivant : PVIV,Prairies,Milieux rocheux anthropiques,NA,Poschiavo,GR,16,14145,82,155,1.26845554463182
Clethrionomys glareolus (Campagnol roussâtre),1,801848,138331,1290,2018,Pièges à capturer vivant : PVIV,Prairies,Milieux rocheux anthropiques,Lisières forestières (conifères),Poschiavo,GR,52,12035,100,200,-0.656415471877872
Clethrionomys glareolus (Campagnol roussâtre),1,801848,138331,1290,2018,Pièges à capturer vivant : PVIV,Prairies,Milieux rocheux anthropiques,Lisières forestières (conifères),Poschiavo,GR,52,12035,100,200,-0.656415471877872
Clethrionomys glareolus (Campagnol roussâtre),1,801848,138331,1290,2018,Pièges à capturer vivant : PVIV,Prairies,Milieux rocheux anthropiques,Lisières forestières (conifères),Poschiavo,GR,52,12035,100,200,-0.656415471877872
Clethrionomys glareolus (Campagnol roussâtre),1,801848,138331,1290,2018,Pièges à capturer vivant : PVIV,Prairies,Milieux rocheux anthropiques,Lisières forestières (conifères),Poschiavo,GR,52,12035,100,200,-0.656415471877872
Apodemus sylvaticus (Mulot sylvestre),1,801940,138078,1265,2018,Pièges à capturer vivant : PVIV,Milieux humides (prairies humides),Ruisseau (avec végétation),NA,Poschiavo,GR,54,11879,101,203,-0.764105081433828
Apodemus sylvaticus (Mulot sylvestre),1,801940,138078,1265,2018,Pièges à capturer vivant : PVIV,Milieux humides (prairies humides),Ruisseau (avec végétation),NA,Poschiavo,GR,54,11879,101,203,-0.764105081433828
Neomys fodiens (Musaraigne aquatique),1,801940,138078,1265,2018,Pièges à capturer vivant : PVIV,Milieux humides (prairies humides),Ruisseau (avec végétation),NA,Poschiavo,GR,54,11879,101,203,-0.764105081433828
Neomys fodiens (Musaraigne aquatique),1,801940,138078,1265,2018,Pièges à capturer vivant : PVIV,Milieux humides (prairies humides),Ruisseau (avec végétation),NA,Poschiavo,GR,54,11879,101,203,-0.764105081433828
Neomys fodiens (Musaraigne aquatique),1,801940,138078,1265,2018,Pièges à capturer vivant : PVIV,Milieux humides (prairies humides),Ruisseau (avec végétation),NA,Poschiavo,GR,54,11879,101,203,-0.764105081433828
Neomys fodiens (Musaraigne aquatique),1,801940,138078,1265,2018,Pièges à capturer vivant : PVIV,Milieux humides (prairies humides),Ruisseau (avec végétation),NA,Poschiavo,GR,54,11879,101,203,-0.764105081433828
Microtus arvalis (Campagnol des champs),1,801948,142679,1877,2018,Pièges à capturer vivant : PVIV,Prairies,Ruisseau (sans végétation),NA,Poschiavo,GR,17,14111,82,156,1.22569155770644
Sorex antinorii (Musaraigne du Valais),1,801948,142679,1877,2018,Pièges à capturer vivant : PVIV,Prairies,Ruisseau (sans végétation),NA,Poschiavo,GR,17,14111,82,156,1.22569155770644
Sorex araneus (Musaraigne carrelet),1,801948,142679,1877,2018,Pièges à capturer vivant : PVIV,Prairies,Ruisseau (sans végétation),NA,Poschiavo,GR,17,14111,82,156,1.22569155770644
Sorex araneus (Musaraigne carrelet),1,801948,142679,1877,2018,Pièges à capturer vivant : PVIV,Prairies,Ruisseau (sans végétation),NA,Poschiavo,GR,17,14111,82,156,1.22569155770644
Neomys fodiens (Musaraigne aquatique),1,801980,138099,1260,2018,Pièges à capturer vivant : PVIV,Milieux humides (prairies humides),Ruisseau (sans végétation),NA,Poschiavo,GR,54,11870,101,203,-0.767704976251972
Neomys fodiens (Musaraigne aquatique),1,801980,138099,1260,2018,Pièges à capturer vivant : PVIV,Milieux humides (prairies humides),Ruisseau (sans végétation),NA,Poschiavo,GR,54,11870,101,203,-0.767704976251972
Apodemus flavicollis (Mulot à collier),1,801989,130914,1258,2018,Pièges à capturer vivant : PVIV,Prairies,Structures linéaires arborées dans les paysages agricoles,NA,Poschiavo,GR,60,10413,102,210,-0.931011206235011
Apodemus sylvaticus (Mulot sylvestre),1,801989,130914,1258,2018,Pièges à capturer vivant : PVIV,Prairies,Structures linéaires arborées dans les paysages agricoles,NA,Poschiavo,GR,60,10413,102,210,-0.931011206235011
Clethrionomys glareolus (Campagnol roussâtre),1,801989,130914,1258,2018,Pièges à capturer vivant : PVIV,Prairies,Structures linéaires arborées dans les paysages agricoles,NA,Poschiavo,GR,60,10413,102,210,-0.931011206235011
Clethrionomys glareolus (Campagnol roussâtre),1,801989,130914,1258,2018,Pièges à capturer vivant : PVIV,Prairies,Structures linéaires arborées dans les paysages agricoles,NA,Poschiavo,GR,60,10413,102,210,-0.931011206235011
Apodemus flavicollis (Mulot à collier),1,802007,138039,1255,2018,Pièges à capturer vivant : PVIV,Prairies,Milieux rocheux anthropiques,Ruisseau (sans végétation),Poschiavo,GR,55,11848,101,204,-0.802791619842686
Apodemus flavicollis (Mulot à collier),1,802007,138039,1255,2018,Pièges à capturer vivant : PVIV,Prairies,Milieux rocheux anthropiques,Ruisseau (sans végétation),Poschiavo,GR,55,11848,101,204,-0.802791619842686
Apodemus sylvaticus (Mulot sylvestre),1,802007,138039,1255,2018,Pièges à capturer vivant : PVIV,Prairies,Milieux rocheux anthropiques,Ruisseau (sans végétation),Poschiavo,GR,55,11848,101,204,-0.802791619842686
Apodemus sylvaticus (Mulot sylvestre),1,802007,138039,1255,2018,Pièges à capturer vivant : PVIV,Prairies,Milieux rocheux anthropiques,Ruisseau (sans végétation),Poschiavo,GR,55,11848,101,204,-0.802791619842686
Microtus agrestis (Campagnol agreste),1,802007,138039,1255,2018,Pièges à capturer vivant : PVIV,Prairies,Milieux rocheux anthropiques,Ruisseau (sans végétation),Poschiavo,GR,55,11848,101,204,-0.802791619842686
Microtus agrestis (Campagnol agreste),1,802007,138039,1255,2018,Pièges à capturer vivant : PVIV,Prairies,Milieux rocheux anthropiques,Ruisseau (sans végétation),Poschiavo,GR,55,11848,101,204,-0.802791619842686
Microtus agrestis (Campagnol agreste),1,802007,138039,1255,2018,Pièges à capturer vivant : PVIV,Prairies,Milieux rocheux anthropiques,Ruisseau (sans végétation),Poschiavo,GR,55,11848,101,204,-0.802791619842686
Clethrionomys glareolus (Campagnol roussâtre),1,802102,142685,1893,2018,Pièges à capturer vivant : PVIV,Prairies,Milieux rocheux anthropiques,Lisières forestières (conifères),Poschiavo,GR,15,14177,82,154,1.30309709444029
Clethrionomys glareolus (Campagnol roussâtre),1,802102,142685,1893,2018,Pièges à capturer vivant : PVIV,Prairies,Milieux rocheux anthropiques,Lisières forestières (conifères),Poschiavo,GR,15,14177,82,154,1.30309709444029
Clethrionomys glareolus (Campagnol roussâtre),1,802102,142685,1893,2018,Pièges à capturer vivant : PVIV,Prairies,Milieux rocheux anthropiques,Lisières forestières (conifères),Poschiavo,GR,15,14177,82,154,1.30309709444029
Clethrionomys glareolus (Campagnol roussâtre),1,802102,142685,1893,2018,Pièges à capturer vivant : PVIV,Prairies,Milieux rocheux anthropiques,Lisières forestières (conifères),Poschiavo,GR,15,14177,82,154,1.30309709444029
Clethrionomys glareolus (Campagnol roussâtre),1,802102,142685,1893,2018,Pièges à capturer vivant : PVIV,Prairies,Milieux rocheux anthropiques,Lisières forestières (conifères),Poschiavo,GR,15,14177,82,154,1.30309709444029
Clethrionomys glareolus (Campagnol roussâtre),1,802102,142685,1893,2018,Pièges à capturer vivant : PVIV,Prairies,Milieux rocheux anthropiques,Lisières forestières (conifères),Poschiavo,GR,15,14177,82,154,1.30309709444029
Clethrionomys glareolus (Campagnol roussâtre),1,802102,142685,1893,2018,Pièges à capturer vivant : PVIV,Prairies,Milieux rocheux anthropiques,Lisières forestières (conifères),Poschiavo,GR,15,14177,82,154,1.30309709444029
Clethrionomys glareolus (Campagnol roussâtre),1,802196,138507,1210,2018,Pièges à capturer vivant : PVIV,Prairies,Lisières forestières (conifères),NA,Poschiavo,GR,54,12214,101,203,-0.834390168909089
Apodemus flavicollis (Mulot à collier),1,802256,137710,1140,2018,Pièges à capturer vivant : PVIV,Milieux forestiers (conifères),Milieux rocheux anthropiques,NA,Poschiavo,GR,57,11631,102,206,-0.859038674673206
Apodemus flavicollis (Mulot à collier),1,802256,137710,1140,2018,Pièges à capturer vivant : PVIV,Milieux forestiers (conifères),Milieux rocheux anthropiques,NA,Poschiavo,GR,57,11631,102,206,-0.859038674673206
Apodemus flavicollis (Mulot à collier),1,802256,137710,1140,2018,Pièges à capturer vivant : PVIV,Milieux forestiers (conifères),Milieux rocheux anthropiques,NA,Poschiavo,GR,57,11631,102,206,-0.859038674673206
Apodemus flavicollis (Mulot à collier),1,802256,137710,1140,2018,Pièges à capturer vivant : PVIV,Milieux forestiers (conifères),Milieux rocheux anthropiques,NA,Poschiavo,GR,57,11631,102,206,-0.859038674673206
Apodemus flavicollis (Mulot à collier),1,802256,137710,1140,2018,Pièges à capturer vivant : PVIV,Milieux forestiers (conifères),Milieux rocheux anthropiques,NA,Poschiavo,GR,57,11631,102,206,-0.859038674673206
Sorex antinorii (Musaraigne du Valais),1,802256,137710,1140,2018,Pièges à capturer vivant : PVIV,Milieux forestiers (conifères),Milieux rocheux anthropiques,NA,Poschiavo,GR,57,11631,102,206,-0.859038674673206
Apodemus flavicollis (Mulot à collier),1,802282,138448,1190,2018,Pièges à capturer vivant : PVIV,Prairies,Milieux rocheux anthropiques,Lisières forestières (conifères),Poschiavo,GR,55,12138,101,204,-0.887285942597924
Apodemus flavicollis (Mulot à collier),1,802282,138448,1190,2018,Pièges à capturer vivant : PVIV,Prairies,Milieux rocheux anthropiques,Lisières forestières (conifères),Poschiavo,GR,55,12138,101,204,-0.887285942597924
Clethrionomys glareolus (Campagnol roussâtre),1,802282,138448,1190,2018,Pièges à capturer vivant : PVIV,Prairies,Milieux rocheux anthropiques,Lisières forestières (conifères),Poschiavo,GR,55,12138,101,204,-0.887285942597924
Clethrionomys glareolus (Campagnol roussâtre),1,802282,138448,1190,2018,Pièges à capturer vivant : PVIV,Prairies,Milieux rocheux anthropiques,Lisières forestières (conifères),Poschiavo,GR,55,12138,101,204,-0.887285942597924
Clethrionomys glareolus (Campagnol roussâtre),1,802282,138448,1190,2018,Pièges à capturer vivant : PVIV,Prairies,Milieux rocheux anthropiques,Lisières forestières (conifères),Poschiavo,GR,55,12138,101,204,-0.887285942597924
Clethrionomys glareolus (Campagnol roussâtre),1,802282,138448,1190,2018,Pièges à capturer vivant : PVIV,Prairies,Milieux rocheux anthropiques,Lisières forestières (conifères),Poschiavo,GR,55,12138,101,204,-0.887285942597924
Clethrionomys glareolus (Campagnol roussâtre),1,802282,138448,1190,2018,Pièges à capturer vivant : PVIV,Prairies,Milieux rocheux anthropiques,Lisières forestières (conifères),Poschiavo,GR,55,12138,101,204,-0.887285942597924
Clethrionomys glareolus (Campagnol roussâtre),1,802282,138448,1190,2018,Pièges à capturer vivant : PVIV,Prairies,Milieux rocheux anthropiques,Lisières forestières (conifères),Poschiavo,GR,55,12138,101,204,-0.887285942597924
Clethrionomys glareolus (Campagnol roussâtre),1,802282,138448,1190,2018,Pièges à capturer vivant : PVIV,Prairies,Milieux rocheux anthropiques,Lisières forestières (conifères),Poschiavo,GR,55,12138,101,204,-0.887285942597924
Apodemus flavicollis (Mulot à collier),1,802463,137192,1115,2018,Pièges à capturer vivant : PVIV,Prairies,Milieux rocheux anthropiques,Ruisseau (avec végétation),Poschiavo,GR,63,11392,105,214,-1.24263612533578
Apodemus flavicollis (Mulot à collier),1,802463,137192,1115,2018,Pièges à capturer vivant : PVIV,Prairies,Milieux rocheux anthropiques,Ruisseau (avec végétation),Poschiavo,GR,63,11392,105,214,-1.24263612533578
Apodemus flavicollis (Mulot à collier),1,802463,137192,1115,2018,Pièges à capturer vivant : PVIV,Prairies,Milieux rocheux anthropiques,Ruisseau (avec végétation),Poschiavo,GR,63,11392,105,214,-1.24263612533578
Apodemus flavicollis (Mulot à collier),1,802463,137192,1115,2018,Pièges à capturer vivant : PVIV,Prairies,Milieux rocheux anthropiques,Ruisseau (avec végétation),Poschiavo,GR,63,11392,105,214,-1.24263612533578
Apodemus flavicollis (Mulot à collier),1,802463,137192,1115,2018,Pièges à capturer vivant : PVIV,Prairies,Milieux rocheux anthropiques,Ruisseau (avec végétation),Poschiavo,GR,63,11392,105,214,-1.24263612533578
Apodemus flavicollis (Mulot à collier),1,802463,137192,1115,2018,Pièges à capturer vivant : PVIV,Prairies,Milieux rocheux anthropiques,Ruisseau (avec végétation),Poschiavo,GR,63,11392,105,214,-1.24263612533578
Apodemus sylvaticus (Mulot sylvestre),1,802463,137192,1115,2018,Pièges à capturer vivant : PVIV,Prairies,Milieux rocheux anthropiques,Ruisseau (avec végétation),Poschiavo,GR,63,11392,105,214,-1.24263612533578
Clethrionomys glareolus (Campagnol roussâtre),1,802463,137192,1115,2018,Pièges à capturer vivant : PVIV,Prairies,Milieux rocheux anthropiques,Ruisseau (avec végétation),Poschiavo,GR,63,11392,105,214,-1.24263612533578
Clethrionomys glareolus (Campagnol roussâtre),1,802463,137192,1115,2018,Pièges à capturer vivant : PVIV,Prairies,Milieux rocheux anthropiques,Ruisseau (avec végétation),Poschiavo,GR,63,11392,105,214,-1.24263612533578
Clethrionomys glareolus (Campagnol roussâtre),1,802463,137192,1115,2018,Pièges à capturer vivant : PVIV,Prairies,Milieux rocheux anthropiques,Ruisseau (avec végétation),Poschiavo,GR,63,11392,105,214,-1.24263612533578
Apodemus flavicollis (Mulot à collier),1,802620,137120,1130,2018,Pièges à capturer vivant : PVIV,Prairies,Milieux rocheux anthropiques,NA,Poschiavo,GR,63,11492,105,214,-1.22634792604575
Apodemus flavicollis (Mulot à collier),1,802620,137120,1130,2018,Pièges à capturer vivant : PVIV,Prairies,Milieux rocheux anthropiques,NA,Poschiavo,GR,63,11492,105,214,-1.22634792604575
Apodemus flavicollis (Mulot à collier),1,802620,137120,1130,2018,Pièges à capturer vivant : PVIV,Prairies,Milieux rocheux anthropiques,NA,Poschiavo,GR,63,11492,105,214,-1.22634792604575
Apodemus flavicollis (Mulot à collier),1,802620,137120,1130,2018,Pièges à capturer vivant : PVIV,Prairies,Milieux rocheux anthropiques,NA,Poschiavo,GR,63,11492,105,214,-1.22634792604575
Apodemus flavicollis (Mulot à collier),1,802620,137120,1130,2018,Pièges à capturer vivant : PVIV,Prairies,Milieux rocheux anthropiques,NA,Poschiavo,GR,63,11492,105,214,-1.22634792604575
Clethrionomys glareolus (Campagnol roussâtre),1,806505,127750,1006,2018,Lebendfalle : PVIV,Prairies,Milieux rocheux naturels,Broussailles / formations arbustives,Brusio,GR,72,10284,104,225,-1.63717412370715
Clethrionomys glareolus (Campagnol roussâtre),1,806505,127750,1006,2018,Lebendfalle : PVIV,Prairies,Milieux rocheux naturels,Lisières forestières (feuillus),Brusio,GR,72,10284,104,225,-1.63717412370715
Clethrionomys glareolus (Campagnol roussâtre),1,806505,127750,1006,2018,Lebendfalle : PVIV,Prairies,Milieux rocheux naturels,Lisières forestières (feuillus),Brusio,GR,72,10284,104,225,-1.63717412370715
Clethrionomys glareolus (Campagnol roussâtre),1,806505,127750,1006,2018,Lebendfalle : PVIV,Prairies,Milieux rocheux naturels,Lisières forestières (feuillus),Brusio,GR,72,10284,104,225,-1.63717412370715
Apodemus sylvaticus (Mulot sylvestre),1,806543,127768,1004,2018,Lebendfalle : PVIV,Prairies,Structures linéaires arborées dans les paysages agricoles,Milieux rocheux anthropiques,Brusio,GR,72,10318,104,225,-1.64289841921795
Apodemus sylvaticus (Mulot sylvestre),1,806812,124670,1200,2018,Lebendfalle : PVIV,Milieux forestiers (mixtes),Lisières forestières (mixtes),NA,Campascio,GR,61,9422,100,212,-0.985937706998953
Apodemus sylvaticus (Mulot sylvestre),1,806812,124670,1200,2018,Lebendfalle : PVIV,Milieux forestiers (mixtes),Lisières forestières (mixtes),NA,Campascio,GR,61,9422,100,212,-0.985937706998953
Apodemus flavicollis (Mulot à collier),1,807668,123775,980,2018,Lebendfalle : PVIV,Prairies,Milieux rocheux anthropiques,Structures linéaires arborées dans les paysages agricoles,Campascio,GR,69,8978,100,221,-1.48987079054433
Apodemus flavicollis (Mulot à collier),1,807668,123775,980,2018,Lebendfalle : PVIV,Prairies,Milieux rocheux anthropiques,Structures linéaires arborées dans les paysages agricoles,Campascio,GR,69,8978,100,221,-1.48987079054433
Apodemus flavicollis (Mulot à collier),1,807668,123775,980,2018,Lebendfalle : PVIV,Prairies,Milieux rocheux anthropiques,Structures linéaires arborées dans les paysages agricoles,Campascio,GR,69,8978,100,221,-1.48987079054433
Apodemus flavicollis (Mulot à collier),1,807711,123955,918,2018,Lebendfalle : PVIV,Prairies,Milieux anthopiques batis,Milieux rocheux anthropiques,Campascio,GR,73,8984,100,225,-1.68430134547865
Apodemus flavicollis (Mulot à collier),1,696897,180374,820,2019,Pièges à capturer vivant : PVIV,Prairies,Milieux rocheux anthropiques,NA,Bristen,UR,67,14370,82,204,-1.55168189624293
Apodemus flavicollis (Mulot à collier),1,696897,180374,820,2019,Pièges à capturer vivant : PVIV,Prairies,Milieux rocheux anthropiques,NA,Bristen,UR,67,14370,82,204,-1.55168189624293
Clethrionomys glareolus (Campagnol roussâtre),1,696897,180374,820,2019,Pièges à capturer vivant : PVIV,Prairies,Milieux rocheux anthropiques,NA,Bristen,UR,67,14370,82,204,-1.55168189624293
Apodemus flavicollis (Mulot à collier),1,696930,180355,810,2019,Pièges à capturer vivant : PVIV,Prairies,Structures linéaires arborées dans les paysages agricoles,Milieux rocheux anthropiques,Bristen,UR,66,14364,81,203,-1.52346996236787
Apodemus flavicollis (Mulot à collier),1,696930,180355,810,2019,Pièges à capturer vivant : PVIV,Prairies,Structures linéaires arborées dans les paysages agricoles,Milieux rocheux anthropiques,Bristen,UR,66,14364,81,203,-1.52346996236787
Clethrionomys glareolus (Campagnol roussâtre),1,696930,180355,810,2019,Pièges à capturer vivant : PVIV,Prairies,Structures linéaires arborées dans les paysages agricoles,Milieux rocheux anthropiques,Bristen,UR,66,14364,81,203,-1.52346996236787
Clethrionomys glareolus (Campagnol roussâtre),1,696930,180355,810,2019,Pièges à capturer vivant : PVIV,Prairies,Structures linéaires arborées dans les paysages agricoles,Milieux rocheux anthropiques,Bristen,UR,66,14364,81,203,-1.52346996236787
Clethrionomys glareolus (Campagnol roussâtre),1,696930,180355,810,2019,Pièges à capturer vivant : PVIV,Prairies,Structures linéaires arborées dans les paysages agricoles,Milieux rocheux anthropiques,Bristen,UR,66,14364,81,203,-1.52346996236787
Apodemus flavicollis (Mulot à collier),1,696960,180390,840,2019,Pièges à capturer vivant : PVIV,Prairies,Milieux rocheux anthropiques,Structures linéaires arborées dans les paysages agricoles,Bristen,UR,65,14390,81,202,-1.48024471595659
Apodemus flavicollis (Mulot à collier),1,696960,180390,840,2019,Pièges à capturer vivant : PVIV,Prairies,Milieux rocheux anthropiques,Structures linéaires arborées dans les paysages agricoles,Bristen,UR,65,14390,81,202,-1.48024471595659
Apodemus flavicollis (Mulot à collier),1,696960,180390,840,2019,Pièges à capturer vivant : PVIV,Prairies,Milieux rocheux anthropiques,Structures linéaires arborées dans les paysages agricoles,Bristen,UR,65,14390,81,202,-1.48024471595659
Apodemus flavicollis (Mulot à collier),1,696960,180390,840,2019,Pièges à capturer vivant : PVIV,Prairies,Milieux rocheux anthropiques,Structures linéaires arborées dans les paysages agricoles,Bristen,UR,65,14390,81,202,-1.48024471595659
Clethrionomys glareolus (Campagnol roussâtre),1,696960,180390,840,2019,Pièges à capturer vivant : PVIV,Prairies,Milieux rocheux anthropiques,Structures linéaires arborées dans les paysages agricoles,Bristen,UR,65,14390,81,202,-1.48024471595659
Clethrionomys glareolus (Campagnol roussâtre),1,696960,180390,840,2019,Pièges à capturer vivant : PVIV,Prairies,Milieux rocheux anthropiques,Structures linéaires arborées dans les paysages agricoles,Bristen,UR,65,14390,81,202,-1.48024471595659
Clethrionomys glareolus (Campagnol roussâtre),1,696960,180390,840,2019,Pièges à capturer vivant : PVIV,Prairies,Milieux rocheux anthropiques,Structures linéaires arborées dans les paysages agricoles,Bristen,UR,65,14390,81,202,-1.48024471595659
Neomys fodiens (Musaraigne aquatique),1,697250,180220,830,2019,Pièges à capturer vivant : PVIV,Prairies,Lisières forestières (feuillus),Milieux anthopiques batis,Bristen,UR,60,14336,80,196,-1.29617279404796
Neomys fodiens (Musaraigne aquatique),1,697250,180220,830,2019,Pièges à capturer vivant : PVIV,Prairies,Lisières forestières (feuillus),Milieux anthopiques batis,Bristen,UR,60,14336,80,196,-1.29617279404796
Sorex araneus (Musaraigne carrelet),1,697250,180220,830,2019,Pièges à capturer vivant : PVIV,Prairies,Lisières forestières (feuillus),Milieux anthopiques batis,Bristen,UR,60,14336,80,196,-1.29617279404796
Sorex araneus (Musaraigne carrelet),1,697262,177892,1274,2019,Pièges à capturer vivant : PVIV,Prairies,Lisières forestières (conifères),Milieux anthopiques batis,Bristen,UR,50,13849,74,181,-0.380574777186747
Apodemus flavicollis (Mulot à collier),1,697290,180135,890,2019,Pièges à capturer vivant : PVIV,Prairies,Lisières forestières (mixtes),NA,Bristen,UR,59,14315,80,195,-1.205061171524
Apodemus flavicollis (Mulot à collier),1,697290,180135,890,2019,Pièges à capturer vivant : PVIV,Prairies,Lisières forestières (mixtes),NA,Bristen,UR,59,14315,80,195,-1.205061171524
Apodemus flavicollis (Mulot à collier),1,697290,180135,890,2019,Pièges à capturer vivant : PVIV,Prairies,Lisières forestières (mixtes),NA,Bristen,UR,59,14315,80,195,-1.205061171524
Apodemus flavicollis (Mulot à collier),1,697290,180135,890,2019,Pièges à capturer vivant : PVIV,Prairies,Lisières forestières (mixtes),NA,Bristen,UR,59,14315,80,195,-1.205061171524
Apodemus flavicollis (Mulot à collier),1,697290,180135,890,2019,Pièges à capturer vivant : PVIV,Prairies,Lisières forestières (mixtes),NA,Bristen,UR,59,14315,80,195,-1.205061171524
Clethrionomys glareolus (Campagnol roussâtre),1,697290,180135,890,2019,Pièges à capturer vivant : PVIV,Prairies,Lisières forestières (mixtes),NA,Bristen,UR,59,14315,80,195,-1.205061171524
Sorex antinorii (Musaraigne du Valais),1,697290,180135,890,2019,Pièges à capturer vivant : PVIV,Prairies,Lisières forestières (mixtes),NA,Bristen,UR,59,14315,80,195,-1.205061171524
Sorex araneus (Musaraigne carrelet),1,697290,180135,890,2019,Pièges à capturer vivant : PVIV,Prairies,Lisières forestières (mixtes),NA,Bristen,UR,59,14315,80,195,-1.205061171524
Sorex araneus (Musaraigne carrelet),1,697290,180135,890,2019,Pièges à capturer vivant : PVIV,Prairies,Lisières forestières (mixtes),NA,Bristen,UR,59,14315,80,195,-1.205061171524
Sorex araneus (Musaraigne carrelet),1,697290,180135,890,2019,Pièges à capturer vivant : PVIV,Prairies,Lisières forestières (mixtes),NA,Bristen,UR,59,14315,80,195,-1.205061171524
Apodemus flavicollis (Mulot à collier),1,697300,180190,850,2019,Pièges à capturer vivant : PVIV,Prairies,Milieux anthopiques batis,Lisières forestières (mixtes),Bristen,UR,59,14343,80,195,-1.25641809481613
Apodemus flavicollis (Mulot à collier),1,697300,180190,850,2019,Pièges à capturer vivant : PVIV,Prairies,Milieux anthopiques batis,Lisières forestières (mixtes),Bristen,UR,59,14343,80,195,-1.25641809481613
Apodemus flavicollis (Mulot à collier),1,697300,180190,850,2019,Pièges à capturer vivant : PVIV,Prairies,Milieux anthopiques batis,Lisières forestières (mixtes),Bristen,UR,59,14343,80,195,-1.25641809481613
Apodemus flavicollis (Mulot à collier),1,697300,180190,850,2019,Pièges à capturer vivant : PVIV,Prairies,Milieux anthopiques batis,Lisières forestières (mixtes),Bristen,UR,59,14343,80,195,-1.25641809481613
Apodemus flavicollis (Mulot à collier),1,697300,180190,850,2019,Pièges à capturer vivant : PVIV,Prairies,Milieux anthopiques batis,Lisières forestières (mixtes),Bristen,UR,59,14343,80,195,-1.25641809481613
Clethrionomys glareolus (Campagnol roussâtre),1,697300,180190,850,2019,Pièges à capturer vivant : PVIV,Prairies,Milieux anthopiques batis,Lisières forestières (mixtes),Bristen,UR,59,14343,80,195,-1.25641809481613
Clethrionomys glareolus (Campagnol roussâtre),1,697300,180190,850,2019,Pièges à capturer vivant : PVIV,Prairies,Milieux anthopiques batis,Lisières forestières (mixtes),Bristen,UR,59,14343,80,195,-1.25641809481613
Microtus lavernedii (Campagnol de Lavernède),1,697439,177837,1251,2019,Pièges à capturer vivant : PVIV,Prairies,Ruisseau (sans végétation),NA,Bristen,UR,48,13843,74,178,-0.323771052576773
Sorex araneus (Musaraigne carrelet),1,697439,177837,1251,2019,Pièges à capturer vivant : PVIV,Prairies,Ruisseau (sans végétation),NA,Bristen,UR,48,13843,74,178,-0.323771052576773
Sorex araneus (Musaraigne carrelet),1,697439,177837,1251,2019,Pièges à capturer vivant : PVIV,Prairies,Ruisseau (sans végétation),NA,Bristen,UR,48,13843,74,178,-0.323771052576773
Sorex araneus (Musaraigne carrelet),1,697439,177837,1251,2019,Pièges à capturer vivant : PVIV,Prairies,Ruisseau (sans végétation),NA,Bristen,UR,48,13843,74,178,-0.323771052576773
Sorex araneus (Musaraigne carrelet),1,697445,177889,1249,2019,Pièges à capturer vivant : PVIV,Prairies,Ruisseau (sans végétation),NA,Bristen,UR,49,13823,74,180,-0.377881614875797
Apodemus flavicollis (Mulot à collier),1,697507,177598,1272,2019,Pièges à capturer vivant : PVIV,Prairies,Ruisseau (sans végétation),NA,Bristen,UR,45,13935,72,174,-0.190656934737288
Clethrionomys glareolus (Campagnol roussâtre),1,697507,177598,1272,2019,Pièges à capturer vivant : PVIV,Prairies,Ruisseau (sans végétation),NA,Bristen,UR,45,13935,72,174,-0.190656934737288
Clethrionomys glareolus (Campagnol roussâtre),1,697507,177598,1272,2019,Pièges à capturer vivant : PVIV,Prairies,Ruisseau (sans végétation),NA,Bristen,UR,45,13935,72,174,-0.190656934737288
Sorex antinorii (Musaraigne du Valais),1,697507,177598,1272,2019,Pièges à capturer vivant : PVIV,Prairies,Ruisseau (sans végétation),NA,Bristen,UR,45,13935,72,174,-0.190656934737288
Sorex araneus (Musaraigne carrelet),1,697507,177598,1272,2019,Pièges à capturer vivant : PVIV,Prairies,Ruisseau (sans végétation),NA,Bristen,UR,45,13935,72,174,-0.190656934737288
Sorex araneus (Musaraigne carrelet),1,697507,177598,1272,2019,Pièges à capturer vivant : PVIV,Prairies,Ruisseau (sans végétation),NA,Bristen,UR,45,13935,72,174,-0.190656934737288
Apodemus alpicola (Mulot alpestre),1,697620,177243,1306,2019,Pièges à capturer vivant : PVIV,Prairies,Ruisseau (avec végétation),NA,Bristen,UR,43,14247,71,170,-0.0675017810916369
Apodemus alpicola (Mulot alpestre),1,697620,177243,1306,2019,Pièges à capturer vivant : PVIV,Prairies,Ruisseau (avec végétation),NA,Bristen,UR,43,14247,71,170,-0.0675017810916369
Apodemus alpicola (Mulot alpestre),1,697620,177243,1306,2019,Pièges à capturer vivant : PVIV,Prairies,Ruisseau (avec végétation),NA,Bristen,UR,43,14247,71,170,-0.0675017810916369
Apodemus flavicollis (Mulot à collier),1,697620,177243,1306,2019,Pièges à capturer vivant : PVIV,Prairies,Ruisseau (avec végétation),NA,Bristen,UR,43,14247,71,170,-0.0675017810916369
Apodemus flavicollis (Mulot à collier),1,697620,177243,1306,2019,Pièges à capturer vivant : PVIV,Prairies,Ruisseau (avec végétation),NA,Bristen,UR,43,14247,71,170,-0.0675017810916369
Apodemus flavicollis (Mulot à collier),1,697620,177243,1306,2019,Pièges à capturer vivant : PVIV,Prairies,Ruisseau (avec végétation),NA,Bristen,UR,43,14247,71,170,-0.0675017810916369
Apodemus flavicollis (Mulot à collier),1,697620,177243,1306,2019,Pièges à capturer vivant : PVIV,Prairies,Ruisseau (avec végétation),NA,Bristen,UR,43,14247,71,170,-0.0675017810916369
Sorex araneus (Musaraigne carrelet),1,697620,177243,1306,2019,Pièges à capturer vivant : PVIV,Prairies,Ruisseau (avec végétation),NA,Bristen,UR,43,14247,71,170,-0.0675017810916369
Sorex araneus (Musaraigne carrelet),1,697620,177243,1306,2019,Pièges à capturer vivant : PVIV,Prairies,Ruisseau (avec végétation),NA,Bristen,UR,43,14247,71,170,-0.0675017810916369
Apodemus alpicola (Mulot alpestre),1,697631,177044,1329,2019,Pièges à capturer vivant : PVIV,Prairies,Torrent (avec végétation),NA,Bristen,UR,40,14366,69,166,0.0755696459597077
Clethrionomys glareolus (Campagnol roussâtre),1,697631,177044,1329,2019,Pièges à capturer vivant : PVIV,Prairies,Torrent (avec végétation),NA,Bristen,UR,40,14366,69,166,0.0755696459597077
Clethrionomys glareolus (Campagnol roussâtre),1,697631,177044,1329,2019,Pièges à capturer vivant : PVIV,Prairies,Torrent (avec végétation),NA,Bristen,UR,40,14366,69,166,0.0755696459597077
Sorex antinorii (Musaraigne du Valais),1,697631,177044,1329,2019,Pièges à capturer vivant : PVIV,Prairies,Torrent (avec végétation),NA,Bristen,UR,40,14366,69,166,0.0755696459597077
Sorex araneus (Musaraigne carrelet),1,697631,177044,1329,2019,Pièges à capturer vivant : PVIV,Prairies,Torrent (avec végétation),NA,Bristen,UR,40,14366,69,166,0.0755696459597077
Sorex araneus (Musaraigne carrelet),1,697631,177044,1329,2019,Pièges à capturer vivant : PVIV,Prairies,Torrent (avec végétation),NA,Bristen,UR,40,14366,69,166,0.0755696459597077
Sorex araneus (Musaraigne carrelet),1,697631,177044,1329,2019,Pièges à capturer vivant : PVIV,Prairies,Torrent (avec végétation),NA,Bristen,UR,40,14366,69,166,0.0755696459597077
Apodemus flavicollis (Mulot à collier),1,697642,176992,1337,2019,Pièges à capturer vivant : PVIV,Prairies,Torrent (avec végétation),Milieux rocheux naturels,Bristen,UR,39,14390,69,165,0.116988984485284
Apodemus sylvaticus (Mulot sylvestre),1,697642,176992,1337,2019,Pièges à capturer vivant : PVIV,Prairies,Torrent (avec végétation),Milieux rocheux naturels,Bristen,UR,39,14390,69,165,0.116988984485284
Chionomys nivalis (Campagnol des neiges),1,697642,176992,1337,2019,Pièges à capturer vivant : PVIV,Prairies,Torrent (avec végétation),Milieux rocheux naturels,Bristen,UR,39,14390,69,165,0.116988984485284
Clethrionomys glareolus (Campagnol roussâtre),1,697642,176992,1337,2019,Pièges à capturer vivant : PVIV,Prairies,Torrent (avec végétation),Milieux rocheux naturels,Bristen,UR,39,14390,69,165,0.116988984485284
Clethrionomys glareolus (Campagnol roussâtre),1,697642,176992,1337,2019,Pièges à capturer vivant : PVIV,Prairies,Torrent (avec végétation),Milieux rocheux naturels,Bristen,UR,39,14390,69,165,0.116988984485284
Clethrionomys glareolus (Campagnol roussâtre),1,697642,176992,1337,2019,Pièges à capturer vivant : PVIV,Prairies,Torrent (avec végétation),Milieux rocheux naturels,Bristen,UR,39,14390,69,165,0.116988984485284
Clethrionomys glareolus (Campagnol roussâtre),1,697642,176992,1337,2019,Pièges à capturer vivant : PVIV,Prairies,Torrent (avec végétation),Milieux rocheux naturels,Bristen,UR,39,14390,69,165,0.116988984485284
Clethrionomys glareolus (Campagnol roussâtre),1,697642,176992,1337,2019,Pièges à capturer vivant : PVIV,Prairies,Torrent (avec végétation),Milieux rocheux naturels,Bristen,UR,39,14390,69,165,0.116988984485284
Clethrionomys glareolus (Campagnol roussâtre),1,697642,176992,1337,2019,Pièges à capturer vivant : PVIV,Prairies,Torrent (avec végétation),Milieux rocheux naturels,Bristen,UR,39,14390,69,165,0.116988984485284
Clethrionomys glareolus (Campagnol roussâtre),1,697642,176992,1337,2019,Pièges à capturer vivant : PVIV,Prairies,Torrent (avec végétation),Milieux rocheux naturels,Bristen,UR,39,14390,69,165,0.116988984485284
Clethrionomys glareolus (Campagnol roussâtre),1,697642,176992,1337,2019,Pièges à capturer vivant : PVIV,Prairies,Torrent (avec végétation),Milieux rocheux naturels,Bristen,UR,39,14390,69,165,0.116988984485284
Clethrionomys glareolus (Campagnol roussâtre),1,697642,176992,1337,2019,Pièges à capturer vivant : PVIV,Prairies,Torrent (avec végétation),Milieux rocheux naturels,Bristen,UR,39,14390,69,165,0.116988984485284
Clethrionomys glareolus (Campagnol roussâtre),1,697642,176992,1337,2019,Pièges à capturer vivant : PVIV,Prairies,Torrent (avec végétation),Milieux rocheux naturels,Bristen,UR,39,14390,69,165,0.116988984485284
Sorex araneus (Musaraigne carrelet),1,697642,176992,1337,2019,Pièges à capturer vivant : PVIV,Prairies,Torrent (avec végétation),Milieux rocheux naturels,Bristen,UR,39,14390,69,165,0.116988984485284
Sorex araneus (Musaraigne carrelet),1,697642,176992,1337,2019,Pièges à capturer vivant : PVIV,Prairies,Torrent (avec végétation),Milieux rocheux naturels,Bristen,UR,39,14390,69,165,0.116988984485284
Apodemus flavicollis (Mulot à collier),1,697653,176831,1357,2019,Pièges à capturer vivant : PVIV,Prairies,Torrent (avec végétation),Milieux rocheux naturels,Bristen,UR,37,14499,68,162,0.214874602883424
Apodemus flavicollis (Mulot à collier),1,697653,176831,1357,2019,Pièges à capturer vivant : PVIV,Prairies,Torrent (avec végétation),Milieux rocheux naturels,Bristen,UR,37,14499,68,162,0.214874602883424
Apodemus sylvaticus (Mulot sylvestre),1,697653,176831,1357,2019,Pièges à capturer vivant : PVIV,Prairies,Torrent (avec végétation),Milieux rocheux naturels,Bristen,UR,37,14499,68,162,0.214874602883424
Chionomys nivalis (Campagnol des neiges),1,697653,176831,1357,2019,Pièges à capturer vivant : PVIV,Prairies,Torrent (avec végétation),Milieux rocheux naturels,Bristen,UR,37,14499,68,162,0.214874602883424
Sorex araneus (Musaraigne carrelet),1,697658,177068,1327,2019,NA,Prairies,Torrent (avec végétation),NA,Bristen,UR,40,14398,70,167,0.0521723557867052
Clethrionomys glareolus (Campagnol roussâtre),1,697706,176928,1360,2019,Pièges à capturer vivant : PVIV,Prairies,Ruisseau (avec végétation),NA,Bristen,UR,38,14530,69,164,0.164404297560794
Clethrionomys glareolus (Campagnol roussâtre),1,697706,176928,1360,2019,Pièges à capturer vivant : PVIV,Prairies,Ruisseau (avec végétation),NA,Bristen,UR,38,14530,69,164,0.164404297560794
Clethrionomys glareolus (Campagnol roussâtre),1,697706,176928,1360,2019,Pièges à capturer vivant : PVIV,Prairies,Ruisseau (avec végétation),NA,Bristen,UR,38,14530,69,164,0.164404297560794
Sorex araneus (Musaraigne carrelet),1,697747,177453,1326,2019,NA,Prairies,NA,NA,Bristen,UR,43,14294,71,171,-0.0581042898133778
Sorex araneus (Musaraigne carrelet),1,697780,177516,1332,2019,Pièges à capturer vivant : PVIV,Prairies,Lisières forestières (conifères),Milieux anthopiques batis,Bristen,UR,43,14313,71,171,-0.0531598751042389
Apodemus flavicollis (Mulot à collier),1,697780,177516,1332,2019,Pièges à capturer vivant : PVIV,Prairies,Lisières forestières (conifères),NA,Bristen,UR,43,14313,71,171,-0.0531598751042389
Apodemus sylvaticus (Mulot sylvestre),1,697780,177516,1332,2019,Pièges à capturer vivant : PVIV,Prairies,Lisières forestières (conifères),NA,Bristen,UR,43,14313,71,171,-0.0531598751042389
Clethrionomys glareolus (Campagnol roussâtre),1,697780,177516,1332,2019,Pièges à capturer vivant : PVIV,Prairies,Lisières forestières (conifères),NA,Bristen,UR,43,14313,71,171,-0.0531598751042389
Clethrionomys glareolus (Campagnol roussâtre),1,697780,177516,1332,2019,Pièges à capturer vivant : PVIV,Prairies,Lisières forestières (conifères),NA,Bristen,UR,43,14313,71,171,-0.0531598751042389
Clethrionomys glareolus (Campagnol roussâtre),1,697780,177516,1332,2019,Pièges à capturer vivant : PVIV,Prairies,Lisières forestières (conifères),NA,Bristen,UR,43,14313,71,171,-0.0531598751042389
Clethrionomys glareolus (Campagnol roussâtre),1,697780,177516,1332,2019,Pièges à capturer vivant : PVIV,Prairies,Lisières forestières (conifères),NA,Bristen,UR,43,14313,71,171,-0.0531598751042389
Clethrionomys glareolus (Campagnol roussâtre),1,697780,177516,1332,2019,Pièges à capturer vivant : PVIV,Prairies,Lisières forestières (conifères),NA,Bristen,UR,43,14313,71,171,-0.0531598751042389
Clethrionomys glareolus (Campagnol roussâtre),1,697780,177516,1332,2019,Pièges à capturer vivant : PVIV,Prairies,Lisières forestières (conifères),NA,Bristen,UR,43,14313,71,171,-0.0531598751042389
Clethrionomys glareolus (Campagnol roussâtre),1,697780,177516,1332,2019,Pièges à capturer vivant : PVIV,Prairies,Lisières forestières (conifères),NA,Bristen,UR,43,14313,71,171,-0.0531598751042389
Clethrionomys glareolus (Campagnol roussâtre),NA,697780,177516,1332,2019,Pièges à capturer vivant : PVIV,Prairies,Lisières forestières (conifères),NA,Bristen,UR,43,14313,71,171,-0.0531598751042389
Clethrionomys glareolus (Campagnol roussâtre),1,697780,177516,1332,2019,Pièges à capturer vivant : PVIV,Prairies,Lisières forestières (conifères),NA,Bristen,UR,43,14313,71,171,-0.0531598751042389
Clethrionomys glareolus (Campagnol roussâtre),1,697780,177516,1332,2019,Pièges à capturer vivant : PVIV,Prairies,Lisières forestières (conifères),NA,Bristen,UR,43,14313,71,171,-0.0531598751042389
Clethrionomys glareolus (Campagnol roussâtre),1,697780,177516,1332,2019,Pièges à capturer vivant : PVIV,Prairies,Lisières forestières (conifères),NA,Bristen,UR,43,14313,71,171,-0.0531598751042389
Sorex araneus (Musaraigne carrelet),1,697780,177516,1332,2019,Pièges à capturer vivant : PVIV,Prairies,Lisières forestières (conifères),NA,Bristen,UR,43,14313,71,171,-0.0531598751042389
Apodemus flavicollis (Mulot à collier),1,697858,180434,880,2019,Pièges à capturer vivant : PVIV,Prairies,Torrent (avec végétation),NA,Bristen,UR,56,14465,78,190,-1.08412310303413
Apodemus flavicollis (Mulot à collier),1,697858,180434,880,2019,Pièges à capturer vivant : PVIV,Prairies,Torrent (avec végétation),NA,Bristen,UR,56,14465,78,190,-1.08412310303413
Apodemus flavicollis (Mulot à collier),1,697858,180434,880,2019,Pièges à capturer vivant : PVIV,Prairies,Torrent (avec végétation),NA,Bristen,UR,56,14465,78,190,-1.08412310303413
Apodemus flavicollis (Mulot à collier),1,697858,180434,880,2019,Pièges à capturer vivant : PVIV,Prairies,Torrent (avec végétation),NA,Bristen,UR,56,14465,78,190,-1.08412310303413
Clethrionomys glareolus (Campagnol roussâtre),1,697858,180434,880,2019,Pièges à capturer vivant : PVIV,Prairies,Torrent (avec végétation),NA,Bristen,UR,56,14465,78,190,-1.08412310303413
Clethrionomys glareolus (Campagnol roussâtre),1,697858,180434,880,2019,Pièges à capturer vivant : PVIV,Prairies,Torrent (avec végétation),NA,Bristen,UR,56,14465,78,190,-1.08412310303413
Clethrionomys glareolus (Campagnol roussâtre),1,697858,180434,880,2019,Pièges à capturer vivant : PVIV,Prairies,Torrent (avec végétation),NA,Bristen,UR,56,14465,78,190,-1.08412310303413
Clethrionomys glareolus (Campagnol roussâtre),1,697858,180434,880,2019,Pièges à capturer vivant : PVIV,Prairies,Torrent (avec végétation),NA,Bristen,UR,56,14465,78,190,-1.08412310303413
Clethrionomys glareolus (Campagnol roussâtre),1,697858,180434,880,2019,Pièges à capturer vivant : PVIV,Prairies,Torrent (avec végétation),NA,Bristen,UR,56,14465,78,190,-1.08412310303413
Clethrionomys glareolus (Campagnol roussâtre),1,697858,180434,880,2019,Pièges à capturer vivant : PVIV,Prairies,Torrent (avec végétation),NA,Bristen,UR,56,14465,78,190,-1.08412310303413
Clethrionomys glareolus (Campagnol roussâtre),1,697858,180434,880,2019,Pièges à capturer vivant : PVIV,Prairies,Torrent (avec végétation),NA,Bristen,UR,56,14465,78,190,-1.08412310303413
Clethrionomys glareolus (Campagnol roussâtre),1,697858,180434,880,2019,Pièges à capturer vivant : PVIV,Prairies,Torrent (avec végétation),NA,Bristen,UR,56,14465,78,190,-1.08412310303413
Clethrionomys glareolus (Campagnol roussâtre),1,697858,180434,880,2019,Pièges à capturer vivant : PVIV,Prairies,Torrent (avec végétation),NA,Bristen,UR,56,14465,78,190,-1.08412310303413
Apodemus flavicollis (Mulot à collier),1,698115,180543,950,2019,Pièges à capturer vivant : PVIV,Prairies,Lisières forestières (feuillus),NA,Bristen,UR,54,14556,77,186,-0.914390644071964
Apodemus flavicollis (Mulot à collier),1,698115,180543,950,2019,Pièges à capturer vivant : PVIV,Prairies,Lisières forestières (feuillus),NA,Bristen,UR,54,14556,77,186,-0.914390644071964
Apodemus flavicollis (Mulot à collier),1,698115,180543,950,2019,Pièges à capturer vivant : PVIV,Prairies,Lisières forestières (feuillus),NA,Bristen,UR,54,14556,77,186,-0.914390644071964
Apodemus flavicollis (Mulot à collier),1,698115,180543,950,2019,Pièges à capturer vivant : PVIV,Prairies,Lisières forestières (feuillus),NA,Bristen,UR,54,14556,77,186,-0.914390644071964
Apodemus flavicollis (Mulot à collier),1,698115,180543,950,2019,Pièges à capturer vivant : PVIV,Prairies,Lisières forestières (feuillus),NA,Bristen,UR,54,14556,77,186,-0.914390644071964
Clethrionomys glareolus (Campagnol roussâtre),1,698115,180543,950,2019,Pièges à capturer vivant : PVIV,Prairies,Lisières forestières (feuillus),NA,Bristen,UR,54,14556,77,186,-0.914390644071964
Clethrionomys glareolus (Campagnol roussâtre),1,698115,180543,950,2019,Pièges à capturer vivant : PVIV,Prairies,Lisières forestières (feuillus),NA,Bristen,UR,54,14556,77,186,-0.914390644071964
Sorex araneus (Musaraigne carrelet),1,698370,181530,1425,2019,Lebendfalle : PVIV,Prairies,Milieux rocheux naturels,Milieux anthopiques batis,Silenen,UR,36,16322,70,161,0.237310518738354
Sorex araneus (Musaraigne carrelet),1,698370,181530,1425,2019,Lebendfalle : PVIV,Prairies,Milieux rocheux naturels,Milieux anthopiques batis,Silenen,UR,36,16322,70,161,0.237310518738354
Sorex araneus (Musaraigne carrelet),1,698370,181530,1425,2019,Lebendfalle : PVIV,Prairies,Milieux rocheux naturels,Milieux anthopiques batis,Silenen,UR,36,16322,70,161,0.237310518738354
Clethrionomys glareolus (Campagnol roussâtre),1,698381,181570,1434,2019,Lebendfalle : PVIV,Prairies,Structures linéaires arborées dans les paysages agricoles,NA,Silenen,UR,36,16373,70,161,0.254516307460711
Clethrionomys glareolus (Campagnol roussâtre),1,698381,181570,1434,2019,Lebendfalle : PVIV,Prairies,Structures linéaires arborées dans les paysages agricoles,NA,Silenen,UR,36,16373,70,161,0.254516307460711
Clethrionomys glareolus (Campagnol roussâtre),1,698381,181570,1434,2019,Lebendfalle : PVIV,Prairies,Structures linéaires arborées dans les paysages agricoles,NA,Silenen,UR,36,16373,70,161,0.254516307460711
Clethrionomys glareolus (Campagnol roussâtre),1,698381,181570,1434,2019,Lebendfalle : PVIV,Prairies,Structures linéaires arborées dans les paysages agricoles,NA,Silenen,UR,36,16373,70,161,0.254516307460711
Apodemus sylvaticus (Mulot sylvestre),1,698589,181494,1415,2019,Lebendfalle : PVIV,Prairies,Ruisseau (avec végétation),Structures linéaires arborées dans les paysages agricoles,Silenen,UR,36,16141,70,161,0.239050251220085
Clethrionomys glareolus (Campagnol roussâtre),1,698738,181407,1399,2019,Lebendfalle : PVIV,Prairies,Ruisseau (avec végétation),NA,Silenen,UR,36,15984,70,161,0.223509472815582
Clethrionomys glareolus (Campagnol roussâtre),1,698738,181407,1399,2019,Lebendfalle : PVIV,Prairies,Ruisseau (avec végétation),NA,Silenen,UR,36,15984,70,161,0.223509472815582
Clethrionomys glareolus (Campagnol roussâtre),1,698738,181407,1399,2019,Lebendfalle : PVIV,Prairies,Ruisseau (avec végétation),NA,Silenen,UR,36,15984,70,161,0.223509472815582
Clethrionomys glareolus (Campagnol roussâtre),1,698738,181407,1399,2019,Lebendfalle : PVIV,Prairies,Ruisseau (avec végétation),NA,Silenen,UR,36,15984,70,161,0.223509472815582
Clethrionomys glareolus (Campagnol roussâtre),1,698738,181407,1399,2019,Lebendfalle : PVIV,Prairies,Ruisseau (avec végétation),NA,Silenen,UR,36,15984,70,161,0.223509472815582
Sorex araneus (Musaraigne carrelet),1,698738,181407,1399,2019,Lebendfalle : PVIV,Prairies,Ruisseau (avec végétation),NA,Silenen,UR,36,15984,70,161,0.223509472815582
Sorex araneus (Musaraigne carrelet),1,698738,181407,1399,2019,Lebendfalle : PVIV,Prairies,Ruisseau (avec végétation),NA,Silenen,UR,36,15984,70,161,0.223509472815582
Clethrionomys glareolus (Campagnol roussâtre),1,698756,181414,1401,2019,Lebendfalle : PVIV,Prairies,Ruisseau (avec végétation),NA,Silenen,UR,36,15989,70,161,0.228550646738456
Sorex antinorii (Musaraigne du Valais),1,698756,181414,1401,2019,Lebendfalle : PVIV,Prairies,Ruisseau (avec végétation),NA,Silenen,UR,36,15989,70,161,0.228550646738456
Sorex antinorii (Musaraigne du Valais),1,698756,181414,1401,2019,Lebendfalle : PVIV,Prairies,Ruisseau (avec végétation),NA,Silenen,UR,36,15989,70,161,0.228550646738456
Sorex araneus (Musaraigne carrelet),1,698756,181414,1401,2019,Lebendfalle : PVIV,Prairies,Ruisseau (avec végétation),NA,Silenen,UR,36,15989,70,161,0.228550646738456
Sorex araneus (Musaraigne carrelet),1,698756,181414,1401,2019,Lebendfalle : PVIV,Prairies,Ruisseau (avec végétation),NA,Silenen,UR,36,15989,70,161,0.228550646738456
Sorex araneus (Musaraigne carrelet),1,698756,181414,1401,2019,Lebendfalle : PVIV,Prairies,Ruisseau (avec végétation),NA,Silenen,UR,36,15989,70,161,0.228550646738456
Clethrionomys glareolus (Campagnol roussâtre),1,698789,181460,1416,2019,Lebendfalle : PVIV,Prairies,Milieux rocheux naturels,Structures linéaires arborées dans les paysages agricoles,Silenen,UR,35,16055,69,160,0.273665293189084
Clethrionomys glareolus (Campagnol roussâtre),1,698789,181460,1417,2019,Lebendfalle : PVIV,Prairies,Milieux rocheux naturels,Structures linéaires arborées dans les paysages agricoles,Silenen,UR,35,16055,69,160,0.273665293189084
Clethrionomys glareolus (Campagnol roussâtre),1,698789,181460,1417,2019,Lebendfalle : PVIV,Prairies,Milieux rocheux naturels,Structures linéaires arborées dans les paysages agricoles,Silenen,UR,35,16055,69,160,0.273665293189084
Apodemus flavicollis (Mulot à collier),1,698824,181455,1413,2019,Lebendfalle : PVIV,Prairies,Structures linéaires arborées dans les paysages agricoles,Milieux rocheux anthropiques,Silenen,UR,35,16048,69,160,0.275555975080849
Clethrionomys glareolus (Campagnol roussâtre),1,698834,181478,1422,2019,Lebendfalle : PVIV,Prairies,Structures linéaires arborées dans les paysages agricoles,NA,Silenen,UR,35,16081,69,160,0.285877977328092
Clethrionomys glareolus (Campagnol roussâtre),1,699175,181267,1412,2019,Pièges à capturer vivant : PVIV,Milieux humides (Bas marais),Lisières forestières (conifères),Ruisseau (sans végétation),Silenen,UR,35,15673,69,159,0.303496808074715
Microtus agrestis (Campagnol agreste),1,699175,181267,1412,2019,Pièges à capturer vivant : PVIV,Milieux humides (Bas marais),Lisières forestières (conifères),Ruisseau (sans végétation),Silenen,UR,35,15673,69,159,0.303496808074715
Microtus agrestis (Campagnol agreste),1,699175,181267,1412,2019,Pièges à capturer vivant : PVIV,Milieux humides (Bas marais),Lisières forestières (conifères),Ruisseau (sans végétation),Silenen,UR,35,15673,69,159,0.303496808074715
Microtus lavernedii (Campagnol de Lavernède),1,699175,181267,1412,2019,Pièges à capturer vivant : PVIV,Milieux humides (Bas marais),Lisières forestières (conifères),Ruisseau (sans végétation),Silenen,UR,35,15673,69,159,0.303496808074715
Clethrionomys glareolus (Campagnol roussâtre),1,699255,181443,1416,2019,Pièges à capturer vivant : PVIV,Prairies,Structures linéaires arborées dans les paysages agricoles,NA,Silenen,UR,33,15913,68,157,0.368405470609119
Clethrionomys glareolus (Campagnol roussâtre),1,699255,181443,1416,2019,Pièges à capturer vivant : PVIV,Prairies,Structures linéaires arborées dans les paysages agricoles,NA,Silenen,UR,33,15913,68,157,0.368405470609119
Clethrionomys glareolus (Campagnol roussâtre),1,699255,181443,1416,2019,Pièges à capturer vivant : PVIV,Prairies,Structures linéaires arborées dans les paysages agricoles,NA,Silenen,UR,33,15913,68,157,0.368405470609119
Clethrionomys glareolus (Campagnol roussâtre),1,699255,181443,1416,2019,Pièges à capturer vivant : PVIV,Prairies,Structures linéaires arborées dans les paysages agricoles,NA,Silenen,UR,33,15913,68,157,0.368405470609119
Clethrionomys glareolus (Campagnol roussâtre),1,699255,181443,1416,2019,Pièges à capturer vivant : PVIV,Prairies,Structures linéaires arborées dans les paysages agricoles,NA,Silenen,UR,33,15913,68,157,0.368405470609119
Clethrionomys glareolus (Campagnol roussâtre),1,699454,181221,1421,2019,Pièges à capturer vivant : PVIV,Prairies,NA,Lisières forestières (conifères),Silenen,UR,35,15541,69,159,0.308740425204351
Clethrionomys glareolus (Campagnol roussâtre),1,699454,181221,1421,2019,Pièges à capturer vivant : PVIV,Prairies,NA,Lisières forestières (conifères),Silenen,UR,35,15541,69,159,0.308740425204351
Clethrionomys glareolus (Campagnol roussâtre),1,699454,181221,1421,2019,Pièges à capturer vivant : PVIV,Prairies,NA,Lisières forestières (conifères),Silenen,UR,35,15541,69,159,0.308740425204351
Clethrionomys glareolus (Campagnol roussâtre),1,699514,181368,1413,2019,Pièges à capturer vivant : PVIV,Prairies,Milieux rocheux naturels,Lisières forestières (conifères),Silenen,UR,33,15748,68,157,0.372486036813146
Clethrionomys glareolus (Campagnol roussâtre),1,699514,181368,1413,2019,Pièges à capturer vivant : PVIV,Prairies,Milieux rocheux naturels,Lisières forestières (conifères),Silenen,UR,33,15748,68,157,0.372486036813146
Clethrionomys glareolus (Campagnol roussâtre),1,699514,181368,1413,2019,Pièges à capturer vivant : PVIV,Prairies,Milieux rocheux naturels,Lisières forestières (conifères),Silenen,UR,33,15748,68,157,0.372486036813146
Chionomys nivalis (Campagnol des neiges),1,699554,181429,1429,2019,NA,Prairies,Broussailles / formations arbustives,NA,Silenen,UR,33,15856,68,157,0.374837607166712
Clethrionomys glareolus (Campagnol roussâtre),1,699793,181405,1467,2019,Pièges à capturer vivant : PVIV,Prairies,Structures linéaires arborées dans les paysages agricoles,NA,Silenen,UR,33,15761,68,156,0.443479522988032
Clethrionomys glareolus (Campagnol roussâtre),1,699793,181405,1467,2019,Pièges à capturer vivant : PVIV,Prairies,Structures linéaires arborées dans les paysages agricoles,NA,Silenen,UR,33,15761,68,156,0.443479522988032
Clethrionomys glareolus (Campagnol roussâtre),1,699793,181405,1467,2019,Pièges à capturer vivant : PVIV,Prairies,Structures linéaires arborées dans les paysages agricoles,NA,Silenen,UR,33,15761,68,156,0.443479522988032
Chionomys nivalis (Campagnol des neiges),1,700287,181181,1158,2019,Lebendfalle : PVIV,Milieux forestiers (mixtes),Torrent (avec végétation),NA,Bristen,UR,38,15397,69,163,-0.0760108329428154
Chionomys nivalis (Campagnol des neiges),1,700287,181181,1158,2019,Lebendfalle : PVIV,Milieux forestiers (mixtes),Torrent (avec végétation),NA,Bristen,UR,38,15397,69,163,-0.0760108329428154
Chionomys nivalis (Campagnol des neiges),1,700287,181181,1158,2019,Lebendfalle : PVIV,Milieux forestiers (mixtes),Torrent (avec végétation),NA,Bristen,UR,38,15397,69,163,-0.0760108329428154
Chionomys nivalis (Campagnol des neiges),1,700287,181181,1158,2019,Lebendfalle : PVIV,Milieux forestiers (mixtes),Torrent (avec végétation),NA,Bristen,UR,38,15397,69,163,-0.0760108329428154
Clethrionomys glareolus (Campagnol roussâtre),1,700287,181181,1158,2019,Lebendfalle : PVIV,Milieux forestiers (mixtes),Torrent (avec végétation),NA,Bristen,UR,38,15397,69,163,-0.0760108329428154
Clethrionomys glareolus (Campagnol roussâtre),1,700287,181181,1158,2019,Lebendfalle : PVIV,Milieux forestiers (mixtes),Torrent (avec végétation),NA,Bristen,UR,38,15397,69,163,-0.0760108329428154
Clethrionomys glareolus (Campagnol roussâtre),1,700287,181181,1158,2019,Lebendfalle : PVIV,Milieux forestiers (mixtes),Torrent (avec végétation),NA,Bristen,UR,38,15397,69,163,-0.0760108329428154
Clethrionomys glareolus (Campagnol roussâtre),1,700287,181181,1158,2019,Lebendfalle : PVIV,Milieux forestiers (mixtes),Torrent (avec végétation),NA,Bristen,UR,38,15397,69,163,-0.0760108329428154
Clethrionomys glareolus (Campagnol roussâtre),1,700287,181181,1158,2019,Lebendfalle : PVIV,Milieux forestiers (mixtes),Torrent (avec végétation),NA,Bristen,UR,38,15397,69,163,-0.0760108329428154
Sorex antinorii (Musaraigne du Valais),1,700287,181181,1158,2019,Lebendfalle : PVIV,Milieux forestiers (mixtes),Torrent (avec végétation),NA,Bristen,UR,38,15397,69,163,-0.0760108329428154
Clethrionomys glareolus (Campagnol roussâtre),1,700573,181048,1193,2019,Lebendfalle : PVIV,Prairies,Broussailles / formations arbustives,NA,Bristen,UR,42,15199,70,167,-0.159651520638971
Clethrionomys glareolus (Campagnol roussâtre),1,700573,181048,1193,2019,Lebendfalle : PVIV,Prairies,Broussailles / formations arbustives,NA,Bristen,UR,42,15199,70,167,-0.159651520638971
Clethrionomys glareolus (Campagnol roussâtre),1,700573,181048,1193,2019,Lebendfalle : PVIV,Prairies,Broussailles / formations arbustives,NA,Bristen,UR,42,15199,70,167,-0.159651520638971
Clethrionomys glareolus (Campagnol roussâtre),1,700573,181048,1193,2019,Lebendfalle : PVIV,Prairies,Broussailles / formations arbustives,NA,Bristen,UR,42,15199,70,167,-0.159651520638971
Clethrionomys glareolus (Campagnol roussâtre),1,700573,181048,1193,2019,Lebendfalle : PVIV,Prairies,Broussailles / formations arbustives,NA,Bristen,UR,42,15199,70,167,-0.159651520638971
Clethrionomys glareolus (Campagnol roussâtre),1,700573,181048,1193,2019,Lebendfalle : PVIV,Prairies,Broussailles / formations arbustives,NA,Bristen,UR,42,15199,70,167,-0.159651520638971
Clethrionomys glareolus (Campagnol roussâtre),1,700573,181048,1193,2019,Lebendfalle : PVIV,Prairies,Broussailles / formations arbustives,NA,Bristen,UR,42,15199,70,167,-0.159651520638971
Clethrionomys glareolus (Campagnol roussâtre),1,700573,181048,1193,2019,Lebendfalle : PVIV,Prairies,Broussailles / formations arbustives,NA,Bristen,UR,42,15199,70,167,-0.159651520638971
Clethrionomys glareolus (Campagnol roussâtre),1,700573,181048,1193,2019,Lebendfalle : PVIV,Prairies,Broussailles / formations arbustives,NA,Bristen,UR,42,15199,70,167,-0.159651520638971
Sorex araneus (Musaraigne carrelet),1,700573,181048,1193,2019,Lebendfalle : PVIV,Prairies,Broussailles / formations arbustives,NA,Bristen,UR,42,15199,70,167,-0.159651520638971
Clethrionomys glareolus (Campagnol roussâtre),1,700592,180948,1209,2019,Lebendfalle : PVIV,Prairies,Lisières forestières (mixtes),NA,Bristen,UR,45,15083,71,171,-0.258445617214308
Clethrionomys glareolus (Campagnol roussâtre),1,700592,180948,1209,2019,Lebendfalle : PVIV,Prairies,Lisières forestières (mixtes),NA,Bristen,UR,45,15083,71,171,-0.258445617214308
Clethrionomys glareolus (Campagnol roussâtre),1,700592,180948,1209,2019,Lebendfalle : PVIV,Prairies,Lisières forestières (mixtes),NA,Bristen,UR,45,15083,71,171,-0.258445617214308
Clethrionomys glareolus (Campagnol roussâtre),1,700592,180948,1209,2019,Lebendfalle : PVIV,Prairies,Lisières forestières (mixtes),NA,Bristen,UR,45,15083,71,171,-0.258445617214308
Clethrionomys glareolus (Campagnol roussâtre),1,700592,180948,1209,2019,Lebendfalle : PVIV,Prairies,Lisières forestières (mixtes),NA,Bristen,UR,45,15083,71,171,-0.258445617214308
Clethrionomys glareolus (Campagnol roussâtre),1,700592,180948,1209,2019,Lebendfalle : PVIV,Prairies,Lisières forestières (mixtes),NA,Bristen,UR,45,15083,71,171,-0.258445617214308
Clethrionomys glareolus (Campagnol roussâtre),1,700592,180948,1209,2019,Lebendfalle : PVIV,Prairies,Lisières forestières (mixtes),NA,Bristen,UR,45,15083,71,171,-0.258445617214308
Clethrionomys glareolus (Campagnol roussâtre),1,700592,180948,1209,2019,Lebendfalle : PVIV,Prairies,Lisières forestières (mixtes),NA,Bristen,UR,45,15083,71,171,-0.258445617214308
Clethrionomys glareolus (Campagnol roussâtre),1,700592,180948,1209,2019,Lebendfalle : PVIV,Prairies,Lisières forestières (mixtes),NA,Bristen,UR,45,15083,71,171,-0.258445617214308
Clethrionomys glareolus (Campagnol roussâtre),1,700592,180948,1209,2019,Lebendfalle : PVIV,Prairies,Lisières forestières (mixtes),NA,Bristen,UR,45,15083,71,171,-0.258445617214308
Clethrionomys glareolus (Campagnol roussâtre),1,700592,180948,1209,2019,Lebendfalle : PVIV,Prairies,Lisières forestières (mixtes),NA,Bristen,UR,45,15083,71,171,-0.258445617214308
Clethrionomys glareolus (Campagnol roussâtre),1,700592,180948,1209,2019,Lebendfalle : PVIV,Prairies,Lisières forestières (mixtes),NA,Bristen,UR,45,15083,71,171,-0.258445617214308
Sorex antinorii (Musaraigne du Valais),1,700592,180948,1209,2019,Lebendfalle : PVIV,Prairies,Lisières forestières (mixtes),NA,Bristen,UR,45,15083,71,171,-0.258445617214308
Sorex antinorii (Musaraigne du Valais),1,700809,181230,1196,2019,Lebendfalle : PVIV,Prairies,Lisières forestières (conifères),Milieux anthopiques batis,Bristen,UR,37,15371,68,161,0.0249791427320678
Sorex araneus (Musaraigne carrelet),1,700809,181230,1196,2019,Lebendfalle : PVIV,Prairies,Lisières forestières (conifères),Milieux anthopiques batis,Bristen,UR,37,15371,68,161,0.0249791427320678
Sorex araneus (Musaraigne carrelet),1,700809,181230,1196,2019,Lebendfalle : PVIV,Prairies,Lisières forestières (conifères),Milieux anthopiques batis,Bristen,UR,37,15371,68,161,0.0249791427320678
Sorex araneus (Musaraigne carrelet),1,700809,181230,1196,2019,Lebendfalle : PVIV,Prairies,Lisières forestières (conifères),Milieux anthopiques batis,Bristen,UR,37,15371,68,161,0.0249791427320678
Sorex araneus (Musaraigne carrelet),1,700809,181230,1196,2019,Lebendfalle : PVIV,Prairies,Lisières forestières (conifères),Milieux anthopiques batis,Bristen,UR,37,15371,68,161,0.0249791427320678
Sorex araneus (Musaraigne carrelet),1,700809,181230,1196,2019,Lebendfalle : PVIV,Prairies,Lisières forestières (conifères),Milieux anthopiques batis,Bristen,UR,37,15371,68,161,0.0249791427320678
Clethrionomys glareolus (Campagnol roussâtre),1,700942,181436,1184,2019,Lebendfalle : PVIV,Prairies,Torrent (avec végétation),Lisières forestières (mixtes),Bristen,UR,35,15556,67,158,0.090847330051782
Clethrionomys glareolus (Campagnol roussâtre),1,700942,181436,1184,2019,Lebendfalle : PVIV,Prairies,Torrent (avec végétation),Lisières forestières (mixtes),Bristen,UR,35,15556,67,158,0.090847330051782
Clethrionomys glareolus (Campagnol roussâtre),1,700942,181436,1184,2019,Lebendfalle : PVIV,Prairies,Torrent (avec végétation),Lisières forestières (mixtes),Bristen,UR,35,15556,67,158,0.090847330051782
Clethrionomys glareolus (Campagnol roussâtre),1,700942,181436,1184,2019,Lebendfalle : PVIV,Prairies,Torrent (avec végétation),Lisières forestières (mixtes),Bristen,UR,35,15556,67,158,0.090847330051782
Clethrionomys glareolus (Campagnol roussâtre),1,700942,181436,1184,2019,Lebendfalle : PVIV,Prairies,Torrent (avec végétation),Lisières forestières (mixtes),Bristen,UR,35,15556,67,158,0.090847330051782
Clethrionomys glareolus (Campagnol roussâtre),1,700942,181436,1184,2019,Lebendfalle : PVIV,Prairies,Torrent (avec végétation),Lisières forestières (mixtes),Bristen,UR,35,15556,67,158,0.090847330051782
Sorex araneus (Musaraigne carrelet),1,700942,181436,1184,2019,Lebendfalle : PVIV,Prairies,Torrent (avec végétation),Lisières forestières (mixtes),Bristen,UR,35,15556,67,158,0.090847330051782
Sorex araneus (Musaraigne carrelet),1,700942,181436,1184,2019,Lebendfalle : PVIV,Prairies,Torrent (avec végétation),Lisières forestières (mixtes),Bristen,UR,35,15556,67,158,0.090847330051782
Sorex araneus (Musaraigne carrelet),1,700942,181436,1184,2019,Lebendfalle : PVIV,Prairies,Torrent (avec végétation),Lisières forestières (mixtes),Bristen,UR,35,15556,67,158,0.090847330051782
Sorex araneus (Musaraigne carrelet),1,700942,181436,1184,2019,Lebendfalle : PVIV,Prairies,Torrent (avec végétation),Lisières forestières (mixtes),Bristen,UR,35,15556,67,158,0.090847330051782
Clethrionomys glareolus (Campagnol roussâtre),1,700984,181660,1201,2019,Lebendfalle : PVIV,Prairies,Milieux rocheux naturels,Lisières forestières (conifères),Bristen,UR,35,15941,67,157,0.0994889564456388
Clethrionomys glareolus (Campagnol roussâtre),1,700990,181478,1178,2019,Lebendfalle : PVIV,Prairies,Torrent (avec végétation),NA,Bristen,UR,35,15568,67,157,0.0991417992038518
Apodemus flavicollis (Mulot à collier),1,700991,181478,1178,2019,Lebendfalle : PVIV,Prairies,Torrent (avec végétation),NA,Bristen,UR,35,15568,67,157,0.0991417992038518
Apodemus sylvaticus (Mulot sylvestre),1,700992,181478,1178,2019,Lebendfalle : PVIV,Prairies,Torrent (avec végétation),NA,Bristen,UR,35,15568,67,157,0.0991417992038518
Sorex araneus (Musaraigne carrelet),1,700994,181478,1178,2019,Lebendfalle : PVIV,Prairies,Torrent (avec végétation),Broussailles / formations arbustives,Bristen,UR,35,15568,67,157,0.0991417992038518
Clethrionomys glareolus (Campagnol roussâtre),1,700996,181478,1178,2019,Lebendfalle : PVIV,Prairies,Torrent (avec végétation),NA,Bristen,UR,35,15568,67,157,0.0991417992038518
Apodemus sylvaticus (Mulot sylvestre),1,700997,181478,1178,2019,Lebendfalle : PVIV,Prairies,Torrent (avec végétation),NA,Bristen,UR,35,15568,67,157,0.0991417992038518
Sorex araneus (Musaraigne carrelet),1,700998,181478,1178,2019,Lebendfalle : PVIV,Prairies,Torrent (avec végétation),Broussailles / formations arbustives,Bristen,UR,35,15568,67,157,0.0991417992038518
Clethrionomys glareolus (Campagnol roussâtre),1,700999,181478,1178,2019,Lebendfalle : PVIV,Prairies,Torrent (avec végétation),NA,Bristen,UR,35,15568,67,157,0.0991417992038518
Sorex antinorii (Musaraigne du Valais),1,701000,181478,1178,2019,Lebendfalle : PVIV,Prairies,Torrent (avec végétation),Broussailles / formations arbustives,Bristen,UR,35,15568,67,157,0.0991417992038518
Clethrionomys glareolus (Campagnol roussâtre),1,701001,181478,1178,2019,Lebendfalle : PVIV,Prairies,Torrent (avec végétation),NA,Bristen,UR,35,15568,67,157,0.0991417992038518
Clethrionomys glareolus (Campagnol roussâtre),1,701002,181478,1178,2019,Lebendfalle : PVIV,Prairies,Torrent (avec végétation),NA,Bristen,UR,35,15568,67,157,0.0991417992038518
Clethrionomys glareolus (Campagnol roussâtre),1,701003,181478,1178,2019,Lebendfalle : PVIV,Prairies,Torrent (avec végétation),NA,Bristen,UR,35,15568,67,157,0.0991417992038518
Apodemus flavicollis (Mulot à collier),1,701004,181478,1178,2019,Lebendfalle : PVIV,Prairies,Torrent (avec végétation),NA,Bristen,UR,35,15568,67,157,0.0991417992038518
Clethrionomys glareolus (Campagnol roussâtre),1,701149,181674,1202,2019,Lebendfalle : PVIV,Milieux forestiers (conifères),NA,NA,Bristen,UR,34,15900,67,157,0.129393355907464
Clethrionomys glareolus (Campagnol roussâtre),1,701149,181674,1202,2019,Lebendfalle : PVIV,Milieux forestiers (conifères),NA,NA,Bristen,UR,34,15900,67,157,0.129393355907464
Clethrionomys glareolus (Campagnol roussâtre),1,701149,181674,1202,2019,Lebendfalle : PVIV,Milieux forestiers (conifères),NA,NA,Bristen,UR,34,15900,67,157,0.129393355907464
Clethrionomys glareolus (Campagnol roussâtre),1,701149,181674,1202,2019,Lebendfalle : PVIV,Milieux forestiers (conifères),NA,NA,Bristen,UR,34,15900,67,157,0.129393355907464
Clethrionomys glareolus (Campagnol roussâtre),1,701149,181674,1202,2019,Lebendfalle : PVIV,Milieux forestiers (conifères),NA,NA,Bristen,UR,34,15900,67,157,0.129393355907464
Clethrionomys glareolus (Campagnol roussâtre),1,701149,181674,1202,2019,Lebendfalle : PVIV,Milieux forestiers (conifères),NA,NA,Bristen,UR,34,15900,67,157,0.129393355907464
Clethrionomys glareolus (Campagnol roussâtre),1,701149,181674,1202,2019,Lebendfalle : PVIV,Milieux forestiers (conifères),NA,NA,Bristen,UR,34,15900,67,157,0.129393355907464
Clethrionomys glareolus (Campagnol roussâtre),1,701149,181674,1202,2019,Lebendfalle : PVIV,Milieux forestiers (conifères),NA,NA,Bristen,UR,34,15900,67,157,0.129393355907464
Clethrionomys glareolus (Campagnol roussâtre),1,701149,181674,1202,2019,Lebendfalle : PVIV,Milieux forestiers (conifères),NA,NA,Bristen,UR,34,15900,67,157,0.129393355907464
Clethrionomys glareolus (Campagnol roussâtre),1,701149,181674,1202,2019,Lebendfalle : PVIV,Milieux forestiers (conifères),NA,NA,Bristen,UR,34,15900,67,157,0.129393355907464
Clethrionomys glareolus (Campagnol roussâtre),1,701149,181674,1202,2019,Lebendfalle : PVIV,Milieux forestiers (conifères),NA,NA,Bristen,UR,34,15900,67,157,0.129393355907464
Clethrionomys glareolus (Campagnol roussâtre),1,701149,181674,1202,2019,Lebendfalle : PVIV,Milieux forestiers (conifères),NA,NA,Bristen,UR,34,15900,67,157,0.129393355907464
Clethrionomys glareolus (Campagnol roussâtre),1,701149,181674,1202,2019,Lebendfalle : PVIV,Milieux forestiers (conifères),NA,NA,Bristen,UR,34,15900,67,157,0.129393355907464
Clethrionomys glareolus (Campagnol roussâtre),1,701149,181674,1202,2019,Lebendfalle : PVIV,Milieux forestiers (conifères),NA,NA,Bristen,UR,34,15900,67,157,0.129393355907464
Clethrionomys glareolus (Campagnol roussâtre),1,701149,181674,1202,2019,Lebendfalle : PVIV,Milieux forestiers (conifères),NA,NA,Bristen,UR,34,15900,67,157,0.129393355907464
Clethrionomys glareolus (Campagnol roussâtre),1,701149,181674,1202,2019,Lebendfalle : PVIV,Milieux forestiers (conifères),NA,NA,Bristen,UR,34,15900,67,157,0.129393355907464
Apodemus flavicollis (Mulot à collier),1,701149,181674,1202,2019,Lebendfalle : PVIV,Milieux forestiers (conifères),NA,NA,Bristen,UR,34,15900,67,157,0.129393355907464
Clethrionomys glareolus (Campagnol roussâtre),1,701512,181777,1227,2019,Lebendfalle : PVIV,Prairies,NA,NA,Bristen,UR,34,16049,66,156,0.164736587715118
Clethrionomys glareolus (Campagnol roussâtre),1,701512,181777,1227,2019,Lebendfalle : PVIV,Prairies,NA,NA,Bristen,UR,34,16049,66,156,0.164736587715118
Clethrionomys glareolus (Campagnol roussâtre),1,701512,181777,1227,2019,Lebendfalle : PVIV,Prairies,NA,NA,Bristen,UR,34,16049,66,156,0.164736587715118
Clethrionomys glareolus (Campagnol roussâtre),1,701512,181777,1227,2019,Lebendfalle : PVIV,Prairies,NA,NA,Bristen,UR,34,16049,66,156,0.164736587715118
Clethrionomys glareolus (Campagnol roussâtre),1,701512,181777,1227,2019,Lebendfalle : PVIV,Prairies,NA,NA,Bristen,UR,34,16049,66,156,0.164736587715118
Clethrionomys glareolus (Campagnol roussâtre),1,701512,181777,1227,2019,Lebendfalle : PVIV,Prairies,NA,NA,Bristen,UR,34,16049,66,156,0.164736587715118
Clethrionomys glareolus (Campagnol roussâtre),1,701512,181777,1227,2019,Lebendfalle : PVIV,Prairies,NA,NA,Bristen,UR,34,16049,66,156,0.164736587715118
Clethrionomys glareolus (Campagnol roussâtre),1,701512,181777,1227,2019,Lebendfalle : PVIV,Prairies,NA,NA,Bristen,UR,34,16049,66,156,0.164736587715118
Clethrionomys glareolus (Campagnol roussâtre),1,701512,181777,1227,2019,Lebendfalle : PVIV,Prairies,NA,NA,Bristen,UR,34,16049,66,156,0.164736587715118
Clethrionomys glareolus (Campagnol roussâtre),1,701512,181777,1227,2019,Lebendfalle : PVIV,Prairies,NA,NA,Bristen,UR,34,16049,66,156,0.164736587715118
Clethrionomys glareolus (Campagnol roussâtre),1,701512,181777,1227,2019,Lebendfalle : PVIV,Prairies,NA,NA,Bristen,UR,34,16049,66,156,0.164736587715118
Clethrionomys glareolus (Campagnol roussâtre),1,701512,181777,1227,2019,Lebendfalle : PVIV,Prairies,NA,NA,Bristen,UR,34,16049,66,156,0.164736587715118
Clethrionomys glareolus (Campagnol roussâtre),1,701512,181777,1227,2019,Lebendfalle : PVIV,Prairies,NA,NA,Bristen,UR,34,16049,66,156,0.164736587715118
Clethrionomys glareolus (Campagnol roussâtre),1,701512,181777,1227,2019,Lebendfalle : PVIV,Prairies,NA,NA,Bristen,UR,34,16049,66,156,0.164736587715118
Apodemus alpicola (Mulot alpestre),1,701528,181736,1217,2019,Lebendfalle : PVIV,Prairies,Ruisseau (avec végétation),NA,Bristen,UR,34,15951,66,156,0.153833716420478
Apodemus alpicola (Mulot alpestre),1,701528,181736,1217,2019,Lebendfalle : PVIV,Prairies,Ruisseau (avec végétation),NA,Bristen,UR,34,15951,66,156,0.153833716420478
Apodemus alpicola (Mulot alpestre),1,701528,181736,1217,2019,Lebendfalle : PVIV,Prairies,Ruisseau (avec végétation),NA,Bristen,UR,34,15951,66,156,0.153833716420478
Apodemus alpicola (Mulot alpestre),1,701528,181736,1217,2019,Lebendfalle : PVIV,Prairies,Ruisseau (avec végétation),NA,Bristen,UR,34,15951,66,156,0.153833716420478
Apodemus alpicola (Mulot alpestre),1,701528,181736,1217,2019,Lebendfalle : PVIV,Prairies,Ruisseau (avec végétation),NA,Bristen,UR,34,15951,66,156,0.153833716420478
Apodemus flavicollis (Mulot à collier),1,701528,181736,1217,2019,Lebendfalle : PVIV,Prairies,Ruisseau (avec végétation),NA,Bristen,UR,34,15951,66,156,0.153833716420478
Clethrionomys glareolus (Campagnol roussâtre),1,701528,181736,1217,2019,Lebendfalle : PVIV,Prairies,Ruisseau (avec végétation),NA,Bristen,UR,34,15951,66,156,0.153833716420478
Clethrionomys glareolus (Campagnol roussâtre),1,701528,181736,1217,2019,Lebendfalle : PVIV,Prairies,Ruisseau (avec végétation),NA,Bristen,UR,34,15951,66,156,0.153833716420478
Clethrionomys glareolus (Campagnol roussâtre),1,701528,181736,1217,2019,Lebendfalle : PVIV,Prairies,Ruisseau (avec végétation),NA,Bristen,UR,34,15951,66,156,0.153833716420478
Clethrionomys glareolus (Campagnol roussâtre),1,701528,181736,1217,2019,Lebendfalle : PVIV,Prairies,Ruisseau (avec végétation),NA,Bristen,UR,34,15951,66,156,0.153833716420478
Clethrionomys glareolus (Campagnol roussâtre),1,701528,181736,1217,2019,Lebendfalle : PVIV,Prairies,Ruisseau (avec végétation),NA,Bristen,UR,34,15951,66,156,0.153833716420478
Clethrionomys glareolus (Campagnol roussâtre),1,701528,181736,1217,2019,Lebendfalle : PVIV,Prairies,Ruisseau (avec végétation),NA,Bristen,UR,34,15951,66,156,0.153833716420478
Clethrionomys glareolus (Campagnol roussâtre),1,701528,181736,1217,2019,Lebendfalle : PVIV,Prairies,Ruisseau (avec végétation),NA,Bristen,UR,34,15951,66,156,0.153833716420478
Clethrionomys glareolus (Campagnol roussâtre),1,702984,181662,1201,2019,Lebendfalle : PVIV,Prairies,NA,NA,Bristen,UR,32,16344,65,153,0.651754383220118
Clethrionomys glareolus (Campagnol roussâtre),1,703984,181663,1806,2019,Lebendfalle : PVIV,Prairies,Milieux rocheux anthropiques,NA,Bristen,UR,25,17951,64,145,1.02183744781279
Apodemus alpicola (Mulot alpestre),1,704984,181664,1201,2019,Lebendfalle : PVIV,Prairies,Milieux rocheux naturels,NA,Bristen,UR,3,19850,60,117,2.36605251458173
Apodemus alpicola (Mulot alpestre),1,656437,132515,1480,2020,Pièges à capturer vivant : PVIV,Prairies,Lisières forestières (conifères),Torrent (avec végétation),Grengiols,VS,37,10678,97,188,0.0677203792037506
Apodemus alpicola (Mulot alpestre),1,656437,132515,1480,2020,Pièges à capturer vivant : PVIV,Prairies,Lisières forestières (conifères),Torrent (avec végétation),Grengiols,VS,37,10678,97,188,0.0677203792037506
Apodemus alpicola (Mulot alpestre),1,656437,132515,1480,2020,Pièges à capturer vivant : PVIV,Prairies,Lisières forestières (conifères),Torrent (avec végétation),Grengiols,VS,37,10678,97,188,0.0677203792037506
Apodemus alpicola (Mulot alpestre),1,656437,132515,1480,2020,Pièges à capturer vivant : PVIV,Prairies,Lisières forestières (conifères),Torrent (avec végétation),Grengiols,VS,37,10678,97,188,0.0677203792037506
Apodemus sylvaticus (Mulot sylvestre),1,656437,132515,1480,2020,Pièges à capturer vivant : PVIV,Prairies,Lisières forestières (conifères),Torrent (avec végétation),Grengiols,VS,37,10678,97,188,0.0677203792037506
Apodemus sylvaticus (Mulot sylvestre),1,656437,132515,1480,2020,Pièges à capturer vivant : PVIV,Prairies,Lisières forestières (conifères),Torrent (avec végétation),Grengiols,VS,37,10678,97,188,0.0677203792037506
Clethrionomys glareolus (Campagnol roussâtre),1,656437,132515,1480,2020,Pièges à capturer vivant : PVIV,Prairies,Lisières forestières (conifères),Torrent (avec végétation),Grengiols,VS,37,10678,97,188,0.0677203792037506
Clethrionomys glareolus (Campagnol roussâtre),1,656437,132515,1480,2020,Pièges à capturer vivant : PVIV,Prairies,Lisières forestières (conifères),Torrent (avec végétation),Grengiols,VS,37,10678,97,188,0.0677203792037506
Clethrionomys glareolus (Campagnol roussâtre),1,656437,132515,1480,2020,Pièges à capturer vivant : PVIV,Prairies,Lisières forestières (conifères),Torrent (avec végétation),Grengiols,VS,37,10678,97,188,0.0677203792037506
Clethrionomys glareolus (Campagnol roussâtre),1,656437,132515,1480,2020,Pièges à capturer vivant : PVIV,Prairies,Lisières forestières (conifères),Torrent (avec végétation),Grengiols,VS,37,10678,97,188,0.0677203792037506
Clethrionomys glareolus (Campagnol roussâtre),1,656437,132515,1480,2020,Pièges à capturer vivant : PVIV,Prairies,Lisières forestières (conifères),Torrent (avec végétation),Grengiols,VS,37,10678,97,188,0.0677203792037506
Clethrionomys glareolus (Campagnol roussâtre),1,656437,132515,1480,2020,Pièges à capturer vivant : PVIV,Prairies,Lisières forestières (conifères),Torrent (avec végétation),Grengiols,VS,37,10678,97,188,0.0677203792037506
Apodemus sylvaticus (Mulot sylvestre),1,656465,132158,1493,2020,Pièges à capturer vivant : PVIV,Milieux forestiers (conifères),Torrent (avec végétation),NA,Grengiols,VS,36,10809,96,186,0.132140297224602
Apodemus sylvaticus (Mulot sylvestre),1,656465,132158,1493,2020,Pièges à capturer vivant : PVIV,Milieux forestiers (conifères),Torrent (avec végétation),NA,Grengiols,VS,36,10809,96,186,0.132140297224602
Clethrionomys glareolus (Campagnol roussâtre),1,656465,132158,1493,2020,Pièges à capturer vivant : PVIV,Milieux forestiers (conifères),Torrent (avec végétation),NA,Grengiols,VS,36,10809,96,186,0.132140297224602
Clethrionomys glareolus (Campagnol roussâtre),1,656465,132158,1493,2020,Pièges à capturer vivant : PVIV,Milieux forestiers (conifères),Torrent (avec végétation),NA,Grengiols,VS,36,10809,96,186,0.132140297224602
Clethrionomys glareolus (Campagnol roussâtre),1,656465,132158,1493,2020,Pièges à capturer vivant : PVIV,Milieux forestiers (conifères),Torrent (avec végétation),NA,Grengiols,VS,36,10809,96,186,0.132140297224602
Clethrionomys glareolus (Campagnol roussâtre),1,656465,132158,1493,2020,Pièges à capturer vivant : PVIV,Milieux forestiers (conifères),Torrent (avec végétation),NA,Grengiols,VS,36,10809,96,186,0.132140297224602
Clethrionomys glareolus (Campagnol roussâtre),1,656465,132158,1493,2020,Pièges à capturer vivant : PVIV,Milieux forestiers (conifères),Torrent (avec végétation),NA,Grengiols,VS,36,10809,96,186,0.132140297224602
Clethrionomys glareolus (Campagnol roussâtre),1,656465,132158,1493,2020,Pièges à capturer vivant : PVIV,Milieux forestiers (conifères),Torrent (avec végétation),NA,Grengiols,VS,36,10809,96,186,0.132140297224602
Sorex antinorii (Musaraigne du Valais),1,656472,132427,1475,2020,Pièges à capturer vivant : PVIV,Prairies,Lisières forestières (conifères),NA,Grengiols,VS,37,10692,97,188,0.0664656271126987
Sorex antinorii (Musaraigne du Valais),1,656472,132427,1475,2020,Pièges à capturer vivant : PVIV,Prairies,Lisières forestières (conifères),NA,Grengiols,VS,37,10692,97,188,0.0664656271126987
Sorex antinorii (Musaraigne du Valais),1,656472,132427,1475,2020,Pièges à capturer vivant : PVIV,Prairies,Lisières forestières (conifères),NA,Grengiols,VS,37,10692,97,188,0.0664656271126987
Apodemus sylvaticus (Mulot sylvestre),1,656474,132121,1501,2020,Pièges à capturer vivant : PVIV,Milieux forestiers (conifères),Torrent (avec végétation),NA,Grengiols,VS,35,10830,96,185,0.169482187233656
Clethrionomys glareolus (Campagnol roussâtre),1,656474,132121,1501,2020,Pièges à capturer vivant : PVIV,Milieux forestiers (conifères),Torrent (avec végétation),NA,Grengiols,VS,35,10830,96,185,0.169482187233656
Clethrionomys glareolus (Campagnol roussâtre),1,656474,132121,1501,2020,Pièges à capturer vivant : PVIV,Milieux forestiers (conifères),Torrent (avec végétation),NA,Grengiols,VS,35,10830,96,185,0.169482187233656
Clethrionomys glareolus (Campagnol roussâtre),1,656474,132121,1501,2020,Pièges à capturer vivant : PVIV,Milieux forestiers (conifères),Torrent (avec végétation),NA,Grengiols,VS,35,10830,96,185,0.169482187233656
Clethrionomys glareolus (Campagnol roussâtre),1,656474,132121,1501,2020,Pièges à capturer vivant : PVIV,Milieux forestiers (conifères),Torrent (avec végétation),NA,Grengiols,VS,35,10830,96,185,0.169482187233656
Clethrionomys glareolus (Campagnol roussâtre),1,656474,132121,1501,2020,Pièges à capturer vivant : PVIV,Milieux forestiers (conifères),Torrent (avec végétation),NA,Grengiols,VS,35,10830,96,185,0.169482187233656
Clethrionomys glareolus (Campagnol roussâtre),1,656474,132121,1501,2020,Pièges à capturer vivant : PVIV,Milieux forestiers (conifères),Torrent (avec végétation),NA,Grengiols,VS,35,10830,96,185,0.169482187233656
Clethrionomys glareolus (Campagnol roussâtre),1,656474,132121,1501,2020,Pièges à capturer vivant : PVIV,Milieux forestiers (conifères),Torrent (avec végétation),NA,Grengiols,VS,35,10830,96,185,0.169482187233656
Clethrionomys glareolus (Campagnol roussâtre),1,656474,132121,1501,2020,Pièges à capturer vivant : PVIV,Milieux forestiers (conifères),Torrent (avec végétation),NA,Grengiols,VS,35,10830,96,185,0.169482187233656
Clethrionomys glareolus (Campagnol roussâtre),1,656474,132121,1501,2020,Pièges à capturer vivant : PVIV,Milieux forestiers (conifères),Torrent (avec végétation),NA,Grengiols,VS,35,10830,96,185,0.169482187233656
Clethrionomys glareolus (Campagnol roussâtre),1,656474,132121,1501,2020,Pièges à capturer vivant : PVIV,Milieux forestiers (conifères),Torrent (avec végétation),NA,Grengiols,VS,35,10830,96,185,0.169482187233656
Clethrionomys glareolus (Campagnol roussâtre),1,656474,132121,1501,2020,Pièges à capturer vivant : PVIV,Milieux forestiers (conifères),Torrent (avec végétation),NA,Grengiols,VS,35,10830,96,185,0.169482187233656
Clethrionomys glareolus (Campagnol roussâtre),1,656474,132121,1501,2020,Pièges à capturer vivant : PVIV,Milieux forestiers (conifères),Torrent (avec végétation),NA,Grengiols,VS,35,10830,96,185,0.169482187233656
Clethrionomys glareolus (Campagnol roussâtre),1,656474,132121,1501,2020,Pièges à capturer vivant : PVIV,Milieux forestiers (conifères),Torrent (avec végétation),NA,Grengiols,VS,35,10830,96,185,0.169482187233656
Clethrionomys glareolus (Campagnol roussâtre),1,656474,132121,1501,2020,Pièges à capturer vivant : PVIV,Milieux forestiers (conifères),Torrent (avec végétation),NA,Grengiols,VS,35,10830,96,185,0.169482187233656
Clethrionomys glareolus (Campagnol roussâtre),1,656474,132121,1501,2020,Pièges à capturer vivant : PVIV,Milieux forestiers (conifères),Torrent (avec végétation),NA,Grengiols,VS,35,10830,96,185,0.169482187233656
Clethrionomys glareolus (Campagnol roussâtre),1,656474,132121,1501,2020,Pièges à capturer vivant : PVIV,Milieux forestiers (conifères),Torrent (avec végétation),NA,Grengiols,VS,35,10830,96,185,0.169482187233656
Clethrionomys glareolus (Campagnol roussâtre),1,656474,132121,1501,2020,Pièges à capturer vivant : PVIV,Milieux forestiers (conifères),Torrent (avec végétation),NA,Grengiols,VS,35,10830,96,185,0.169482187233656
Sorex antinorii (Musaraigne du Valais),1,656474,132121,1501,2020,Pièges à capturer vivant : PVIV,Milieux forestiers (conifères),Torrent (avec végétation),NA,Grengiols,VS,35,10830,96,185,0.169482187233656
Sorex antinorii (Musaraigne du Valais),1,656474,132121,1501,2020,Pièges à capturer vivant : PVIV,Milieux forestiers (conifères),Torrent (avec végétation),NA,Grengiols,VS,35,10830,96,185,0.169482187233656
Sorex antinorii (Musaraigne du Valais),1,656474,132121,1501,2020,Pièges à capturer vivant : PVIV,Milieux forestiers (conifères),Torrent (avec végétation),NA,Grengiols,VS,35,10830,96,185,0.169482187233656
Sorex antinorii (Musaraigne du Valais),1,656474,132121,1501,2020,Pièges à capturer vivant : PVIV,Milieux forestiers (conifères),Torrent (avec végétation),NA,Grengiols,VS,35,10830,96,185,0.169482187233656
Sorex antinorii (Musaraigne du Valais),1,656474,132121,1501,2020,Pièges à capturer vivant : PVIV,Milieux forestiers (conifères),Torrent (avec végétation),NA,Grengiols,VS,35,10830,96,185,0.169482187233656
Sorex antinorii (Musaraigne du Valais),1,656474,132121,1501,2020,Pièges à capturer vivant : PVIV,Milieux forestiers (conifères),Torrent (avec végétation),NA,Grengiols,VS,35,10830,96,185,0.169482187233656
Apodemus sylvaticus (Mulot sylvestre),1,656506,132141,1512,2020,Pièges à capturer vivant : PVIV,Prairies,Lisières forestières (conifères),Milieux rocheux anthropiques,Grengiols,VS,35,10822,95,184,0.190969005595522
Apodemus sylvaticus (Mulot sylvestre),1,656506,132141,1512,2020,Pièges à capturer vivant : PVIV,Prairies,Lisières forestières (conifères),Milieux rocheux anthropiques,Grengiols,VS,35,10822,95,184,0.190969005595522
Clethrionomys glareolus (Campagnol roussâtre),1,656506,132141,1512,2020,Pièges à capturer vivant : PVIV,Prairies,Lisières forestières (conifères),Milieux rocheux anthropiques,Grengiols,VS,35,10822,95,184,0.190969005595522
Clethrionomys glareolus (Campagnol roussâtre),1,656506,132141,1512,2020,Pièges à capturer vivant : PVIV,Prairies,Lisières forestières (conifères),Milieux rocheux anthropiques,Grengiols,VS,35,10822,95,184,0.190969005595522
Clethrionomys glareolus (Campagnol roussâtre),1,656506,132141,1512,2020,Pièges à capturer vivant : PVIV,Prairies,Lisières forestières (conifères),Milieux rocheux anthropiques,Grengiols,VS,35,10822,95,184,0.190969005595522
Clethrionomys glareolus (Campagnol roussâtre),1,656506,132141,1512,2020,Pièges à capturer vivant : PVIV,Prairies,Lisières forestières (conifères),Milieux rocheux anthropiques,Grengiols,VS,35,10822,95,184,0.190969005595522
Clethrionomys glareolus (Campagnol roussâtre),1,656506,132141,1512,2020,Pièges à capturer vivant : PVIV,Prairies,Lisières forestières (conifères),Milieux rocheux anthropiques,Grengiols,VS,35,10822,95,184,0.190969005595522
Clethrionomys glareolus (Campagnol roussâtre),1,656580,132166,1506,2020,Pièges à capturer vivant : PVIV,Prairies,Lisières forestières (conifères),Milieux rocheux anthropiques,Grengiols,VS,35,10862,96,185,0.17458484953632
Clethrionomys glareolus (Campagnol roussâtre),1,656580,132166,1506,2020,Pièges à capturer vivant : PVIV,Prairies,Lisières forestières (conifères),Milieux rocheux anthropiques,Grengiols,VS,35,10862,96,185,0.17458484953632
Clethrionomys glareolus (Campagnol roussâtre),1,656580,132166,1506,2020,Pièges à capturer vivant : PVIV,Prairies,Lisières forestières (conifères),Milieux rocheux anthropiques,Grengiols,VS,35,10862,96,185,0.17458484953632
Clethrionomys glareolus (Campagnol roussâtre),1,656580,132166,1506,2020,Pièges à capturer vivant : PVIV,Prairies,Lisières forestières (conifères),Milieux rocheux anthropiques,Grengiols,VS,35,10862,96,185,0.17458484953632
Clethrionomys glareolus (Campagnol roussâtre),1,656580,132166,1506,2020,Pièges à capturer vivant : PVIV,Prairies,Lisières forestières (conifères),Milieux rocheux anthropiques,Grengiols,VS,35,10862,96,185,0.17458484953632
Clethrionomys glareolus (Campagnol roussâtre),1,656580,132166,1506,2020,Pièges à capturer vivant : PVIV,Prairies,Lisières forestières (conifères),Milieux rocheux anthropiques,Grengiols,VS,35,10862,96,185,0.17458484953632
Neomys fodiens (Musaraigne aquatique),1,656580,132166,1506,2020,Pièges à capturer vivant : PVIV,Prairies,Lisières forestières (conifères),Milieux rocheux anthropiques,Grengiols,VS,35,10862,96,185,0.17458484953632
Sorex antinorii (Musaraigne du Valais),1,656580,132166,1506,2020,Pièges à capturer vivant : PVIV,Prairies,Lisières forestières (conifères),Milieux rocheux anthropiques,Grengiols,VS,35,10862,96,185,0.17458484953632
Sorex antinorii (Musaraigne du Valais),1,656580,132166,1506,2020,Pièges à capturer vivant : PVIV,Prairies,Lisières forestières (conifères),Milieux rocheux anthropiques,Grengiols,VS,35,10862,96,185,0.17458484953632
Sorex antinorii (Musaraigne du Valais),1,656580,132166,1506,2020,Pièges à capturer vivant : PVIV,Prairies,Lisières forestières (conifères),Milieux rocheux anthropiques,Grengiols,VS,35,10862,96,185,0.17458484953632
Apodemus alpicola (Mulot alpestre),1,656593,132504,1460,2020,Pièges à capturer vivant : PVIV,Milieux forestiers (conifères),Torrent (avec végétation),NA,Binn,VS,37,10703,98,189,0.0322123506625761
Chionomys nivalis (Campagnol des neiges),1,656593,132504,1460,2020,Pièges à capturer vivant : PVIV,Milieux forestiers (conifères),Torrent (avec végétation),NA,Binn,VS,37,10703,98,189,0.0322123506625761
Clethrionomys glareolus (Campagnol roussâtre),1,656593,132504,1460,2020,Pièges à capturer vivant : PVIV,Milieux forestiers (conifères),Torrent (avec végétation),NA,Binn,VS,37,10703,98,189,0.0322123506625761
Clethrionomys glareolus (Campagnol roussâtre),1,656593,132504,1460,2020,Pièges à capturer vivant : PVIV,Milieux forestiers (conifères),Torrent (avec végétation),NA,Binn,VS,37,10703,98,189,0.0322123506625761
Clethrionomys glareolus (Campagnol roussâtre),1,656593,132504,1460,2020,Pièges à capturer vivant : PVIV,Milieux forestiers (conifères),Torrent (avec végétation),NA,Binn,VS,37,10703,98,189,0.0322123506625761
Clethrionomys glareolus (Campagnol roussâtre),1,656593,132504,1460,2020,Pièges à capturer vivant : PVIV,Milieux forestiers (conifères),Torrent (avec végétation),NA,Binn,VS,37,10703,98,189,0.0322123506625761
Clethrionomys glareolus (Campagnol roussâtre),1,656593,132504,1460,2020,Pièges à capturer vivant : PVIV,Milieux forestiers (conifères),Torrent (avec végétation),NA,Binn,VS,37,10703,98,189,0.0322123506625761
Clethrionomys glareolus (Campagnol roussâtre),1,656593,132504,1460,2020,Pièges à capturer vivant : PVIV,Milieux forestiers (conifères),Torrent (avec végétation),NA,Binn,VS,37,10703,98,189,0.0322123506625761
Clethrionomys glareolus (Campagnol roussâtre),1,656593,132504,1460,2020,Pièges à capturer vivant : PVIV,Milieux forestiers (conifères),Torrent (avec végétation),NA,Binn,VS,37,10703,98,189,0.0322123506625761
Clethrionomys glareolus (Campagnol roussâtre),1,656593,132504,1460,2020,Pièges à capturer vivant : PVIV,Milieux forestiers (conifères),Torrent (avec végétation),NA,Binn,VS,37,10703,98,189,0.0322123506625761
Clethrionomys glareolus (Campagnol roussâtre),1,656593,132504,1460,2020,Pièges à capturer vivant : PVIV,Milieux forestiers (conifères),Torrent (avec végétation),NA,Binn,VS,37,10703,98,189,0.0322123506625761
Clethrionomys glareolus (Campagnol roussâtre),1,656593,132504,1460,2020,Pièges à capturer vivant : PVIV,Milieux forestiers (conifères),Torrent (avec végétation),NA,Binn,VS,37,10703,98,189,0.0322123506625761
Apodemus sylvaticus (Mulot sylvestre),1,656660,132565,1461,2020,Pièges à capturer vivant : PVIV,Prairies,Milieux rocheux anthropiques,Structures linéaires arborées dans les paysages agricoles,Binn,VS,38,10715,98,190,-0.0050192325836676
Apodemus sylvaticus (Mulot sylvestre),1,656660,132565,1461,2020,Pièges à capturer vivant : PVIV,Prairies,Milieux rocheux anthropiques,Structures linéaires arborées dans les paysages agricoles,Binn,VS,38,10715,98,190,-0.0050192325836676
Apodemus sylvaticus (Mulot sylvestre),1,656660,132565,1461,2020,Pièges à capturer vivant : PVIV,Prairies,Milieux rocheux anthropiques,Structures linéaires arborées dans les paysages agricoles,Binn,VS,38,10715,98,190,-0.0050192325836676
Apodemus sylvaticus (Mulot sylvestre),1,656660,132565,1461,2020,Pièges à capturer vivant : PVIV,Prairies,Milieux rocheux anthropiques,Structures linéaires arborées dans les paysages agricoles,Binn,VS,38,10715,98,190,-0.0050192325836676
Microtus arvalis (Campagnol des champs),1,656660,132565,1461,2020,Pièges à capturer vivant : PVIV,Prairies,Milieux rocheux anthropiques,Structures linéaires arborées dans les paysages agricoles,Binn,VS,38,10715,98,190,-0.0050192325836676
Clethrionomys glareolus (Campagnol roussâtre),1,656683,132421,1472,2020,Pièges à capturer vivant : PVIV,Prairies,Torrent (avec végétation),NA,Binn,VS,37,10814,98,189,0.0393783675519095
Clethrionomys glareolus (Campagnol roussâtre),1,656683,132421,1472,2020,Pièges à capturer vivant : PVIV,Prairies,Torrent (avec végétation),NA,Binn,VS,37,10814,98,189,0.0393783675519095
Clethrionomys glareolus (Campagnol roussâtre),1,656683,132421,1472,2020,Pièges à capturer vivant : PVIV,Prairies,Torrent (avec végétation),NA,Binn,VS,37,10814,98,189,0.0393783675519095
Clethrionomys glareolus (Campagnol roussâtre),1,656683,132421,1472,2020,Pièges à capturer vivant : PVIV,Prairies,Torrent (avec végétation),NA,Binn,VS,37,10814,98,189,0.0393783675519095
Clethrionomys glareolus (Campagnol roussâtre),1,656683,132421,1472,2020,Pièges à capturer vivant : PVIV,Prairies,Torrent (avec végétation),NA,Binn,VS,37,10814,98,189,0.0393783675519095
Clethrionomys glareolus (Campagnol roussâtre),1,656683,132421,1472,2020,Pièges à capturer vivant : PVIV,Prairies,Torrent (avec végétation),NA,Binn,VS,37,10814,98,189,0.0393783675519095
Clethrionomys glareolus (Campagnol roussâtre),1,656683,132421,1472,2020,Pièges à capturer vivant : PVIV,Prairies,Torrent (avec végétation),NA,Binn,VS,37,10814,98,189,0.0393783675519095
Clethrionomys glareolus (Campagnol roussâtre),1,656683,132421,1472,2020,Pièges à capturer vivant : PVIV,Prairies,Torrent (avec végétation),NA,Binn,VS,37,10814,98,189,0.0393783675519095
Clethrionomys glareolus (Campagnol roussâtre),1,656683,132421,1472,2020,Pièges à capturer vivant : PVIV,Prairies,Torrent (avec végétation),NA,Binn,VS,37,10814,98,189,0.0393783675519095
Clethrionomys glareolus (Campagnol roussâtre),1,656683,132421,1472,2020,Pièges à capturer vivant : PVIV,Prairies,Torrent (avec végétation),NA,Binn,VS,37,10814,98,189,0.0393783675519095
Clethrionomys glareolus (Campagnol roussâtre),1,656683,132421,1472,2020,Pièges à capturer vivant : PVIV,Prairies,Torrent (avec végétation),NA,Binn,VS,37,10814,98,189,0.0393783675519095
Clethrionomys glareolus (Campagnol roussâtre),1,656683,132421,1472,2020,Pièges à capturer vivant : PVIV,Prairies,Torrent (avec végétation),NA,Binn,VS,37,10814,98,189,0.0393783675519095
Clethrionomys glareolus (Campagnol roussâtre),1,656683,132421,1472,2020,Pièges à capturer vivant : PVIV,Prairies,Torrent (avec végétation),NA,Binn,VS,37,10814,98,189,0.0393783675519095
Clethrionomys glareolus (Campagnol roussâtre),1,656683,132421,1472,2020,Pièges à capturer vivant : PVIV,Prairies,Torrent (avec végétation),NA,Binn,VS,37,10814,98,189,0.0393783675519095
Clethrionomys glareolus (Campagnol roussâtre),1,656683,132421,1472,2020,Pièges à capturer vivant : PVIV,Prairies,Torrent (avec végétation),NA,Binn,VS,37,10814,98,189,0.0393783675519095
Clethrionomys glareolus (Campagnol roussâtre),1,656683,132421,1472,2020,Pièges à capturer vivant : PVIV,Prairies,Torrent (avec végétation),NA,Binn,VS,37,10814,98,189,0.0393783675519095
Clethrionomys glareolus (Campagnol roussâtre),1,656683,132421,1472,2020,Pièges à capturer vivant : PVIV,Prairies,Torrent (avec végétation),NA,Binn,VS,37,10814,98,189,0.0393783675519095
Sorex antinorii (Musaraigne du Valais),1,656683,132421,1472,2020,Pièges à capturer vivant : PVIV,Prairies,Torrent (avec végétation),NA,Binn,VS,37,10814,98,189,0.0393783675519095
Apodemus sylvaticus (Mulot sylvestre),1,656768,132454,1490,2020,Pièges à capturer vivant : PVIV,Prairies,Milieux rocheux anthropiques,NA,Binn,VS,38,10835,98,189,0.0428939759868033
Clethrionomys glareolus (Campagnol roussâtre),1,656768,132454,1490,2020,Pièges à capturer vivant : PVIV,Prairies,Milieux rocheux anthropiques,NA,Binn,VS,38,10835,98,189,0.0428939759868033
Clethrionomys glareolus (Campagnol roussâtre),1,656768,132454,1490,2020,Pièges à capturer vivant : PVIV,Prairies,Milieux rocheux anthropiques,NA,Binn,VS,38,10835,98,189,0.0428939759868033
Clethrionomys glareolus (Campagnol roussâtre),1,656768,132454,1490,2020,Pièges à capturer vivant : PVIV,Prairies,Milieux rocheux anthropiques,NA,Binn,VS,38,10835,98,189,0.0428939759868033
Apodemus flavicollis (Mulot à collier),2,657223,134850,1416,2020,Pièges à capturer vivant : PVIV,Prairies,Lisières forestières (conifères),NA,Wilere,VS,40,11236,99,193,-0.157053865903787
Apodemus flavicollis (Mulot à collier),1,657223,134850,1416,2020,Pièges à capturer vivant : PVIV,Prairies,Lisières forestières (conifères),NA,Wilere,VS,40,11236,99,193,-0.157053865903787
Apodemus flavicollis (Mulot à collier),3,657223,134850,1416,2020,Pièges à capturer vivant : PVIV,Prairies,Lisières forestières (conifères),NA,Wilere,VS,40,11236,99,193,-0.157053865903787
Clethrionomys glareolus (Campagnol roussâtre),3,657223,134850,1416,2020,Pièges à capturer vivant : PVIV,Prairies,Lisières forestières (conifères),NA,Wilere,VS,40,11236,99,193,-0.157053865903787
Apodemus flavicollis (Mulot à collier),1,657293,134794,1430,2020,Pièges à capturer vivant : PVIV,Prairies,Structures linéaires arborées dans les paysages agricoles,NA,Wielere,VS,39,11248,99,192,-0.107941703128969
Clethrionomys glareolus (Campagnol roussâtre),3,657293,134794,1430,2020,Pièges à capturer vivant : PVIV,Prairies,Structures linéaires arborées dans les paysages agricoles,NA,Wielere,VS,39,11248,99,192,-0.107941703128969
Clethrionomys glareolus (Campagnol roussâtre),3,657293,134794,1430,2020,Pièges à capturer vivant : PVIV,Prairies,Structures linéaires arborées dans les paysages agricoles,NA,Wielere,VS,39,11248,99,192,-0.107941703128969
Sorex antinorii (Musaraigne du Valais),1,657293,134794,1430,2020,Pièges à capturer vivant : PVIV,Prairies,Structures linéaires arborées dans les paysages agricoles,NA,Wielere,VS,39,11248,99,192,-0.107941703128969
Apodemus flavicollis (Mulot à collier),3,657344,134786,1440,2020,Pièges à capturer vivant : PVIV,Prairies,Structures linéaires arborées dans les paysages agricoles,NA,Wielere,VS,39,11267,99,192,-0.0982599396872365
Apodemus flavicollis (Mulot à collier),2,657344,134786,1440,2020,Pièges à capturer vivant : PVIV,Prairies,Structures linéaires arborées dans les paysages agricoles,NA,Wielere,VS,39,11267,99,192,-0.0982599396872365
Clethrionomys glareolus (Campagnol roussâtre),3,657344,134786,1440,2020,Pièges à capturer vivant : PVIV,Prairies,Structures linéaires arborées dans les paysages agricoles,NA,Wielere,VS,39,11267,99,192,-0.0982599396872365
Clethrionomys glareolus (Campagnol roussâtre),3,657344,134786,1440,2020,Pièges à capturer vivant : PVIV,Prairies,Structures linéaires arborées dans les paysages agricoles,NA,Wielere,VS,39,11267,99,192,-0.0982599396872365
Sorex antinorii (Musaraigne du Valais),1,657355,135030,1400,2020,NA,Prairies,Milieux anthopiques batis,NA,Binn,VS,42,11470,100,196,-0.269679828951321
Apodemus flavicollis (Mulot à collier),3,657473,134756,1470,2020,Pièges à capturer vivant : PVIV,Prairies,Structures linéaires arborées dans les paysages agricoles,NA,Wielere,VS,38,11342,98,190,-0.0176618223694644
Apodemus flavicollis (Mulot à collier),4,657473,134756,1470,2020,Pièges à capturer vivant : PVIV,Prairies,Structures linéaires arborées dans les paysages agricoles,NA,Wielere,VS,38,11342,98,190,-0.0176618223694644
Clethrionomys glareolus (Campagnol roussâtre),5,657473,134756,1470,2020,Pièges à capturer vivant : PVIV,Prairies,Structures linéaires arborées dans les paysages agricoles,NA,Wielere,VS,38,11342,98,190,-0.0176618223694644
Clethrionomys glareolus (Campagnol roussâtre),6,657473,134756,1470,2020,Pièges à capturer vivant : PVIV,Prairies,Structures linéaires arborées dans les paysages agricoles,NA,Wielere,VS,38,11342,98,190,-0.0176618223694644
Clethrionomys glareolus (Campagnol roussâtre),5,657601,135043,1410,2020,Pièges à capturer vivant : PVIV,Prairies,Torrent (avec végétation),Structures linéaires arborées dans les paysages agricoles,Bifig,VS,42,11602,101,197,-0.287105864033243
Clethrionomys glareolus (Campagnol roussâtre),12,657601,135043,1410,2020,Pièges à capturer vivant : PVIV,Prairies,Torrent (avec végétation),Structures linéaires arborées dans les paysages agricoles,Bifig,VS,42,11602,101,197,-0.287105864033243
Clethrionomys glareolus (Campagnol roussâtre),11,657624,135054,1410,2020,Pièges à capturer vivant : PVIV,Prairies,Torrent (avec végétation),Structures linéaires arborées dans les paysages agricoles,Bifig,VS,43,11617,101,197,-0.304483331299498
Clethrionomys glareolus (Campagnol roussâtre),4,657624,135054,1410,2020,Pièges à capturer vivant : PVIV,Prairies,Torrent (avec végétation),Structures linéaires arborées dans les paysages agricoles,Bifig,VS,43,11617,101,197,-0.304483331299498
Sorex antinorii (Musaraigne du Valais),1,657624,135054,1410,2020,Pièges à capturer vivant : PVIV,Prairies,Torrent (avec végétation),Structures linéaires arborées dans les paysages agricoles,Bifig,VS,43,11617,101,197,-0.304483331299498
Sorex antinorii (Musaraigne du Valais),1,657624,135054,1410,2020,Pièges à capturer vivant : PVIV,Prairies,Torrent (avec végétation),Structures linéaires arborées dans les paysages agricoles,Bifig,VS,43,11617,101,197,-0.304483331299498
Sorex antinorii (Musaraigne du Valais),1,657624,135054,1410,2020,Pièges à capturer vivant : PVIV,Prairies,Torrent (avec végétation),Structures linéaires arborées dans les paysages agricoles,Bifig,VS,43,11617,101,197,-0.304483331299498
Clethrionomys glareolus (Campagnol roussâtre),1,658648,135389,1500,2020,Pièges à capturer vivant : PVIV,Prairies,Lisières forestières (conifères),NA,Egguti,VS,40,12088,98,192,-0.0995214006226388
Clethrionomys glareolus (Campagnol roussâtre),11,659153,135607,1490,2020,Pièges à capturer vivant : PVIV,Milieux forestiers (conifères),Lisières forestières (conifères),NA,Tirli,VS,43,12284,98,195,-0.211600191042328
Clethrionomys glareolus (Campagnol roussâtre),8,659153,135607,1490,2020,Pièges à capturer vivant : PVIV,Milieux forestiers (conifères),Lisières forestières (conifères),NA,Tirli,VS,43,12284,98,195,-0.211600191042328
Sorex antinorii (Musaraigne du Valais),1,659153,135607,1490,2020,Pièges à capturer vivant : PVIV,Milieux forestiers (conifères),Lisières forestières (conifères),NA,Tirli,VS,43,12284,98,195,-0.211600191042328
Apodemus flavicollis (Mulot à collier),1,659153,135607,1490,2020,Pièges à capturer vivant : PVIV,Milieux forestiers (conifères),Lisières forestières (conifères),NA,Tirli,VS,43,12284,98,195,-0.211600191042328
Clethrionomys glareolus (Campagnol roussâtre),1,659620,135687,1530,2020,Pièges à capturer vivant : PVIV,Prairies,Structures linéaires arborées dans les paysages agricoles,Ruisseau (sans végétation),Fäld,VS,42,12478,97,193,-0.1204022785767
Clethrionomys glareolus (Campagnol roussâtre),2,659620,135687,1530,2020,Pièges à capturer vivant : PVIV,Prairies,Structures linéaires arborées dans les paysages agricoles,Ruisseau (sans végétation),Fäld,VS,42,12478,97,193,-0.1204022785767
Clethrionomys glareolus (Campagnol roussâtre),9,659784,135461,1550,2020,Pièges à capturer vivant : PVIV,Prairies,Lisières forestières (conifères),NA,Issla,VS,42,12558,97,193,-0.111540596310063
Clethrionomys glareolus (Campagnol roussâtre),5,659784,135461,1550,2020,Pièges à capturer vivant : PVIV,Prairies,Lisières forestières (conifères),NA,Issla,VS,42,12558,97,193,-0.111540596310063
Sorex antinorii (Musaraigne du Valais),1,659784,135461,1550,2020,Pièges à capturer vivant : PVIV,Prairies,Lisières forestières (conifères),NA,Issla,VS,42,12558,97,193,-0.111540596310063
Sorex antinorii (Musaraigne du Valais),1,659784,135461,1550,2020,Pièges à capturer vivant : PVIV,Prairies,Lisières forestières (conifères),NA,Issla,VS,42,12558,97,193,-0.111540596310063
Sorex antinorii (Musaraigne du Valais),1,661236,136192,1870,2020,Lebendfalle : PVIV,Prairies,Milieux anthopiques batis,Milieux rocheux anthropiques,Binn,VS,30,13490,89,173,0.723579035304012
Apodemus alpicola (Mulot alpestre),1,661966,136354,1830,2020,Lebendfalle : PVIV,Prairies,Lisières forestières (conifères),NA,Binn,VS,28,13415,88,170,0.775543303625732
Sorex antinorii (Musaraigne du Valais),1,661966,136354,1830,2020,Lebendfalle : PVIV,Prairies,Lisières forestières (conifères),NA,Binn,VS,28,13415,88,170,0.775543303625732
Sorex antinorii (Musaraigne du Valais),1,661966,136354,1830,2020,Lebendfalle : PVIV,Prairies,Lisières forestières (conifères),NA,Binn,VS,28,13415,88,170,0.775543303625732
Chionomys nivalis (Campagnol des neiges),1,662353,136256,1850,2020,Lebendfalle : PVIV,Prairies,Milieux rocheux naturels,NA,Binn,VS,23,13380,83,161,1.03993822149909
Chionomys nivalis (Campagnol des neiges),1,662353,136256,1850,2020,Lebendfalle : PVIV,Prairies,Milieux rocheux naturels,NA,Binn,VS,23,13380,83,161,1.03993822149909
Chionomys nivalis (Campagnol des neiges),1,662353,136256,1850,2020,Lebendfalle : PVIV,Prairies,Milieux rocheux naturels,NA,Binn,VS,23,13380,83,161,1.03993822149909
Chionomys nivalis (Campagnol des neiges),1,662353,136256,1850,2020,Lebendfalle : PVIV,Prairies,Milieux rocheux naturels,NA,Binn,VS,23,13380,83,161,1.03993822149909
Chionomys nivalis (Campagnol des neiges),1,662353,136256,1850,2020,Lebendfalle : PVIV,Prairies,Milieux rocheux naturels,NA,Binn,VS,23,13380,83,161,1.03993822149909
Chionomys nivalis (Campagnol des neiges),1,662353,136256,1850,2020,Lebendfalle : PVIV,Prairies,Milieux rocheux naturels,NA,Binn,VS,23,13380,83,161,1.03993822149909
Chionomys nivalis (Campagnol des neiges),1,662353,136256,1850,2020,Lebendfalle : PVIV,Prairies,Milieux rocheux naturels,NA,Binn,VS,23,13380,83,161,1.03993822149909
Chionomys nivalis (Campagnol des neiges),1,662353,136256,1850,2020,Lebendfalle : PVIV,Prairies,Milieux rocheux naturels,NA,Binn,VS,23,13380,83,161,1.03993822149909
Clethrionomys glareolus (Campagnol roussâtre),1,662353,136256,1850,2020,Lebendfalle : PVIV,Prairies,Milieux rocheux naturels,NA,Binn,VS,23,13380,83,161,1.03993822149909
Clethrionomys glareolus (Campagnol roussâtre),1,662353,136256,1850,2020,Lebendfalle : PVIV,Prairies,Milieux rocheux naturels,NA,Binn,VS,23,13380,83,161,1.03993822149909
Chionomys nivalis (Campagnol des neiges),1,662720,137290,2300,2020,Pièges à capturer vivant : PVIV,Prairies,Milieux rocheux naturels,NA,Binn,VS,7,14648,73,135,2.12568877778188
Microtus arvalis (Campagnol des champs),1,662720,137290,2300,2020,Pièges à capturer vivant : PVIV,Prairies,Milieux rocheux naturels,NA,Binn,VS,7,14648,73,135,2.12568877778188
Sorex antinorii (Musaraigne du Valais),1,662720,137290,2300,2020,Pièges à capturer vivant : PVIV,Prairies,Milieux rocheux naturels,NA,Binn,VS,7,14648,73,135,2.12568877778188
Clethrionomys glareolus (Campagnol roussâtre),1,662749,136281,1890,2020,Lebendfalle : PVIV,Milieux forestiers (conifères),NA,Milieux rocheux naturels,Binn,VS,20,13647,81,156,1.19862077023688
Clethrionomys glareolus (Campagnol roussâtre),1,662749,136281,1890,2020,Lebendfalle : PVIV,Milieux forestiers (conifères),NA,Milieux rocheux naturels,Binn,VS,20,13647,81,156,1.19862077023688
Apodemus sylvaticus (Mulot sylvestre),1,662845,137495,2300,2020,Pièges à capturer vivant : PVIV,Prairies,Milieux anthopiques batis,NA,Binn,VS,4,15065,71,130,2.29053834716871
Microtus arvalis (Campagnol des champs),2,662845,137495,2300,2020,Pièges à capturer vivant : PVIV,Prairies,Milieux anthopiques batis,NA,Binn,VS,4,15065,71,130,2.29053834716871
Microtus arvalis (Campagnol des champs),1,662845,137495,2300,2020,Pièges à capturer vivant : PVIV,Prairies,Milieux anthopiques batis,NA,Binn,VS,4,15065,71,130,2.29053834716871
Microtus arvalis (Campagnol des champs),4,662870,137490,2300,2020,Pièges à capturer vivant : PVIV,Prairies,Milieux anthopiques batis,NA,Binn,VS,4,15104,71,131,2.26965695552827
Microtus arvalis (Campagnol des champs),2,662870,137490,2300,2020,Pièges à capturer vivant : PVIV,Prairies,Milieux anthopiques batis,NA,Binn,VS,4,15104,71,131,2.26965695552827
Sorex antinorii (Musaraigne du Valais),1,662901,136388,1860,2020,Lebendfalle : PVIV,Prairies,Torrent (avec végétation),NA,Binn,VS,17,13786,78,151,1.30961129106344
Sorex antinorii (Musaraigne du Valais),1,662901,136388,1860,2020,Lebendfalle : PVIV,Prairies,Torrent (avec végétation),NA,Binn,VS,17,13786,78,151,1.30961129106344
Sorex antinorii (Musaraigne du Valais),1,662901,136388,1860,2020,Lebendfalle : PVIV,Prairies,Torrent (avec végétation),NA,Binn,VS,17,13786,78,151,1.30961129106344
Sorex antinorii (Musaraigne du Valais),1,662901,136388,1860,2020,Lebendfalle : PVIV,Prairies,Torrent (avec végétation),NA,Binn,VS,17,13786,78,151,1.30961129106344
Microtus arvalis (Campagnol des champs),1,662905,137530,2300,2020,Pièges à capturer vivant : PVIV,Prairies,Torrent (avec végétation),NA,Binn,VS,3,15236,70,130,2.29762180830953
Microtus arvalis (Campagnol des champs),1,662905,137530,2300,2020,Pièges à capturer vivant : PVIV,Prairies,Torrent (avec végétation),NA,Binn,VS,3,15236,70,130,2.29762180830953
Apodemus alpicola (Mulot alpestre),1,662973,136627,1880,2020,Lebendfalle : PVIV,Prairies,Lisières forestières (conifères),NA,Binn,VS,15,13958,77,147,1.44868308106347
Apodemus alpicola (Mulot alpestre),1,662973,136627,1880,2020,Lebendfalle : PVIV,Prairies,Lisières forestières (conifères),NA,Binn,VS,15,13958,77,147,1.44868308106347
Clethrionomys glareolus (Campagnol roussâtre),1,662973,136627,1880,2020,Lebendfalle : PVIV,Prairies,Lisières forestières (conifères),NA,Binn,VS,15,13958,77,147,1.44868308106347
Clethrionomys glareolus (Campagnol roussâtre),1,662973,136627,1880,2020,Lebendfalle : PVIV,Prairies,Lisières forestières (conifères),NA,Binn,VS,15,13958,77,147,1.44868308106347
Clethrionomys glareolus (Campagnol roussâtre),1,662973,136627,1880,2020,Lebendfalle : PVIV,Prairies,Lisières forestières (conifères),NA,Binn,VS,15,13958,77,147,1.44868308106347
Clethrionomys glareolus (Campagnol roussâtre),1,662973,136627,1880,2020,Lebendfalle : PVIV,Prairies,Lisières forestières (conifères),NA,Binn,VS,15,13958,77,147,1.44868308106347
Clethrionomys glareolus (Campagnol roussâtre),1,662973,136627,1880,2020,Lebendfalle : PVIV,Prairies,Lisières forestières (conifères),NA,Binn,VS,15,13958,77,147,1.44868308106347
Clethrionomys glareolus (Campagnol roussâtre),1,662973,136627,1880,2020,Lebendfalle : PVIV,Prairies,Lisières forestières (conifères),NA,Binn,VS,15,13958,77,147,1.44868308106347
Chionomys nivalis (Campagnol des neiges),5,663490,137100,2100,2020,Pièges à capturer vivant : PVIV,Prairies,Milieux anthopiques batis,Broussailles / formations arbustives,Binn,VS,7,15200,71,134,1.95032227749391
Chionomys nivalis (Campagnol des neiges),5,663490,137100,2100,2020,Pièges à capturer vivant : PVIV,Prairies,Milieux anthopiques batis,Broussailles / formations arbustives,Binn,VS,7,15200,71,134,1.95032227749391
Clethrionomys glareolus (Campagnol roussâtre),2,663490,137100,2100,2020,Pièges à capturer vivant : PVIV,Prairies,Milieux anthopiques batis,Broussailles / formations arbustives,Binn,VS,7,15200,71,134,1.95032227749391
Sorex antinorii (Musaraigne du Valais),1,663726,136629,1986,2020,NA,Milieux forestiers (conifères),Ruisseau (avec végétation),NA,Binn,VS,5,14935,70,131,1.92905040634676
Microtus arvalis (Campagnol des champs),1,663736,137020,2030,2020,Lebendfalle : PVIV,Prairies,Ruisseau (sans végétation),NA,Binn,VS,8,15394,71,135,1.8306662752191
Clethrionomys glareolus (Campagnol roussâtre),1,663785,136726,1960,2020,Lebendfalle : PVIV,Milieux forestiers (conifères),Torrent (sans végétation),NA,Binn,VS,6,15109,70,133,1.83145921858542
Clethrionomys glareolus (Campagnol roussâtre),1,663785,136726,1960,2020,Lebendfalle : PVIV,Milieux forestiers (conifères),Torrent (sans végétation),NA,Binn,VS,6,15109,70,133,1.83145921858542
Clethrionomys glareolus (Campagnol roussâtre),1,663785,136726,1960,2020,Lebendfalle : PVIV,Milieux forestiers (conifères),Torrent (sans végétation),NA,Binn,VS,6,15109,70,133,1.83145921858542
Clethrionomys glareolus (Campagnol roussâtre),1,663785,136726,1960,2020,Lebendfalle : PVIV,Milieux forestiers (conifères),Torrent (sans végétation),NA,Binn,VS,6,15109,70,133,1.83145921858542
Sorex antinorii (Musaraigne du Valais),1,663785,136726,1960,2020,Lebendfalle : PVIV,Milieux forestiers (conifères),Torrent (sans végétation),NA,Binn,VS,6,15109,70,133,1.83145921858542
Clethrionomys glareolus (Campagnol roussâtre),1,663787,136825,1960,2020,Lebendfalle : PVIV,Prairies,Torrent (sans végétation),Broussailles / formations arbustives,Binn,VS,7,15209,70,134,1.80389123545734
Clethrionomys glareolus (Campagnol roussâtre),1,663787,136825,1960,2020,Lebendfalle : PVIV,Prairies,Torrent (sans végétation),Broussailles / formations arbustives,Binn,VS,7,15209,70,134,1.80389123545734
Clethrionomys glareolus (Campagnol roussâtre),1,663787,136825,1960,2020,Lebendfalle : PVIV,Prairies,Torrent (sans végétation),Broussailles / formations arbustives,Binn,VS,7,15209,70,134,1.80389123545734
Apodemus alpicola (Mulot alpestre),1,663920,136927,1980,2020,Lebendfalle : PVIV,Prairies,Torrent (avec végétation),Broussailles / formations arbustives,Binn,VS,8,15502,70,134,1.77982487671691
Clethrionomys glareolus (Campagnol roussâtre),1,663920,136927,1980,2020,Lebendfalle : PVIV,Prairies,Torrent (avec végétation),Broussailles / formations arbustives,Binn,VS,8,15502,70,134,1.77982487671691
Clethrionomys glareolus (Campagnol roussâtre),1,663920,136927,1980,2020,Lebendfalle : PVIV,Prairies,Torrent (avec végétation),Broussailles / formations arbustives,Binn,VS,8,15502,70,134,1.77982487671691
Clethrionomys glareolus (Campagnol roussâtre),1,663920,136927,1980,2020,Lebendfalle : PVIV,Prairies,Torrent (avec végétation),Broussailles / formations arbustives,Binn,VS,8,15502,70,134,1.77982487671691
Clethrionomys glareolus (Campagnol roussâtre),1,663920,136927,1980,2020,Lebendfalle : PVIV,Prairies,Torrent (avec végétation),Broussailles / formations arbustives,Binn,VS,8,15502,70,134,1.77982487671691
Clethrionomys glareolus (Campagnol roussâtre),1,663920,136927,1980,2020,Lebendfalle : PVIV,Prairies,Torrent (avec végétation),Broussailles / formations arbustives,Binn,VS,8,15502,70,134,1.77982487671691
Clethrionomys glareolus (Campagnol roussâtre),1,663920,136927,1980,2020,Lebendfalle : PVIV,Prairies,Torrent (avec végétation),Broussailles / formations arbustives,Binn,VS,8,15502,70,134,1.77982487671691
Clethrionomys glareolus (Campagnol roussâtre),1,663920,136927,1980,2020,Lebendfalle : PVIV,Prairies,Torrent (avec végétation),Broussailles / formations arbustives,Binn,VS,8,15502,70,134,1.77982487671691
Clethrionomys glareolus (Campagnol roussâtre),1,663920,136927,1980,2020,Lebendfalle : PVIV,Prairies,Torrent (avec végétation),Broussailles / formations arbustives,Binn,VS,8,15502,70,134,1.77982487671691
Clethrionomys glareolus (Campagnol roussâtre),1,663920,136927,1980,2020,Lebendfalle : PVIV,Prairies,Torrent (avec végétation),Broussailles / formations arbustives,Binn,VS,8,15502,70,134,1.77982487671691
Clethrionomys glareolus (Campagnol roussâtre),1,663920,136927,1980,2020,Lebendfalle : PVIV,Prairies,Torrent (avec végétation),Broussailles / formations arbustives,Binn,VS,8,15502,70,134,1.77982487671691
Apodemus alpicola (Mulot alpestre),1,779190,157940,2145,2021,Pièges à capturer vivant : PVIV,Prairies,Torrent (sans végétation),NA,Val Bever,GR,-4,9045,92,136,2.4104282318699
Apodemus alpicola (Mulot alpestre),1,779190,157940,2145,2021,Pièges à capturer vivant : PVIV,Prairies,Torrent (sans végétation),NA,Val Bever,GR,-4,9045,92,136,2.4104282318699
Chionomys nivalis (Campagnol des neiges),1,779190,157940,2145,2021,Pièges à capturer vivant : PVIV,Prairies,Torrent (sans végétation),NA,Val Bever,GR,-4,9045,92,136,2.4104282318699
Chionomys nivalis (Campagnol des neiges),1,779190,157940,2145,2021,Pièges à capturer vivant : PVIV,Prairies,Torrent (sans végétation),NA,Val Bever,GR,-4,9045,92,136,2.4104282318699
Chionomys nivalis (Campagnol des neiges),1,779190,157940,2145,2021,Pièges à capturer vivant : PVIV,Prairies,Torrent (sans végétation),NA,Val Bever,GR,-4,9045,92,136,2.4104282318699
Clethrionomys glareolus (Campagnol roussâtre),1,779190,157940,2145,2021,Pièges à capturer vivant : PVIV,Prairies,Torrent (sans végétation),NA,Val Bever,GR,-4,9045,92,136,2.4104282318699
Clethrionomys glareolus (Campagnol roussâtre),1,779190,157940,2145,2021,Pièges à capturer vivant : PVIV,Prairies,Torrent (sans végétation),NA,Val Bever,GR,-4,9045,92,136,2.4104282318699
Clethrionomys glareolus (Campagnol roussâtre),1,779190,157940,2145,2021,Pièges à capturer vivant : PVIV,Prairies,Torrent (sans végétation),NA,Val Bever,GR,-4,9045,92,136,2.4104282318699
Sorex araneus (Musaraigne carrelet),1,779190,157940,2145,2021,Pièges à capturer vivant : PVIV,Prairies,Torrent (sans végétation),NA,Val Bever,GR,-4,9045,92,136,2.4104282318699
Apodemus alpicola (Mulot alpestre),1,779200,157940,2145,2021,Pièges à capturer vivant : PVIV,Prairies,Torrent (sans végétation),NA,Val Bever,GR,-4,9039,92,136,2.41069528813924
Chionomys nivalis (Campagnol des neiges),1,779200,157940,2145,2021,Pièges à capturer vivant : PVIV,Prairies,Torrent (sans végétation),NA,Val Bever,GR,-4,9039,92,136,2.41069528813924
Chionomys nivalis (Campagnol des neiges),1,779200,157940,2145,2021,Pièges à capturer vivant : PVIV,Prairies,Torrent (sans végétation),NA,Val Bever,GR,-4,9039,92,136,2.41069528813924
Chionomys nivalis (Campagnol des neiges),1,779200,157940,2145,2021,Pièges à capturer vivant : PVIV,Prairies,Torrent (sans végétation),NA,Val Bever,GR,-4,9039,92,136,2.41069528813924
Chionomys nivalis (Campagnol des neiges),1,779200,157940,2145,2021,Pièges à capturer vivant : PVIV,Prairies,Torrent (sans végétation),NA,Val Bever,GR,-4,9039,92,136,2.41069528813924
Apodemus alpicola (Mulot alpestre),1,779220,157870,2145,2021,Pièges à capturer vivant : PVIV,Prairies,Broussailles / formations arbustives,NA,Val Bever,GR,-4,9040,92,136,2.41823048532964
Apodemus alpicola (Mulot alpestre),1,779220,157910,2145,2021,Pièges à capturer vivant : PVIV,Prairies,Broussailles / formations arbustives,NA,Val Bever,GR,-4,9037,92,136,2.41636390236204
Apodemus alpicola (Mulot alpestre),1,779220,157910,2145,2021,Pièges à capturer vivant : PVIV,Prairies,Broussailles / formations arbustives,NA,Val Bever,GR,-4,9037,92,136,2.41636390236204
Chionomys nivalis (Campagnol des neiges),1,779220,157910,2145,2021,Pièges à capturer vivant : PVIV,Prairies,Broussailles / formations arbustives,NA,Val Bever,GR,-4,9037,92,136,2.41636390236204
Sorex araneus (Musaraigne carrelet),1,779220,157870,2145,2021,Pièges à capturer vivant : PVIV,Prairies,Broussailles / formations arbustives,NA,Val Bever,GR,-4,9040,92,136,2.41823048532964
Sorex araneus (Musaraigne carrelet),1,779220,157870,2145,2021,Pièges à capturer vivant : PVIV,Prairies,Broussailles / formations arbustives,NA,Val Bever,GR,-4,9040,92,136,2.41823048532964
Sorex araneus (Musaraigne carrelet),1,779220,157870,2145,2021,Pièges à capturer vivant : PVIV,Prairies,Broussailles / formations arbustives,NA,Val Bever,GR,-4,9040,92,136,2.41823048532964
Sorex araneus (Musaraigne carrelet),1,779220,157870,2145,2021,Pièges à capturer vivant : PVIV,Prairies,Broussailles / formations arbustives,NA,Val Bever,GR,-4,9040,92,136,2.41823048532964
Sorex araneus (Musaraigne carrelet),1,779220,157870,2145,2021,Pièges à capturer vivant : PVIV,Prairies,Broussailles / formations arbustives,NA,Val Bever,GR,-4,9040,92,136,2.41823048532964
Sorex araneus (Musaraigne carrelet),1,779220,157870,2145,2021,Pièges à capturer vivant : PVIV,Prairies,Broussailles / formations arbustives,NA,Val Bever,GR,-4,9040,92,136,2.41823048532964
Sorex araneus (Musaraigne carrelet),1,779220,157910,2145,2021,Pièges à capturer vivant : PVIV,Prairies,Broussailles / formations arbustives,NA,Val Bever,GR,-4,9037,92,136,2.41636390236204
Apodemus alpicola (Mulot alpestre),1,779330,157970,2145,2021,déterminé génétiquement : DGENE,Prairies,Broussailles / formations arbustives,NA,Val Bever,GR,-4,9000,92,137,2.39518061889683
Apodemus alpicola (Mulot alpestre),1,779330,157970,2145,2021,Pièges à capturer vivant : PVIV,Prairies,Broussailles / formations arbustives,NA,Val Bever,GR,-4,9000,92,137,2.39518061889683
Apodemus alpicola (Mulot alpestre),1,779330,157970,2145,2021,Pièges à capturer vivant : PVIV,Prairies,Broussailles / formations arbustives,NA,Val Bever,GR,-4,9000,92,137,2.39518061889683
Apodemus alpicola (Mulot alpestre),1,779330,157970,2145,2021,Pièges à capturer vivant : PVIV,Prairies,Broussailles / formations arbustives,NA,Val Bever,GR,-4,9000,92,137,2.39518061889683
Apodemus alpicola (Mulot alpestre),1,779330,157970,2145,2021,Pièges à capturer vivant : PVIV,Prairies,Broussailles / formations arbustives,NA,Val Bever,GR,-4,9000,92,137,2.39518061889683
Apodemus alpicola (Mulot alpestre),1,779330,157970,2145,2021,Pièges à capturer vivant : PVIV,Prairies,Broussailles / formations arbustives,NA,Val Bever,GR,-4,9000,92,137,2.39518061889683
Sorex araneus (Musaraigne carrelet),1,779330,157970,2145,2021,Pièges à capturer vivant : PVIV,Prairies,Broussailles / formations arbustives,NA,Val Bever,GR,-4,9000,92,137,2.39518061889683
Sorex araneus (Musaraigne carrelet),1,779330,157970,2145,2021,Pièges à capturer vivant : PVIV,Prairies,Broussailles / formations arbustives,NA,Val Bever,GR,-4,9000,92,137,2.39518061889683
Sorex araneus (Musaraigne carrelet),1,779600,158130,2145,2021,Pièges à capturer vivant : PVIV,Prairies,Milieux rocheux naturels,NA,Val Bever,GR,-3,8901,93,138,2.34753443121424
Sorex araneus (Musaraigne carrelet),1,779600,158130,2145,2021,Pièges à capturer vivant : PVIV,Prairies,Milieux rocheux naturels,NA,Val Bever,GR,-3,8901,93,138,2.34753443121424
Sorex araneus (Musaraigne carrelet),1,779620,158100,2145,2021,Pièges à capturer vivant : PVIV,Prairies,Milieux rocheux naturels,NA,Val Bever,GR,-4,8899,93,137,2.38863714604395
Sorex araneus (Musaraigne carrelet),1,779650,158100,2145,2021,Pièges à capturer vivant : PVIV,Prairies,Milieux rocheux naturels,NA,Val Bever,GR,-3,8892,92,137,2.37411898233928
Sorex araneus (Musaraigne carrelet),1,779650,158100,2145,2021,Pièges à capturer vivant : PVIV,Prairies,Milieux rocheux naturels,NA,Val Bever,GR,-3,8892,92,137,2.37411898233928
Sorex araneus (Musaraigne carrelet),1,779650,158100,2145,2021,Pièges à capturer vivant : PVIV,Prairies,Milieux rocheux naturels,NA,Val Bever,GR,-3,8892,92,137,2.37411898233928
Sorex araneus (Musaraigne carrelet),1,779650,158100,2145,2021,Pièges à capturer vivant : PVIV,Prairies,Milieux rocheux naturels,NA,Val Bever,GR,-3,8892,92,137,2.37411898233928
Sorex araneus (Musaraigne carrelet),1,779650,158100,2145,2021,Pièges à capturer vivant : PVIV,Prairies,Milieux rocheux naturels,NA,Val Bever,GR,-3,8892,92,137,2.37411898233928
Sorex araneus (Musaraigne carrelet),1,779810,158290,2145,2021,Pièges à capturer vivant : PVIV,Prairies,Torrent (sans végétation),NA,Val Bever,GR,-3,8838,94,139,2.31604847667128
Sorex araneus (Musaraigne carrelet),1,779810,158290,2145,2021,Pièges à capturer vivant : PVIV,Prairies,Torrent (sans végétation),NA,Val Bever,GR,-3,8838,94,139,2.31604847667128
Apodemus alpicola (Mulot alpestre),1,780030,158440,2145,2021,Pièges à capturer vivant : PVIV,Prairies,Torrent (sans végétation),NA,Val Bever,GR,-2,8766,94,140,2.27960781762768
Apodemus alpicola (Mulot alpestre),1,780920,159150,2050,2021,Pièges à capturer vivant : PVIV,Prairies,Broussailles / formations arbustives,Milieux rocheux naturels,Val Bever,GR,0,8614,96,145,2.13409589024885
Chionomys nivalis (Campagnol des neiges),1,780920,159150,2050,2021,Pièges à capturer vivant : PVIV,Prairies,Broussailles / formations arbustives,Milieux rocheux naturels,Val Bever,GR,0,8614,96,145,2.13409589024885
Chionomys nivalis (Campagnol des neiges),1,780920,159150,2050,2021,Pièges à capturer vivant : PVIV,Prairies,Broussailles / formations arbustives,Milieux rocheux naturels,Val Bever,GR,0,8614,96,145,2.13409589024885
Sorex araneus (Musaraigne carrelet),1,780950,159130,2050,2021,Pièges à capturer vivant : PVIV,Prairies,Broussailles / formations arbustives,Milieux rocheux naturels,Val Bever,GR,0,8607,96,145,2.13188097271274
Sorex araneus (Musaraigne carrelet),1,781050,159050,2050,2021,Pièges à capturer vivant : PVIV,Prairies,Broussailles / formations arbustives,Torrent (sans végétation),Val Bever,GR,0,8625,96,143,2.15421092851164
Clethrionomys glareolus (Campagnol roussâtre),1,781130,159100,2050,2021,Pièges à capturer vivant : PVIV,Prairies,Broussailles / formations arbustives,Torrent (sans végétation),Val Bever,GR,0,8623,96,143,2.15324720310529
Clethrionomys glareolus (Campagnol roussâtre),1,781130,159100,2050,2021,Pièges à capturer vivant : PVIV,Prairies,Broussailles / formations arbustives,Torrent (sans végétation),Val Bever,GR,0,8623,96,143,2.15324720310529
Clethrionomys glareolus (Campagnol roussâtre),1,781130,159100,2050,2021,Pièges à capturer vivant : PVIV,Prairies,Broussailles / formations arbustives,Torrent (sans végétation),Val Bever,GR,0,8623,96,143,2.15324720310529
Clethrionomys glareolus (Campagnol roussâtre),1,781589,159432,2035,2021,Lebendfalle : PVIV,Prairies,Milieux rocheux naturels,Torrent (sans végétation),"Spinas, Bever",GR,0,8503,97,145,2.09630993757974
Clethrionomys glareolus (Campagnol roussâtre),1,781589,159432,2035,2021,Lebendfalle : PVIV,Prairies,Milieux rocheux naturels,Torrent (sans végétation),"Spinas, Bever",GR,0,8503,97,145,2.09630993757974
Clethrionomys glareolus (Campagnol roussâtre),1,781589,159432,2035,2021,Lebendfalle : PVIV,Prairies,Milieux rocheux naturels,Torrent (sans végétation),"Spinas, Bever",GR,0,8503,97,145,2.09630993757974
Clethrionomys glareolus (Campagnol roussâtre),1,781589,159432,2035,2021,Lebendfalle : PVIV,Prairies,Milieux rocheux naturels,Torrent (sans végétation),"Spinas, Bever",GR,0,8503,97,145,2.09630993757974
Clethrionomys glareolus (Campagnol roussâtre),1,781589,159432,2035,2021,Lebendfalle : PVIV,Prairies,Milieux rocheux naturels,Torrent (sans végétation),"Spinas, Bever",GR,0,8503,97,145,2.09630993757974
Clethrionomys glareolus (Campagnol roussâtre),1,781589,159432,2035,2021,Lebendfalle : PVIV,Prairies,Milieux rocheux naturels,Torrent (sans végétation),"Spinas, Bever",GR,0,8503,97,145,2.09630993757974
Clethrionomys glareolus (Campagnol roussâtre),1,781589,159432,2035,2021,Lebendfalle : PVIV,Prairies,Milieux rocheux naturels,Torrent (sans végétation),"Spinas, Bever",GR,0,8503,97,145,2.09630993757974
Clethrionomys glareolus (Campagnol roussâtre),1,781808,159461,2020,2021,Lebendfalle : PVIV,Milieux humides (Bas marais),Torrent (avec végétation),NA,"Spinas, Bever",GR,0,8470,97,144,2.10271209824424
Clethrionomys glareolus (Campagnol roussâtre),1,781808,159461,2020,2021,Lebendfalle : PVIV,Milieux humides (Bas marais),Torrent (avec végétation),NA,"Spinas, Bever",GR,0,8470,97,144,2.10271209824424
Chionomys nivalis (Campagnol des neiges),1,781891,159573,2030,2021,Lebendfalle : PVIV,Milieux forestiers (conifères),Milieux rocheux naturels,NA,"Spinas, Bever",GR,0,8445,97,143,2.13560316003432
Chionomys nivalis (Campagnol des neiges),1,781891,159573,2030,2021,Lebendfalle : PVIV,Milieux forestiers (conifères),Milieux rocheux naturels,NA,"Spinas, Bever",GR,0,8445,97,143,2.13560316003432
Chionomys nivalis (Campagnol des neiges),1,781891,159573,2030,2021,Lebendfalle : PVIV,Milieux forestiers (conifères),Milieux rocheux naturels,NA,"Spinas, Bever",GR,0,8445,97,143,2.13560316003432
Clethrionomys glareolus (Campagnol roussâtre),1,781891,159573,2030,2021,Lebendfalle : PVIV,Milieux forestiers (conifères),Milieux rocheux naturels,NA,"Spinas, Bever",GR,0,8445,97,143,2.13560316003432
Clethrionomys glareolus (Campagnol roussâtre),1,781891,159573,2030,2021,Lebendfalle : PVIV,Milieux forestiers (conifères),Milieux rocheux naturels,NA,"Spinas, Bever",GR,0,8445,97,143,2.13560316003432
Clethrionomys glareolus (Campagnol roussâtre),1,781891,159573,2030,2021,Lebendfalle : PVIV,Milieux forestiers (conifères),Milieux rocheux naturels,NA,"Spinas, Bever",GR,0,8445,97,143,2.13560316003432
Clethrionomys glareolus (Campagnol roussâtre),1,781929,159529,2020,2021,Lebendfalle : PVIV,Milieux forestiers ouverts / perturbés (conifères),Milieux rocheux naturels,NA,"Spinas, Bever",GR,0,8432,97,144,2.10314021302491
Clethrionomys glareolus (Campagnol roussâtre),1,781929,159529,2020,2021,Lebendfalle : PVIV,Milieux forestiers ouverts / perturbés (conifères),Milieux rocheux naturels,NA,"Spinas, Bever",GR,0,8432,97,144,2.10314021302491
Clethrionomys glareolus (Campagnol roussâtre),1,781929,159529,2020,2021,Lebendfalle : PVIV,Milieux forestiers ouverts / perturbés (conifères),Milieux rocheux naturels,NA,"Spinas, Bever",GR,0,8432,97,144,2.10314021302491
Clethrionomys glareolus (Campagnol roussâtre),1,781929,159529,2020,2021,Lebendfalle : PVIV,Milieux forestiers ouverts / perturbés (conifères),Milieux rocheux naturels,NA,"Spinas, Bever",GR,0,8432,97,144,2.10314021302491
Clethrionomys glareolus (Campagnol roussâtre),1,781929,159529,2020,2021,Lebendfalle : PVIV,Milieux forestiers ouverts / perturbés (conifères),Milieux rocheux naturels,NA,"Spinas, Bever",GR,0,8432,97,144,2.10314021302491
Clethrionomys glareolus (Campagnol roussâtre),1,781929,159529,2020,2021,Lebendfalle : PVIV,Milieux forestiers ouverts / perturbés (conifères),Milieux rocheux naturels,NA,"Spinas, Bever",GR,0,8432,97,144,2.10314021302491
Clethrionomys glareolus (Campagnol roussâtre),1,781929,159529,2020,2021,Lebendfalle : PVIV,Milieux forestiers ouverts / perturbés (conifères),Milieux rocheux naturels,NA,"Spinas, Bever",GR,0,8432,97,144,2.10314021302491
Clethrionomys glareolus (Campagnol roussâtre),1,781929,159529,2020,2021,Lebendfalle : PVIV,Milieux forestiers ouverts / perturbés (conifères),Milieux rocheux naturels,NA,"Spinas, Bever",GR,0,8432,97,144,2.10314021302491
Clethrionomys glareolus (Campagnol roussâtre),1,782051,159542,2010,2021,Lebendfalle : PVIV,Prairies,Lisières forestières (conifères),NA,"Spinas, Bever",GR,-1,8410,97,143,2.12734171336605
Apodemus alpicola (Mulot alpestre),1,782159,159540,2005,2021,Lebendfalle : PVIV,Milieux humides (Bas marais),NA,Torrent (sans végétation),"Spinas, Bever",GR,-1,8423,97,142,2.13622329393581
Apodemus alpicola (Mulot alpestre),1,782159,159540,2005,2021,Lebendfalle : PVIV,Milieux humides (Bas marais),NA,Torrent (sans végétation),"Spinas, Bever",GR,-1,8423,97,142,2.13622329393581
Apodemus alpicola (Mulot alpestre),1,782159,159540,2005,2021,Lebendfalle : PVIV,Milieux humides (Bas marais),NA,Torrent (sans végétation),"Spinas, Bever",GR,-1,8423,97,142,2.13622329393581
Apodemus alpicola (Mulot alpestre),1,782159,159540,2005,2021,Lebendfalle : PVIV,Milieux humides (Bas marais),NA,NA,"Spinas, Bever",GR,-1,8423,97,142,2.13622329393581
Apodemus alpicola (Mulot alpestre),1,782206,159577,2003,2021,Lebendfalle : PVIV,Milieux humides (Bas marais),NA,Torrent (sans végétation),"Spinas, Bever",GR,-2,8395,97,142,2.15291614152714
Apodemus alpicola (Mulot alpestre),1,782206,159577,2003,2021,Lebendfalle : PVIV,Milieux humides (Bas marais),NA,Torrent (sans végétation),"Spinas, Bever",GR,-2,8395,97,142,2.15291614152714
Apodemus alpicola (Mulot alpestre),1,782206,159577,2003,2021,Lebendfalle : PVIV,Milieux humides (Bas marais),NA,Torrent (sans végétation),"Spinas, Bever",GR,-2,8395,97,142,2.15291614152714
Sorex araneus (Musaraigne carrelet),1,782206,159577,2003,2021,Lebendfalle : PVIV,Milieux humides (Bas marais),NA,Torrent (sans végétation),"Spinas, Bever",GR,-2,8395,97,142,2.15291614152714
Sorex araneus (Musaraigne carrelet),1,782215,159482,2018,2021,Lebendfalle : PVIV,Milieux forestiers ouverts / perturbés (conifères),NA,Milieux rocheux naturels,"Spinas, Bever",GR,-2,8422,97,142,2.168137171553
Apodemus alpicola (Mulot alpestre),1,782265,159642,2010,2021,Lebendfalle : PVIV,Milieux forestiers ouverts / perturbés (conifères),NA,NA,"Spinas, Bever",GR,-2,8381,97,141,2.18468597936084
Apodemus alpicola (Mulot alpestre),1,782265,159642,2010,2021,Lebendfalle : PVIV,Milieux forestiers ouverts / perturbés (conifères),NA,NA,"Spinas, Bever",GR,-2,8381,97,141,2.18468597936084
Apodemus alpicola (Mulot alpestre),1,782265,159642,2010,2021,Lebendfalle : PVIV,Milieux forestiers ouverts / perturbés (conifères),NA,NA,"Spinas, Bever",GR,-2,8381,97,141,2.18468597936084
Apodemus alpicola (Mulot alpestre),1,782265,159642,2010,2021,Lebendfalle : PVIV,Milieux forestiers ouverts / perturbés (conifères),NA,NA,"Spinas, Bever",GR,-2,8381,97,141,2.18468597936084
Chionomys nivalis (Campagnol des neiges),1,782265,159642,2010,2021,Lebendfalle : PVIV,Milieux forestiers ouverts / perturbés (conifères),NA,NA,"Spinas, Bever",GR,-2,8381,97,141,2.18468597936084
Clethrionomys glareolus (Campagnol roussâtre),1,782265,159642,2010,2021,Lebendfalle : PVIV,Milieux forestiers ouverts / perturbés (conifères),NA,NA,"Spinas, Bever",GR,-2,8381,97,141,2.18468597936084
Clethrionomys glareolus (Campagnol roussâtre),1,782265,159642,2010,2021,Lebendfalle : PVIV,Milieux forestiers ouverts / perturbés (conifères),NA,NA,"Spinas, Bever",GR,-2,8381,97,141,2.18468597936084
Clethrionomys glareolus (Campagnol roussâtre),1,782265,159642,2010,2021,Lebendfalle : PVIV,Milieux forestiers ouverts / perturbés (conifères),NA,NA,"Spinas, Bever",GR,-2,8381,97,141,2.18468597936084
Apodemus alpicola (Mulot alpestre),1,784100,159275,1847,2021,Pièges à capturer vivant : PVIV,Prairies,NA,NA,Bever,GR,0,8209,103,147,1.88085806591365
Clethrionomys glareolus (Campagnol roussâtre),1,784100,159275,1847,2021,Pièges à capturer vivant : PVIV,Prairies,NA,NA,Bever,GR,0,8209,103,147,1.88085806591365
Clethrionomys glareolus (Campagnol roussâtre),1,784100,159275,1847,2021,Pièges à capturer vivant : PVIV,Prairies,NA,NA,Bever,GR,0,8209,103,147,1.88085806591365
Clethrionomys glareolus (Campagnol roussâtre),1,784100,159275,1847,2021,Pièges à capturer vivant : PVIV,Prairies,NA,NA,Bever,GR,0,8209,103,147,1.88085806591365
Sorex araneus (Musaraigne carrelet),1,784100,159275,1847,2021,Pièges à capturer vivant : PVIV,Prairies,NA,NA,Bever,GR,0,8209,103,147,1.88085806591365
Chionomys nivalis (Campagnol des neiges),1,784182,159283,1831,2021,Pièges à capturer vivant : PVIV,Prairies,NA,NA,Bever,GR,0,8190,104,148,1.85099305458412
Chionomys nivalis (Campagnol des neiges),1,784182,159283,1831,2021,Pièges à capturer vivant : PVIV,Prairies,NA,NA,Bever,GR,0,8190,104,148,1.85099305458412
Clethrionomys glareolus (Campagnol roussâtre),1,784182,159283,1831,2021,Pièges à capturer vivant : PVIV,Prairies,NA,NA,Bever,GR,0,8190,104,148,1.85099305458412
Sorex araneus (Musaraigne carrelet),1,784182,159283,1831,2021,Pièges à capturer vivant : PVIV,Prairies,NA,NA,Bever,GR,0,8190,104,148,1.85099305458412
Apodemus sylvaticus (Mulot sylvestre),1,784201,159331,1828,2021,Pièges à capturer vivant : PVIV,Prairies,Milieux rocheux anthropiques,Torrent (avec végétation),Bever,GR,0,8172,104,148,1.84158252790772
Apodemus alpicola (Mulot alpestre),1,784251,159315,1826,2021,Pièges à capturer vivant : PVIV,Prairies,Torrent (avec végétation),NA,Bever,GR,0,8171,104,148,1.83825830736851
Apodemus alpicola (Mulot alpestre),1,784251,159315,1826,2021,Pièges à capturer vivant : PVIV,Prairies,Torrent (avec végétation),NA,Bever,GR,0,8171,104,148,1.83825830736851
Apodemus alpicola (Mulot alpestre),1,784251,159315,1826,2021,Pièges à capturer vivant : PVIV,Prairies,Torrent (avec végétation),NA,Bever,GR,0,8171,104,148,1.83825830736851
Neomys fodiens (Musaraigne aquatique),1,784251,159315,1826,2021,Pièges à capturer vivant : PVIV,Prairies,Torrent (avec végétation),NA,Bever,GR,0,8171,104,148,1.83825830736851
Sorex araneus (Musaraigne carrelet),1,784251,159315,1826,2021,Pièges à capturer vivant : PVIV,Prairies,Torrent (avec végétation),NA,Bever,GR,0,8171,104,148,1.83825830736851
Sorex araneus (Musaraigne carrelet),1,784251,159315,1826,2021,Pièges à capturer vivant : PVIV,Prairies,Torrent (avec végétation),NA,Bever,GR,0,8171,104,148,1.83825830736851
Apodemus alpicola (Mulot alpestre),1,784254,159408,1839,2021,Pièges à capturer vivant : PVIV,Prairies,Milieux rocheux anthropiques,Lisières forestières (conifères),Bever,GR,0,8130,104,147,1.86933490751769
Clethrionomys glareolus (Campagnol roussâtre),1,784254,159408,1839,2021,Pièges à capturer vivant : PVIV,Prairies,Milieux rocheux anthropiques,Lisières forestières (conifères),Bever,GR,0,8130,104,147,1.86933490751769
Clethrionomys glareolus (Campagnol roussâtre),1,784254,159408,1839,2021,Pièges à capturer vivant : PVIV,Prairies,Milieux rocheux anthropiques,Lisières forestières (conifères),Bever,GR,0,8130,104,147,1.86933490751769
Clethrionomys glareolus (Campagnol roussâtre),1,784254,159408,1839,2021,Pièges à capturer vivant : PVIV,Prairies,Milieux rocheux anthropiques,Lisières forestières (conifères),Bever,GR,0,8130,104,147,1.86933490751769
Chionomys nivalis (Campagnol des neiges),1,784288,159441,1843,2021,Pièges à capturer vivant : PVIV,Prairies,Milieux rocheux anthropiques,Lisières forestières (conifères),Bever,GR,0,8131,103,147,1.88022406947843
Chionomys nivalis (Campagnol des neiges),1,784288,159441,1843,2021,Pièges à capturer vivant : PVIV,Prairies,Milieux rocheux anthropiques,Lisières forestières (conifères),Bever,GR,0,8131,103,147,1.88022406947843
Clethrionomys glareolus (Campagnol roussâtre),1,784288,159441,1843,2021,Pièges à capturer vivant : PVIV,Prairies,Milieux rocheux anthropiques,Lisières forestières (conifères),Bever,GR,0,8131,103,147,1.88022406947843
Clethrionomys glareolus (Campagnol roussâtre),1,784288,159441,1843,2021,Pièges à capturer vivant : PVIV,Prairies,Milieux rocheux anthropiques,Lisières forestières (conifères),Bever,GR,0,8131,103,147,1.88022406947843
Clethrionomys glareolus (Campagnol roussâtre),1,784288,159441,1843,2021,Pièges à capturer vivant : PVIV,Prairies,Milieux rocheux anthropiques,Lisières forestières (conifères),Bever,GR,0,8131,103,147,1.88022406947843
Clethrionomys glareolus (Campagnol roussâtre),1,784288,159441,1843,2021,Pièges à capturer vivant : PVIV,Prairies,Milieux rocheux anthropiques,Lisières forestières (conifères),Bever,GR,0,8131,103,147,1.88022406947843
Apodemus alpicola (Mulot alpestre),1,784294,159336,1825,2021,Pièges à capturer vivant : PVIV,Prairies,Milieux rocheux anthropiques,Torrent (avec végétation),Bever,GR,0,8161,104,148,1.8374400310501
Clethrionomys glareolus (Campagnol roussâtre),1,784294,159336,1825,2021,Pièges à capturer vivant : PVIV,Prairies,Milieux rocheux anthropiques,Torrent (avec végétation),Bever,GR,0,8161,104,148,1.8374400310501
Clethrionomys glareolus (Campagnol roussâtre),1,784294,159336,1825,2021,Pièges à capturer vivant : PVIV,Prairies,Milieux rocheux anthropiques,Torrent (avec végétation),Bever,GR,0,8161,104,148,1.8374400310501
Clethrionomys glareolus (Campagnol roussâtre),1,784294,159336,1825,2021,Pièges à capturer vivant : PVIV,Prairies,Milieux rocheux anthropiques,Torrent (avec végétation),Bever,GR,0,8161,104,148,1.8374400310501
Clethrionomys glareolus (Campagnol roussâtre),1,784294,159336,1825,2021,Pièges à capturer vivant : PVIV,Prairies,Milieux rocheux anthropiques,Torrent (avec végétation),Bever,GR,0,8161,104,148,1.8374400310501
Apodemus alpicola (Mulot alpestre),1,784297,159323,1823,2021,Pièges à capturer vivant : PVIV,Prairies,Torrent (avec végétation),NA,Bever,GR,0,8172,104,148,1.83695042788964
Apodemus alpicola (Mulot alpestre),1,784297,159323,1823,2021,Pièges à capturer vivant : PVIV,Prairies,Torrent (avec végétation),NA,Bever,GR,0,8172,104,148,1.83695042788964
Apodemus alpicola (Mulot alpestre),1,784297,159323,1823,2021,Pièges à capturer vivant : PVIV,Prairies,Torrent (avec végétation),NA,Bever,GR,0,8172,104,148,1.83695042788964
Neomys fodiens (Musaraigne aquatique),1,784297,159323,1823,2021,Pièges à capturer vivant : PVIV,Prairies,Torrent (avec végétation),NA,Bever,GR,0,8172,104,148,1.83695042788964
Clethrionomys glareolus (Campagnol roussâtre),1,784325,159274,1822,2021,Pièges à capturer vivant : PVIV,Prairies,Torrent (sans végétation),Lisières forestières (conifères),Bever,GR,0,8164,104,149,1.8190033522683
Clethrionomys glareolus (Campagnol roussâtre),1,784325,159274,1822,2021,Pièges à capturer vivant : PVIV,Prairies,Torrent (sans végétation),Lisières forestières (conifères),Bever,GR,0,8164,104,149,1.8190033522683
Apodemus alpicola (Mulot alpestre),1,784325,159274,1822,2021,Pièges à capturer vivant : PVIV,Prairies,Torrent (avec végétation),NA,Bever,GR,0,8164,104,149,1.8190033522683
Apodemus alpicola (Mulot alpestre),1,784325,159274,1822,2021,Pièges à capturer vivant : PVIV,Prairies,Torrent (avec végétation),NA,Bever,GR,0,8164,104,149,1.8190033522683
Apodemus alpicola (Mulot alpestre),1,784325,159274,1822,2021,Pièges à capturer vivant : PVIV,Prairies,Torrent (avec végétation),NA,Bever,GR,0,8164,104,149,1.8190033522683
Apodemus alpicola (Mulot alpestre),1,784325,159274,1822,2021,Pièges à capturer vivant : PVIV,Prairies,Torrent (avec végétation),NA,Bever,GR,0,8164,104,149,1.8190033522683
Sorex araneus (Musaraigne carrelet),1,784325,159274,1822,2021,Pièges à capturer vivant : PVIV,Prairies,Torrent (avec végétation),NA,Bever,GR,0,8164,104,149,1.8190033522683
Sorex araneus (Musaraigne carrelet),1,784325,159274,1822,2021,Pièges à capturer vivant : PVIV,Prairies,Torrent (avec végétation),NA,Bever,GR,0,8164,104,149,1.8190033522683
Sorex araneus (Musaraigne carrelet),1,784325,159274,1822,2021,Pièges à capturer vivant : PVIV,Prairies,Torrent (avec végétation),NA,Bever,GR,0,8164,104,149,1.8190033522683
Sorex araneus (Musaraigne carrelet),1,784325,159274,1822,2021,Pièges à capturer vivant : PVIV,Prairies,Torrent (avec végétation),NA,Bever,GR,0,8164,104,149,1.8190033522683
Clethrionomys glareolus (Campagnol roussâtre),1,784345,159480,1849,2021,Pièges à capturer vivant : PVIV,Prairies,NA,NA,Bever,GR,0,8096,103,147,1.8835715113895
Clethrionomys glareolus (Campagnol roussâtre),1,784709,159135,1808,2021,Lebendfalle : PVIV,Prairies,Milieux rocheux anthropiques,Lisières forestières (conifères),Bever,GR,0,8130,106,150,1.79382122598138
Clethrionomys glareolus (Campagnol roussâtre),1,784710,159136,1808,2021,Lebendfalle : PVIV,Prairies,Milieux rocheux anthropiques,Lisières forestières (conifères),Bever,GR,0,8130,106,150,1.79382122598138
Clethrionomys glareolus (Campagnol roussâtre),1,784711,159137,1808,2021,Lebendfalle : PVIV,Prairies,Milieux rocheux anthropiques,Lisières forestières (conifères),Bever,GR,0,8130,106,150,1.79382122598138
Clethrionomys glareolus (Campagnol roussâtre),1,784712,159138,1808,2021,Lebendfalle : PVIV,Prairies,Milieux rocheux anthropiques,Lisières forestières (conifères),Bever,GR,0,8130,106,150,1.7923473584517
Sorex araneus (Musaraigne carrelet),1,784798,159113,1807,2021,Lebendfalle : PVIV,Prairies,Lisières forestières (conifères),NA,Bever,GR,0,8119,106,151,1.76369049468468
Sorex araneus (Musaraigne carrelet),1,784798,159113,1807,2021,Lebendfalle : PVIV,Prairies,Lisières forestières (conifères),NA,Bever,GR,0,8119,106,151,1.76369049468468
Sorex araneus (Musaraigne carrelet),1,784798,159113,1807,2021,Lebendfalle : PVIV,Prairies,Lisières forestières (conifères),NA,Bever,GR,0,8119,106,151,1.76369049468468
Sorex araneus (Musaraigne carrelet),1,784809,159168,1801,2021,Lebendfalle : PVIV,Prairies,Ruisseau (sans végétation),NA,Bever,GR,0,8116,106,151,1.76435039490075
Sorex araneus (Musaraigne carrelet),1,784809,159168,1801,2021,Lebendfalle : PVIV,Prairies,Ruisseau (sans végétation),NA,Bever,GR,0,8116,106,151,1.76435039490075
Apodemus sylvaticus (Mulot sylvestre),1,784812,159312,1801,2021,Lebendfalle : PVIV,Milieux forestiers (conifères),Torrent (avec végétation),NA,Bever,GR,0,8092,106,150,1.78214278288987
Clethrionomys glareolus (Campagnol roussâtre),1,784812,159312,1801,2021,Lebendfalle : PVIV,Milieux forestiers (conifères),Torrent (avec végétation),NA,Bever,GR,0,8092,106,150,1.78214278288987
Sorex araneus (Musaraigne carrelet),1,784812,159312,1801,2021,Lebendfalle : PVIV,Milieux forestiers (conifères),Torrent (avec végétation),NA,Bever,GR,0,8092,106,150,1.78214278288987
Clethrionomys glareolus (Campagnol roussâtre),1,784900,159366,1808,2021,Lebendfalle : PVIV,Prairies,Milieux rocheux anthropiques,Lisières forestières (conifères),Bever,GR,0,8075,106,150,1.79584811841681
Clethrionomys glareolus (Campagnol roussâtre),1,784900,159366,1808,2021,Lebendfalle : PVIV,Prairies,Milieux rocheux anthropiques,Lisières forestières (conifères),Bever,GR,0,8075,106,150,1.79584811841681
Clethrionomys glareolus (Campagnol roussâtre),1,784913,159284,1797,2021,Lebendfalle : PVIV,Prairies,Torrent (avec végétation),NA,Bever,GR,0,8088,106,151,1.76201730163574
Clethrionomys glareolus (Campagnol roussâtre),1,784913,159284,1797,2021,Lebendfalle : PVIV,Prairies,Torrent (avec végétation),NA,Bever,GR,0,8088,106,151,1.76201730163574
Sorex araneus (Musaraigne carrelet),1,784913,159284,1797,2021,Lebendfalle : PVIV,Prairies,Torrent (avec végétation),NA,Bever,GR,0,8088,106,151,1.76201730163574
Sorex araneus (Musaraigne carrelet),1,784957,159287,1797,2021,Lebendfalle : PVIV,Prairies,Torrent (sans végétation),Lisières forestières (conifères),Bever,GR,0,8086,106,151,1.76200107167767
Sorex araneus (Musaraigne carrelet),1,784957,159287,1797,2021,Lebendfalle : PVIV,Prairies,Torrent (sans végétation),Lisières forestières (conifères),Bever,GR,0,8086,106,151,1.76200107167767
Sorex araneus (Musaraigne carrelet),1,785013,159286,1805,2021,Lebendfalle : PVIV,Prairies,Milieux rocheux anthropiques,Lisières forestières (conifères),Bever,GR,1,8080,107,151,1.74525732035765
Chionomys nivalis (Campagnol des neiges),1,785013,158997,1802,2021,Lebendfalle : PVIV,Prairies,Broussailles / formations arbustives,NA,Bever,GR,2,8121,109,154,1.67584316683252
Clethrionomys glareolus (Campagnol roussâtre),1,785013,158997,1802,2021,Lebendfalle : PVIV,Prairies,Broussailles / formations arbustives,NA,Bever,GR,2,8121,109,154,1.67584316683252
Clethrionomys glareolus (Campagnol roussâtre),1,785013,158997,1802,2021,Lebendfalle : PVIV,Prairies,Broussailles / formations arbustives,NA,Bever,GR,2,8121,109,154,1.67584316683252
Clethrionomys glareolus (Campagnol roussâtre),1,785013,158997,1802,2021,Lebendfalle : PVIV,Prairies,Broussailles / formations arbustives,NA,Bever,GR,2,8121,109,154,1.67584316683252
Clethrionomys glareolus (Campagnol roussâtre),1,785013,158997,1802,2021,Lebendfalle : PVIV,Prairies,Broussailles / formations arbustives,NA,Bever,GR,2,8121,109,154,1.67584316683252
Clethrionomys glareolus (Campagnol roussâtre),1,785027,159028,1794,2021,Lebendfalle : PVIV,Prairies,Broussailles / formations arbustives,NA,Bever,GR,2,8125,109,154,1.67419126178994
Apodemus flavicollis (Mulot à collier),NA,649523,190232,1422,2022,Pièges à capturer vivant : PVIV,Prairies,Lisières forestières (conifères),NA,Sattelpass,OW,47,19698,63,167,-0.200474205949677
Clethrionomys glareolus (Campagnol roussâtre),NA,649523,190232,1422,2022,Pièges à capturer vivant : PVIV,Prairies,Lisières forestières (conifères),NA,Sattelpass,OW,47,19698,63,167,-0.200474205949677
Clethrionomys glareolus (Campagnol roussâtre),NA,649523,190232,1422,2022,Pièges à capturer vivant : PVIV,Prairies,Lisières forestières (conifères),NA,Sattelpass,OW,47,19698,63,167,-0.200474205949677
Clethrionomys glareolus (Campagnol roussâtre),NA,649523,190232,1422,2022,Pièges à capturer vivant : PVIV,Prairies,Lisières forestières (conifères),NA,Sattelpass,OW,47,19698,63,167,-0.200474205949677
Sorex araneus (Musaraigne carrelet),NA,649523,190232,1422,2022,Pièges à capturer vivant : PVIV,Prairies,Lisières forestières (conifères),NA,Sattelpass,OW,47,19698,63,167,-0.200474205949677
Microtus lavernedii (Campagnol de Lavernède),NA,649789,189440,1397,2022,Pièges à capturer vivant : PVIV,Milieux humides (Bas marais),Ruisseau (avec végétation),NA,Sattelpass,OW,48,19180,64,169,-0.255353949881029
Sorex araneus (Musaraigne carrelet),NA,649789,189440,1397,2022,Pièges à capturer vivant : PVIV,Milieux humides (Bas marais),Ruisseau (avec végétation),NA,Sattelpass,OW,48,19180,64,169,-0.255353949881029
Sorex araneus (Musaraigne carrelet),NA,649789,189440,1397,2022,Pièges à capturer vivant : PVIV,Milieux humides (Bas marais),Ruisseau (avec végétation),NA,Sattelpass,OW,48,19180,64,169,-0.255353949881029
Clethrionomys glareolus (Campagnol roussâtre),NA,649969,189720,1420,2022,Pièges à capturer vivant : PVIV,Milieux humides (Hauts marais),Lisières forestières (conifères),NA,Sattelpass,OW,47,19332,64,167,-0.191959212370304
Clethrionomys glareolus (Campagnol roussâtre),NA,649969,189720,1420,2022,Pièges à capturer vivant : PVIV,Milieux humides (Hauts marais),Lisières forestières (conifères),NA,Sattelpass,OW,47,19332,64,167,-0.191959212370304
Microtus lavernedii (Campagnol de Lavernède),NA,649969,189720,1420,2022,Pièges à capturer vivant : PVIV,Milieux humides (Hauts marais),Lisières forestières (conifères),NA,Sattelpass,OW,47,19332,64,167,-0.191959212370304
Microtus lavernedii (Campagnol de Lavernède),NA,649969,189720,1420,2022,Pièges à capturer vivant : PVIV,Milieux humides (Hauts marais),Lisières forestières (conifères),NA,Sattelpass,OW,47,19332,64,167,-0.191959212370304
Microtus lavernedii (Campagnol de Lavernède),NA,649969,189720,1420,2022,Pièges à capturer vivant : PVIV,Milieux humides (Hauts marais),Lisières forestières (conifères),NA,Sattelpass,OW,47,19332,64,167,-0.191959212370304
Microtus lavernedii (Campagnol de Lavernède),NA,649969,189720,1420,2022,Pièges à capturer vivant : PVIV,Milieux humides (Hauts marais),Lisières forestières (conifères),NA,Sattelpass,OW,47,19332,64,167,-0.191959212370304
Apodemus flavicollis (Mulot à collier),NA,650157,189796,1400,2022,Pièges à capturer vivant : PVIV,Milieux humides (prairies humides),Ruisseau (sans végétation),Lisières forestières (conifères),Sattelpass,OW,46,19349,64,167,-0.191376084282313
Apodemus flavicollis (Mulot à collier),NA,650157,189796,1400,2022,Pièges à capturer vivant : PVIV,Milieux humides (prairies humides),Ruisseau (sans végétation),Lisières forestières (conifères),Sattelpass,OW,46,19349,64,167,-0.191376084282313
Sorex araneus (Musaraigne carrelet),NA,650157,189796,1400,2022,Pièges à capturer vivant : PVIV,Milieux humides (prairies humides),Ruisseau (sans végétation),Lisières forestières (conifères),Sattelpass,OW,46,19349,64,167,-0.191376084282313
Sorex araneus (Musaraigne carrelet),NA,650157,189796,1400,2022,Pièges à capturer vivant : PVIV,Milieux humides (prairies humides),Ruisseau (sans végétation),Lisières forestières (conifères),Sattelpass,OW,46,19349,64,167,-0.191376084282313
Microtus arvalis (Campagnol des champs),NA,650424,189574,1387,2022,Pièges à capturer vivant : PVIV,Milieux humides (Bas marais),NA,Structures linéaires arborées dans les paysages agricoles,Sattelpass,OW,47,19205,64,167,-0.211467132528521
Microtus arvalis (Campagnol des champs),NA,650424,189574,1387,2022,Pièges à capturer vivant : PVIV,Milieux humides (Bas marais),NA,Structures linéaires arborées dans les paysages agricoles,Sattelpass,OW,47,19205,64,167,-0.211467132528521
Microtus arvalis (Campagnol des champs),NA,650424,189574,1387,2022,Pièges à capturer vivant : PVIV,Milieux humides (Bas marais),NA,Structures linéaires arborées dans les paysages agricoles,Sattelpass,OW,47,19205,64,167,-0.211467132528521
Microtus arvalis (Campagnol des champs),NA,650424,189574,1387,2022,Pièges à capturer vivant : PVIV,Milieux humides (Bas marais),NA,Structures linéaires arborées dans les paysages agricoles,Sattelpass,OW,47,19205,64,167,-0.211467132528521
Sorex araneus (Musaraigne carrelet),NA,650424,189574,1387,2022,Pièges à capturer vivant : PVIV,Milieux humides (Bas marais),NA,Structures linéaires arborées dans les paysages agricoles,Sattelpass,OW,47,19205,64,167,-0.211467132528521
Sorex araneus (Musaraigne carrelet),NA,650424,189574,1387,2022,Pièges à capturer vivant : PVIV,Milieux humides (Bas marais),NA,Structures linéaires arborées dans les paysages agricoles,Sattelpass,OW,47,19205,64,167,-0.211467132528521
Apodemus flavicollis (Mulot à collier),1,650512,192901,1600,2022,Pièges à capturer vivant : PVIV,Prairies,Milieux anthopiques batis,Lisières forestières (conifères),Sarnen,OW,41,20312,59,156,0.238907819297275
Apodemus flavicollis (Mulot à collier),1,650512,192901,1600,2022,Pièges à capturer vivant : PVIV,Prairies,Milieux anthopiques batis,Lisières forestières (conifères),Sarnen,OW,41,20312,59,156,0.238907819297275
Apodemus flavicollis (Mulot à collier),1,650512,192901,1600,2022,Pièges à capturer vivant : PVIV,Prairies,Milieux anthopiques batis,Lisières forestières (conifères),Sarnen,OW,41,20312,59,156,0.238907819297275
Apodemus flavicollis (Mulot à collier),1,650512,192901,1600,2022,Pièges à capturer vivant : PVIV,Prairies,Milieux anthopiques batis,Lisières forestières (conifères),Sarnen,OW,41,20312,59,156,0.238907819297275
Apodemus sylvaticus (Mulot sylvestre),1,650512,192901,1600,2022,Pièges à capturer vivant : PVIV,Prairies,Milieux anthopiques batis,Lisières forestières (conifères),Sarnen,OW,41,20312,59,156,0.238907819297275
Chionomys nivalis (Campagnol des neiges),1,650512,192901,1600,2022,Pièges à capturer vivant : PVIV,Prairies,Milieux anthopiques batis,Lisières forestières (conifères),Sarnen,OW,41,20312,59,156,0.238907819297275
Chionomys nivalis (Campagnol des neiges),1,650512,192901,1600,2022,Pièges à capturer vivant : PVIV,Prairies,Milieux anthopiques batis,Lisières forestières (conifères),Sarnen,OW,41,20312,59,156,0.238907819297275
Chionomys nivalis (Campagnol des neiges),1,650512,192901,1600,2022,Pièges à capturer vivant : PVIV,Prairies,Milieux anthopiques batis,Lisières forestières (conifères),Sarnen,OW,41,20312,59,156,0.238907819297275
Sorex araneus (Musaraigne carrelet),1,650512,192901,1600,2022,Pièges à capturer vivant : PVIV,Prairies,Lisières forestières (conifères),Milieux anthopiques batis,Sarnen,OW,41,20312,59,156,0.238907819297275
Apodemus flavicollis (Mulot à collier),1,650940,193803,1541,2022,Pièges à capturer vivant : PVIV,Milieux humides (prairies humides),Lisières forestières (conifères),NA,Sarnen,OW,43,20159,60,160,0.0882524120539694
Apodemus flavicollis (Mulot à collier),1,650940,193803,1541,2022,Pièges à capturer vivant : PVIV,Milieux humides (prairies humides),Lisières forestières (conifères),NA,Sarnen,OW,43,20159,60,160,0.0882524120539694
Apodemus sylvaticus (Mulot sylvestre),1,650940,193803,1541,2022,Pièges à capturer vivant : PVIV,Milieux humides (prairies humides),Lisières forestières (conifères),NA,Sarnen,OW,43,20159,60,160,0.0882524120539694
Clethrionomys glareolus (Campagnol roussâtre),1,650940,193803,1541,2022,Pièges à capturer vivant : PVIV,Milieux humides (prairies humides),Lisières forestières (conifères),NA,Sarnen,OW,43,20159,60,160,0.0882524120539694
Sorex araneus (Musaraigne carrelet),1,650940,193803,1541,2022,Pièges à capturer vivant : PVIV,Milieux humides (prairies humides),Lisières forestières (conifères),NA,Sarnen,OW,43,20159,60,160,0.0882524120539694
Sorex araneus (Musaraigne carrelet),1,650940,193803,1541,2022,Pièges à capturer vivant : PVIV,Milieux humides (prairies humides),Lisières forestières (conifères),NA,Sarnen,OW,43,20159,60,160,0.0882524120539694
Microtus lavernedii (Campagnol de Lavernède),NA,651120,188781,1283,2022,Pièges à capturer vivant : PVIV,Prairies,Structures linéaires arborées dans les paysages agricoles,NA,Sattelpass,OW,53,18119,69,178,-0.570977413195688
Microtus lavernedii (Campagnol de Lavernède),NA,651120,188781,1283,2022,Pièges à capturer vivant : PVIV,Prairies,Structures linéaires arborées dans les paysages agricoles,NA,Sattelpass,OW,53,18119,69,178,-0.570977413195688
Microtus lavernedii (Campagnol de Lavernède),NA,651120,188781,1283,2022,Pièges à capturer vivant : PVIV,Prairies,Structures linéaires arborées dans les paysages agricoles,NA,Sattelpass,OW,53,18119,69,178,-0.570977413195688
Microtus lavernedii (Campagnol de Lavernède),NA,651120,188781,1283,2022,Pièges à capturer vivant : PVIV,Prairies,Structures linéaires arborées dans les paysages agricoles,NA,Sattelpass,OW,53,18119,69,178,-0.570977413195688
Microtus lavernedii (Campagnol de Lavernède),NA,651120,188781,1283,2022,Pièges à capturer vivant : PVIV,Prairies,Structures linéaires arborées dans les paysages agricoles,NA,Sattelpass,OW,53,18119,69,178,-0.570977413195688
Sorex araneus (Musaraigne carrelet),NA,651120,188781,1283,2022,Pièges à capturer vivant : PVIV,Prairies,Structures linéaires arborées dans les paysages agricoles,NA,Sattelpass,OW,53,18119,69,178,-0.570977413195688
Sorex araneus (Musaraigne carrelet),NA,651120,188781,1283,2022,Pièges à capturer vivant : PVIV,Prairies,Structures linéaires arborées dans les paysages agricoles,NA,Sattelpass,OW,53,18119,69,178,-0.570977413195688
Apodemus sylvaticus (Mulot sylvestre),1,651418,193263,1465,2022,Pièges à capturer vivant : PVIV,Prairies,Lisières forestières (conifères),NA,Sarnen,OW,44,20054,61,162,-0.0297513320027923
Apodemus sylvaticus (Mulot sylvestre),1,651418,193263,1465,2022,Pièges à capturer vivant : PVIV,Prairies,Lisières forestières (conifères),NA,Sarnen,OW,44,20054,61,162,-0.0297513320027923
Clethrionomys glareolus (Campagnol roussâtre),1,651418,193263,1465,2022,Pièges à capturer vivant : PVIV,Prairies,Lisières forestières (conifères),NA,Sarnen,OW,44,20054,61,162,-0.0297513320027923
Clethrionomys glareolus (Campagnol roussâtre),1,651418,193263,1465,2022,Pièges à capturer vivant : PVIV,Prairies,Lisières forestières (conifères),NA,Sarnen,OW,44,20054,61,162,-0.0297513320027923
Clethrionomys glareolus (Campagnol roussâtre),NA,651616,189051,1199,2022,Pièges à capturer vivant : PVIV,Milieux forestiers (conifères),NA,NA,Sattelpass,OW,54,17884,71,181,-0.711800139273528
Clethrionomys glareolus (Campagnol roussâtre),NA,651616,189051,1199,2022,Pièges à capturer vivant : PVIV,Milieux forestiers (conifères),NA,NA,Sattelpass,OW,54,17884,71,181,-0.711800139273528
Clethrionomys glareolus (Campagnol roussâtre),NA,651616,189051,1199,2022,Pièges à capturer vivant : PVIV,Milieux forestiers (conifères),NA,NA,Sattelpass,OW,54,17884,71,181,-0.711800139273528
Microtus lavernedii (Campagnol de Lavernède),NA,651616,189051,1199,2022,Pièges à capturer vivant : PVIV,Milieux forestiers (conifères),NA,NA,Sattelpass,OW,54,17884,71,181,-0.711800139273528
Sorex araneus (Musaraigne carrelet),NA,651616,189051,1199,2022,Pièges à capturer vivant : PVIV,Milieux forestiers (conifères),NA,NA,Sattelpass,OW,54,17884,71,181,-0.711800139273528
Apodemus sylvaticus (Mulot sylvestre),1,652284,193825,1454,2022,Pièges à capturer vivant : PVIV,Milieux humides (Hauts marais),Lisières forestières (conifères),NA,Sarnen,OW,47,19927,62,166,-0.16142789248367
Clethrionomys glareolus (Campagnol roussâtre),1,652284,193825,1454,2022,Pièges à capturer vivant : PVIV,Milieux humides (Hauts marais),Lisières forestières (conifères),NA,Sarnen,OW,47,19927,62,166,-0.16142789248367
Sorex araneus (Musaraigne carrelet),1,652284,193825,1454,2022,Pièges à capturer vivant : PVIV,Milieux humides (Hauts marais),Lisières forestières (conifères),NA,Sarnen,OW,47,19927,62,166,-0.16142789248367
Sorex araneus (Musaraigne carrelet),1,652284,193825,1454,2022,Pièges à capturer vivant : PVIV,Milieux humides (Hauts marais),Lisières forestières (conifères),NA,Sarnen,OW,47,19927,62,166,-0.16142789248367
Sorex araneus (Musaraigne carrelet),1,652284,193825,1454,2022,Pièges à capturer vivant : PVIV,Milieux humides (Hauts marais),Lisières forestières (conifères),NA,Sarnen,OW,47,19927,62,166,-0.16142789248367
Sorex araneus (Musaraigne carrelet),1,652284,193825,1454,2022,Pièges à capturer vivant : PVIV,Milieux humides (Hauts marais),Lisières forestières (conifères),NA,Sarnen,OW,47,19927,62,166,-0.16142789248367
Microtus lavernedii (Campagnol de Lavernède),1,652540,194365,1439,2022,Pièges à capturer vivant : PVIV,Milieux humides (Bas marais),Ruisseau (sans végétation),NA,Sarnen,OW,48,19943,62,168,-0.227352359374378
Microtus lavernedii (Campagnol de Lavernède),1,652540,194365,1439,2022,Pièges à capturer vivant : PVIV,Milieux humides (Bas marais),Ruisseau (sans végétation),NA,Sarnen,OW,48,19943,62,168,-0.227352359374378
Apodemus flavicollis (Mulot à collier),NA,652598,189754,1123,2022,Pièges à capturer vivant : PVIV,Milieux forestiers (conifères),Ruisseau (sans végétation),Lisières forestières (conifères),Sattelpass,OW,56,17322,73,185,-0.876345014132722
Clethrionomys glareolus (Campagnol roussâtre),NA,652598,189754,1123,2022,Pièges à capturer vivant : PVIV,Milieux forestiers (conifères),Ruisseau (sans végétation),Lisières forestières (conifères),Sattelpass,OW,56,17322,73,185,-0.876345014132722
Sorex araneus (Musaraigne carrelet),NA,652598,189754,1123,2022,Pièges à capturer vivant : PVIV,Milieux forestiers (conifères),Ruisseau (sans végétation),Lisières forestières (conifères),Sattelpass,OW,56,17322,73,185,-0.876345014132722
Apodemus sylvaticus (Mulot sylvestre),NA,652598,189754,1123,2022,Pièges à capturer vivant : PVIV,Milieux forestiers (conifères),Ruisseau (sans végétation),NA,Sattelpass,OW,56,17322,73,185,-0.876345014132722
Apodemus sylvaticus (Mulot sylvestre),NA,652692,189753,1112,2022,Pièges à capturer vivant : PVIV,Milieux forestiers (conifères),Lisières forestières (conifères),Milieux anthopiques batis,Sattelpass,OW,56,17193,72,186,-0.889447849235086
Clethrionomys glareolus (Campagnol roussâtre),NA,652692,189753,1112,2022,Pièges à capturer vivant : PVIV,Milieux forestiers (conifères),Lisières forestières (conifères),Milieux anthopiques batis,Sattelpass,OW,56,17193,72,186,-0.889447849235086
Clethrionomys glareolus (Campagnol roussâtre),NA,652692,189753,1112,2022,Pièges à capturer vivant : PVIV,Milieux forestiers (conifères),Lisières forestières (conifères),Milieux anthopiques batis,Sattelpass,OW,56,17193,72,186,-0.889447849235086
Sorex araneus (Musaraigne carrelet),NA,652692,189753,1112,2022,Pièges à capturer vivant : PVIV,Milieux forestiers (conifères),Lisières forestières (conifères),Milieux anthopiques batis,Sattelpass,OW,56,17193,72,186,-0.889447849235086
Apodemus sylvaticus (Mulot sylvestre),1,652807,195161,1458,2022,Pièges à capturer vivant : PVIV,Milieux humides (prairies humides),Lisières forestières (conifères),NA,Sarnen,OW,49,19879,62,169,-0.24077796741555
Apodemus sylvaticus (Mulot sylvestre),1,652807,195161,1458,2022,Pièges à capturer vivant : PVIV,Milieux humides (prairies humides),Lisières forestières (conifères),NA,Sarnen,OW,49,19879,62,169,-0.24077796741555
Clethrionomys glareolus (Campagnol roussâtre),1,652807,195161,1458,2022,Pièges à capturer vivant : PVIV,Milieux humides (prairies humides),Lisières forestières (conifères),NA,Sarnen,OW,49,19879,62,169,-0.24077796741555
Clethrionomys glareolus (Campagnol roussâtre),1,652807,195161,1458,2022,Pièges à capturer vivant : PVIV,Milieux humides (prairies humides),Lisières forestières (conifères),NA,Sarnen,OW,49,19879,62,169,-0.24077796741555
Clethrionomys glareolus (Campagnol roussâtre),1,652807,195161,1458,2022,Pièges à capturer vivant : PVIV,Milieux humides (prairies humides),Lisières forestières (conifères),NA,Sarnen,OW,49,19879,62,169,-0.24077796741555
Clethrionomys glareolus (Campagnol roussâtre),1,652807,195161,1458,2022,Pièges à capturer vivant : PVIV,Milieux humides (prairies humides),Lisières forestières (conifères),NA,Sarnen,OW,49,19879,62,169,-0.24077796741555
Clethrionomys glareolus (Campagnol roussâtre),1,652807,195161,1458,2022,Pièges à capturer vivant : PVIV,Milieux humides (prairies humides),Lisières forestières (conifères),NA,Sarnen,OW,49,19879,62,169,-0.24077796741555
Sorex araneus (Musaraigne carrelet),1,652807,195161,1458,2022,Pièges à capturer vivant : PVIV,Milieux humides (prairies humides),Lisières forestières (conifères),NA,Sarnen,OW,49,19879,62,169,-0.24077796741555
Sorex araneus (Musaraigne carrelet),1,652807,195161,1458,2022,Pièges à capturer vivant : PVIV,Milieux humides (prairies humides),Lisières forestières (conifères),NA,Sarnen,OW,49,19879,62,169,-0.24077796741555
Clethrionomys glareolus (Campagnol roussâtre),1,653111,193473,1406,2022,Pièges à capturer vivant : PVIV,Prairies,Lisières forestières (conifères),NA,Sarnen,OW,48,19796,62,168,-0.258392395983856
Clethrionomys glareolus (Campagnol roussâtre),1,653111,193473,1406,2022,Pièges à capturer vivant : PVIV,Prairies,Lisières forestières (conifères),NA,Sarnen,OW,48,19796,62,168,-0.258392395983856
Clethrionomys glareolus (Campagnol roussâtre),1,653111,193473,1406,2022,Pièges à capturer vivant : PVIV,Prairies,Lisières forestières (conifères),NA,Sarnen,OW,48,19796,62,168,-0.258392395983856
Microtus lavernedii (Campagnol de Lavernède),1,653111,193473,1406,2022,Pièges à capturer vivant : PVIV,Prairies,Lisières forestières (conifères),NA,Sarnen,OW,48,19796,62,168,-0.258392395983856
Apodemus sylvaticus (Mulot sylvestre),NA,653213,189569,1075,2022,Pièges à capturer vivant : PVIV,Milieux forestiers (mixtes),NA,NA,Sattelpass,OW,59,16341,74,190,-1.00915797357566
Clethrionomys glareolus (Campagnol roussâtre),NA,653213,189569,1075,2022,Pièges à capturer vivant : PVIV,Milieux forestiers (mixtes),NA,NA,Sattelpass,OW,59,16341,74,190,-1.00915797357566
Clethrionomys glareolus (Campagnol roussâtre),NA,653213,189569,1075,2022,Pièges à capturer vivant : PVIV,Milieux forestiers (mixtes),NA,NA,Sattelpass,OW,59,16341,74,190,-1.00915797357566
Clethrionomys glareolus (Campagnol roussâtre),NA,653213,189569,1075,2022,Pièges à capturer vivant : PVIV,Milieux forestiers (mixtes),NA,NA,Sattelpass,OW,59,16341,74,190,-1.00915797357566
Clethrionomys glareolus (Campagnol roussâtre),NA,653239,189716,1074,2022,Pièges à capturer vivant : PVIV,Milieux forestiers (mixtes),Ruisseau (avec végétation),NA,Sattelpass,OW,59,16455,74,190,-1.0253912336259
Clethrionomys glareolus (Campagnol roussâtre),NA,653239,189716,1074,2022,Pièges à capturer vivant : PVIV,Milieux forestiers (mixtes),Ruisseau (avec végétation),NA,Sattelpass,OW,59,16455,74,190,-1.0253912336259
Clethrionomys glareolus (Campagnol roussâtre),NA,653239,189716,1074,2022,Pièges à capturer vivant : PVIV,Milieux forestiers (mixtes),Ruisseau (avec végétation),NA,Sattelpass,OW,59,16455,74,190,-1.0253912336259
Clethrionomys glareolus (Campagnol roussâtre),NA,653239,189716,1074,2022,Pièges à capturer vivant : PVIV,Milieux forestiers (mixtes),Ruisseau (avec végétation),NA,Sattelpass,OW,59,16455,74,190,-1.0253912336259
Clethrionomys glareolus (Campagnol roussâtre),1,653328,192976,1351,2022,Pièges à capturer vivant : PVIV,Prairies,Lisières forestières (mixtes),NA,Sarnen,OW,49,19298,63,170,-0.342797045813095
Apodemus sylvaticus (Mulot sylvestre),NA,653436,190081,1100,2022,Pièges à capturer vivant : PVIV,Prairies,Milieux anthopiques batis,Structures linéaires arborées dans les paysages agricoles,Sattelpass,OW,57,16515,72,185,-0.876837059104464
Apodemus sylvaticus (Mulot sylvestre),NA,653436,190081,1100,2022,Pièges à capturer vivant : PVIV,Prairies,Milieux anthopiques batis,Structures linéaires arborées dans les paysages agricoles,Sattelpass,OW,57,16515,72,185,-0.876837059104464
Apodemus sylvaticus (Mulot sylvestre),NA,653436,190081,1100,2022,Pièges à capturer vivant : PVIV,Prairies,Milieux anthopiques batis,Structures linéaires arborées dans les paysages agricoles,Sattelpass,OW,57,16515,72,185,-0.876837059104464
Microtus arvalis (Campagnol des champs),NA,653436,190081,1100,2022,Pièges à capturer vivant : PVIV,Prairies,Milieux anthopiques batis,Structures linéaires arborées dans les paysages agricoles,Sattelpass,OW,57,16515,72,185,-0.876837059104464
Sorex araneus (Musaraigne carrelet),NA,653436,190081,1100,2022,Pièges à capturer vivant : PVIV,Prairies,Milieux anthopiques batis,Structures linéaires arborées dans les paysages agricoles,Sattelpass,OW,57,16515,72,185,-0.876837059104464
Apodemus sylvaticus (Mulot sylvestre),1,654042,196321,1373,2022,Pièges à capturer vivant : PVIV,Prairies,Torrent (avec végétation),Lisières forestières (conifères),Sarnen,OW,51,19490,63,172,-0.393050214248717
Microtus lavernedii (Campagnol de Lavernède),1,656265,198417,1497,2022,Pièges à capturer vivant : PVIV,Milieux humides (prairies humides),Broussailles / formations arbustives,NA,Alpnach Dorf,OW,51,19500,63,171,-0.252863208561328
Microtus lavernedii (Campagnol de Lavernède),1,656265,198417,1497,2022,Pièges à capturer vivant : PVIV,Milieux humides (prairies humides),Broussailles / formations arbustives,NA,Alpnach Dorf,OW,51,19500,63,171,-0.252863208561328
Microtus lavernedii (Campagnol de Lavernède),1,656265,198417,1497,2022,Pièges à capturer vivant : PVIV,Milieux humides (prairies humides),Broussailles / formations arbustives,NA,Alpnach Dorf,OW,51,19500,63,171,-0.252863208561328
Microtus lavernedii (Campagnol de Lavernède),1,656265,198417,1497,2022,Pièges à capturer vivant : PVIV,Milieux humides (prairies humides),Broussailles / formations arbustives,NA,Alpnach Dorf,OW,51,19500,63,171,-0.252863208561328
Microtus lavernedii (Campagnol de Lavernède),1,656265,198417,1497,2022,Pièges à capturer vivant : PVIV,Milieux humides (prairies humides),Broussailles / formations arbustives,NA,Alpnach Dorf,OW,51,19500,63,171,-0.252863208561328
Microtus lavernedii (Campagnol de Lavernède),1,656265,198417,1497,2022,Pièges à capturer vivant : PVIV,Milieux humides (prairies humides),Broussailles / formations arbustives,NA,Alpnach Dorf,OW,51,19500,63,171,-0.252863208561328
Microtus lavernedii (Campagnol de Lavernède),1,656265,198417,1497,2022,Pièges à capturer vivant : PVIV,Milieux humides (prairies humides),Broussailles / formations arbustives,NA,Alpnach Dorf,OW,51,19500,63,171,-0.252863208561328
Microtus lavernedii (Campagnol de Lavernède),1,656265,198417,1497,2022,Pièges à capturer vivant : PVIV,Milieux humides (prairies humides),Broussailles / formations arbustives,NA,Alpnach Dorf,OW,51,19500,63,171,-0.252863208561328
Microtus lavernedii (Campagnol de Lavernède),1,656265,198417,1497,2022,Pièges à capturer vivant : PVIV,Milieux humides (prairies humides),Broussailles / formations arbustives,NA,Alpnach Dorf,OW,51,19500,63,171,-0.252863208561328
Microtus lavernedii (Campagnol de Lavernède),1,656265,198417,1497,2022,Pièges à capturer vivant : PVIV,Milieux humides (prairies humides),Broussailles / formations arbustives,NA,Alpnach Dorf,OW,51,19500,63,171,-0.252863208561328
Microtus lavernedii (Campagnol de Lavernède),1,656265,198417,1497,2022,Pièges à capturer vivant : PVIV,Milieux humides (prairies humides),Broussailles / formations arbustives,NA,Alpnach Dorf,OW,51,19500,63,171,-0.252863208561328
Apodemus flavicollis (Mulot à collier),1,656300,198365,1484,2022,Pièges à capturer vivant : PVIV,Milieux humides (prairies humides),Broussailles / formations arbustives,NA,Alpnach Dorf,OW,51,19472,63,171,-0.259933650558931
Clethrionomys glareolus (Campagnol roussâtre),1,656300,198365,1484,2022,Pièges à capturer vivant : PVIV,Milieux humides (prairies humides),Broussailles / formations arbustives,NA,Alpnach Dorf,OW,51,19472,63,171,-0.259933650558931
Clethrionomys glareolus (Campagnol roussâtre),1,656300,198365,1484,2022,Pièges à capturer vivant : PVIV,Milieux humides (prairies humides),Broussailles / formations arbustives,NA,Alpnach Dorf,OW,51,19472,63,171,-0.259933650558931
Clethrionomys glareolus (Campagnol roussâtre),1,656300,198365,1484,2022,Pièges à capturer vivant : PVIV,Milieux humides (prairies humides),Broussailles / formations arbustives,NA,Alpnach Dorf,OW,51,19472,63,171,-0.259933650558931
Clethrionomys glareolus (Campagnol roussâtre),1,656300,198365,1484,2022,Pièges à capturer vivant : PVIV,Milieux humides (prairies humides),Broussailles / formations arbustives,NA,Alpnach Dorf,OW,51,19472,63,171,-0.259933650558931
Microtus lavernedii (Campagnol de Lavernède),1,656300,198365,1484,2022,Pièges à capturer vivant : PVIV,Milieux humides (prairies humides),Broussailles / formations arbustives,NA,Alpnach Dorf,OW,51,19472,63,171,-0.259933650558931
Microtus lavernedii (Campagnol de Lavernède),1,656300,198365,1484,2022,Pièges à capturer vivant : PVIV,Milieux humides (prairies humides),Broussailles / formations arbustives,NA,Alpnach Dorf,OW,51,19472,63,171,-0.259933650558931
Sorex araneus (Musaraigne carrelet),1,656300,198365,1484,2022,Pièges à capturer vivant : PVIV,Milieux humides (prairies humides),Broussailles / formations arbustives,NA,Alpnach Dorf,OW,51,19472,63,171,-0.259933650558931
Sorex araneus (Musaraigne carrelet),1,656300,198365,1484,2022,Pièges à capturer vivant : PVIV,Milieux humides (prairies humides),Broussailles / formations arbustives,NA,Alpnach Dorf,OW,51,19472,63,171,-0.259933650558931
Sorex araneus (Musaraigne carrelet),1,656300,198365,1484,2022,Pièges à capturer vivant : PVIV,Milieux humides (prairies humides),Broussailles / formations arbustives,NA,Alpnach Dorf,OW,51,19472,63,171,-0.259933650558931
Microtus lavernedii (Campagnol de Lavernède),1,656650,198210,1381,2022,Pièges à capturer vivant : PVIV,Milieux humides (prairies humides),Lisières forestières (conifères),NA,Alpnach Dorf,OW,51,19228,64,173,-0.396729407594742
Apodemus flavicollis (Mulot à collier),1,656750,198320,1369,2022,Pièges à capturer vivant : PVIV,Milieux forestiers ouverts / perturbés (conifères),NA,NA,Alpnach Dorf,OW,52,19218,64,173,-0.425100826786393
Clethrionomys glareolus (Campagnol roussâtre),1,656750,198320,1369,2022,Pièges à capturer vivant : PVIV,Milieux forestiers ouverts / perturbés (conifères),NA,NA,Alpnach Dorf,OW,52,19218,64,173,-0.425100826786393
Clethrionomys glareolus (Campagnol roussâtre),1,656750,198320,1369,2022,Pièges à capturer vivant : PVIV,Milieux forestiers ouverts / perturbés (conifères),NA,NA,Alpnach Dorf,OW,52,19218,64,173,-0.425100826786393
Clethrionomys glareolus (Campagnol roussâtre),1,656750,198320,1369,2022,Pièges à capturer vivant : PVIV,Milieux forestiers ouverts / perturbés (conifères),NA,NA,Alpnach Dorf,OW,52,19218,64,173,-0.425100826786393
Clethrionomys glareolus (Campagnol roussâtre),1,656750,198320,1369,2022,Pièges à capturer vivant : PVIV,Milieux forestiers ouverts / perturbés (conifères),NA,NA,Alpnach Dorf,OW,52,19218,64,173,-0.425100826786393
Clethrionomys glareolus (Campagnol roussâtre),1,656750,198320,1369,2022,Pièges à capturer vivant : PVIV,Milieux forestiers ouverts / perturbés (conifères),NA,NA,Alpnach Dorf,OW,52,19218,64,173,-0.425100826786393
Clethrionomys glareolus (Campagnol roussâtre),1,656750,198320,1369,2022,Pièges à capturer vivant : PVIV,Milieux forestiers ouverts / perturbés (conifères),NA,NA,Alpnach Dorf,OW,52,19218,64,173,-0.425100826786393
Sorex araneus (Musaraigne carrelet),1,656750,198320,1369,2022,Pièges à capturer vivant : PVIV,Milieux forestiers ouverts / perturbés (conifères),NA,NA,Alpnach Dorf,OW,52,19218,64,173,-0.425100826786393
Microtus lavernedii (Campagnol de Lavernède),1,657227,198301,1325,2022,Pièges à capturer vivant : PVIV,Prairies,Ruisseau (avec végétation),NA,Alpnach Dorf,OW,52,18930,64,174,-0.469852685180964
Microtus lavernedii (Campagnol de Lavernède),1,657227,198301,1325,2022,Pièges à capturer vivant : PVIV,Prairies,Ruisseau (avec végétation),NA,Alpnach Dorf,OW,52,18930,64,174,-0.469852685180964
Microtus lavernedii (Campagnol de Lavernède),1,657227,198301,1325,2022,Pièges à capturer vivant : PVIV,Prairies,Ruisseau (avec végétation),NA,Alpnach Dorf,OW,52,18930,64,174,-0.469852685180964
Microtus lavernedii (Campagnol de Lavernède),1,657227,198301,1325,2022,Pièges à capturer vivant : PVIV,Prairies,Ruisseau (avec végétation),NA,Alpnach Dorf,OW,52,18930,64,174,-0.469852685180964
Sorex araneus (Musaraigne carrelet),1,657227,198301,1325,2022,Pièges à capturer vivant : PVIV,Prairies,Ruisseau (avec végétation),NA,Alpnach Dorf,OW,52,18930,64,174,-0.469852685180964
Sorex araneus (Musaraigne carrelet),1,657227,198301,1325,2022,Pièges à capturer vivant : PVIV,Prairies,Ruisseau (avec végétation),NA,Alpnach Dorf,OW,52,18930,64,174,-0.469852685180964
Sorex araneus (Musaraigne carrelet),1,657227,198301,1325,2022,Pièges à capturer vivant : PVIV,Prairies,Ruisseau (avec végétation),NA,Alpnach Dorf,OW,52,18930,64,174,-0.469852685180964
Sorex araneus (Musaraigne carrelet),1,657227,198301,1325,2022,Pièges à capturer vivant : PVIV,Prairies,Ruisseau (avec végétation),NA,Alpnach Dorf,OW,52,18930,64,174,-0.469852685180964
Sorex araneus (Musaraigne carrelet),1,657227,198301,1325,2022,Pièges à capturer vivant : PVIV,Prairies,Ruisseau (avec végétation),NA,Alpnach Dorf,OW,52,18930,64,174,-0.469852685180964
Sorex araneus (Musaraigne carrelet),1,657227,198301,1325,2022,Pièges à capturer vivant : PVIV,Prairies,Ruisseau (avec végétation),NA,Alpnach Dorf,OW,52,18930,64,174,-0.469852685180964
Sorex araneus (Musaraigne carrelet),1,657227,198301,1325,2022,Pièges à capturer vivant : PVIV,Prairies,Ruisseau (avec végétation),NA,Alpnach Dorf,OW,52,18930,64,174,-0.469852685180964
Microtus lavernedii (Campagnol de Lavernède),1,657391,198297,1344,2022,Pièges à capturer vivant : PVIV,Prairies,Structures linéaires arborées dans les paysages agricoles,NA,Alpnach Dorf,OW,52,18821,64,174,-0.442788286821269
Microtus lavernedii (Campagnol de Lavernède),1,657391,198297,1344,2022,Pièges à capturer vivant : PVIV,Prairies,Structures linéaires arborées dans les paysages agricoles,NA,Alpnach Dorf,OW,52,18821,64,174,-0.442788286821269
Microtus lavernedii (Campagnol de Lavernède),1,657391,198297,1344,2022,Pièges à capturer vivant : PVIV,Prairies,Structures linéaires arborées dans les paysages agricoles,NA,Alpnach Dorf,OW,52,18821,64,174,-0.442788286821269
Microtus lavernedii (Campagnol de Lavernède),1,657391,198297,1344,2022,Pièges à capturer vivant : PVIV,Prairies,Structures linéaires arborées dans les paysages agricoles,NA,Alpnach Dorf,OW,52,18821,64,174,-0.442788286821269
Microtus lavernedii (Campagnol de Lavernède),1,657391,198297,1344,2022,Pièges à capturer vivant : PVIV,Prairies,Structures linéaires arborées dans les paysages agricoles,NA,Alpnach Dorf,OW,52,18821,64,174,-0.442788286821269
Sorex araneus (Musaraigne carrelet),1,657391,198297,1344,2022,Pièges à capturer vivant : PVIV,Prairies,Structures linéaires arborées dans les paysages agricoles,NA,Alpnach Dorf,OW,52,18821,64,174,-0.442788286821269
Sorex araneus (Musaraigne carrelet),1,657391,198297,1344,2022,Pièges à capturer vivant : PVIV,Prairies,Structures linéaires arborées dans les paysages agricoles,NA,Alpnach Dorf,OW,52,18821,64,174,-0.442788286821269
Sorex araneus (Musaraigne carrelet),1,657391,198297,1344,2022,Pièges à capturer vivant : PVIV,Prairies,Structures linéaires arborées dans les paysages agricoles,NA,Alpnach Dorf,OW,52,18821,64,174,-0.442788286821269
Microtus arvalis (Campagnol des champs),1,658388,198345,1243,2022,Pièges à capturer vivant : PVIV,Milieux humides (Bas marais),NA,Ruisseau (sans végétation),Alpnach Dorf,OW,55,18015,67,179,-0.653052212315337
Microtus arvalis (Campagnol des champs),1,658388,198345,1243,2022,Pièges à capturer vivant : PVIV,Milieux humides (Bas marais),NA,Ruisseau (sans végétation),Alpnach Dorf,OW,55,18015,67,179,-0.653052212315337
Microtus arvalis (Campagnol des champs),1,658388,198345,1243,2022,Pièges à capturer vivant : PVIV,Milieux humides (Bas marais),NA,Ruisseau (sans végétation),Alpnach Dorf,OW,55,18015,67,179,-0.653052212315337
Sorex araneus (Musaraigne carrelet),1,658388,198345,1243,2022,Pièges à capturer vivant : PVIV,Milieux humides (Bas marais),NA,Ruisseau (sans végétation),Alpnach Dorf,OW,55,18015,67,179,-0.653052212315337
Sorex araneus (Musaraigne carrelet),1,658388,198345,1243,2022,Pièges à capturer vivant : PVIV,Milieux humides (Bas marais),NA,Ruisseau (sans végétation),Alpnach Dorf,OW,55,18015,67,179,-0.653052212315337
Microtus lavernedii (Campagnol de Lavernède),1,658656,198508,1200,2022,Pièges à capturer vivant : PVIV,Prairies,Ruisseau (sans végétation),NA,Alpnach Dorf,OW,56,17569,68,181,-0.728085915306915
Microtus lavernedii (Campagnol de Lavernède),1,658656,198508,1200,2022,Pièges à capturer vivant : PVIV,Prairies,Ruisseau (sans végétation),NA,Alpnach Dorf,OW,56,17569,68,181,-0.728085915306915
Microtus lavernedii (Campagnol de Lavernède),1,658656,198508,1200,2022,Pièges à capturer vivant : PVIV,Prairies,Ruisseau (sans végétation),NA,Alpnach Dorf,OW,56,17569,68,181,-0.728085915306915
Microtus lavernedii (Campagnol de Lavernède),1,658656,198508,1200,2022,Pièges à capturer vivant : PVIV,Prairies,Ruisseau (sans végétation),NA,Alpnach Dorf,OW,56,17569,68,181,-0.728085915306915
Microtus lavernedii (Campagnol de Lavernède),1,658656,198508,1200,2022,Pièges à capturer vivant : PVIV,Prairies,Ruisseau (sans végétation),NA,Alpnach Dorf,OW,56,17569,68,181,-0.728085915306915
Sorex araneus (Musaraigne carrelet),1,658656,198508,1200,2022,Pièges à capturer vivant : PVIV,Prairies,Ruisseau (sans végétation),NA,Alpnach Dorf,OW,56,17569,68,181,-0.728085915306915
Sorex araneus (Musaraigne carrelet),1,658656,198508,1200,2022,Pièges à capturer vivant : PVIV,Prairies,Ruisseau (sans végétation),NA,Alpnach Dorf,OW,56,17569,68,181,-0.728085915306915
Sorex araneus (Musaraigne carrelet),1,658656,198508,1200,2022,Pièges à capturer vivant : PVIV,Prairies,Ruisseau (sans végétation),NA,Alpnach Dorf,OW,56,17569,68,181,-0.728085915306915
Sorex araneus (Musaraigne carrelet),1,658656,198508,1200,2022,Pièges à capturer vivant : PVIV,Prairies,Ruisseau (sans végétation),NA,Alpnach Dorf,OW,56,17569,68,181,-0.728085915306915
Sorex araneus (Musaraigne carrelet),1,658656,198508,1200,2022,Pièges à capturer vivant : PVIV,Prairies,Ruisseau (sans végétation),NA,Alpnach Dorf,OW,56,17569,68,181,-0.728085915306915
Microtus lavernedii (Campagnol de Lavernède),1,658674,198468,1185,2022,Pièges à capturer vivant : PVIV,Prairies,Ruisseau (sans végétation),NA,Alpnach Dorf,OW,56,17573,68,181,-0.740475759406514
Sorex araneus (Musaraigne carrelet),1,658674,198468,1185,2022,Pièges à capturer vivant : PVIV,Prairies,Ruisseau (sans végétation),NA,Alpnach Dorf,OW,56,17573,68,181,-0.740475759406514
Sorex araneus (Musaraigne carrelet),1,658674,198468,1185,2022,Pièges à capturer vivant : PVIV,Prairies,Ruisseau (sans végétation),NA,Alpnach Dorf,OW,56,17573,68,181,-0.740475759406514
Apodemus flavicollis (Mulot à collier),1,658710,198495,1182,2022,Pièges à capturer vivant : PVIV,Prairies,Ruisseau (avec végétation),Milieux rocheux anthropiques,Alpnach Dorf,OW,56,17500,68,181,-0.73870044232585
Clethrionomys glareolus (Campagnol roussâtre),1,658710,198495,1182,2022,Pièges à capturer vivant : PVIV,Prairies,Ruisseau (avec végétation),Milieux rocheux anthropiques,Alpnach Dorf,OW,56,17500,68,181,-0.73870044232585
Clethrionomys glareolus (Campagnol roussâtre),1,658710,198495,1182,2022,Pièges à capturer vivant : PVIV,Prairies,Ruisseau (avec végétation),Milieux rocheux anthropiques,Alpnach Dorf,OW,56,17500,68,181,-0.73870044232585
Clethrionomys glareolus (Campagnol roussâtre),1,658710,198495,1182,2022,Pièges à capturer vivant : PVIV,Prairies,Ruisseau (avec végétation),Milieux rocheux anthropiques,Alpnach Dorf,OW,56,17500,68,181,-0.73870044232585
Clethrionomys glareolus (Campagnol roussâtre),1,658710,198495,1182,2022,Pièges à capturer vivant : PVIV,Prairies,Ruisseau (avec végétation),Milieux rocheux anthropiques,Alpnach Dorf,OW,56,17500,68,181,-0.73870044232585
Clethrionomys glareolus (Campagnol roussâtre),1,658710,198495,1182,2022,Pièges à capturer vivant : PVIV,Prairies,Ruisseau (avec végétation),Milieux rocheux anthropiques,Alpnach Dorf,OW,56,17500,68,181,-0.73870044232585
Clethrionomys glareolus (Campagnol roussâtre),1,658710,198495,1182,2022,Pièges à capturer vivant : PVIV,Prairies,Ruisseau (avec végétation),Milieux rocheux anthropiques,Alpnach Dorf,OW,56,17500,68,181,-0.73870044232585
Sorex araneus (Musaraigne carrelet),1,658710,198495,1182,2022,Pièges à capturer vivant : PVIV,Prairies,Ruisseau (avec végétation),Milieux rocheux anthropiques,Alpnach Dorf,OW,56,17500,68,181,-0.73870044232585
Sorex araneus (Musaraigne carrelet),1,658710,198495,1182,2022,Pièges à capturer vivant : PVIV,Prairies,Ruisseau (avec végétation),Milieux rocheux anthropiques,Alpnach Dorf,OW,56,17500,68,181,-0.73870044232585
Sorex araneus (Musaraigne carrelet),1,658710,198495,1182,2022,Pièges à capturer vivant : PVIV,Prairies,Ruisseau (avec végétation),Milieux rocheux anthropiques,Alpnach Dorf,OW,56,17500,68,181,-0.73870044232585
Sorex araneus (Musaraigne carrelet),1,658710,198495,1182,2022,Pièges à capturer vivant : PVIV,Prairies,Ruisseau (avec végétation),Milieux rocheux anthropiques,Alpnach Dorf,OW,56,17500,68,181,-0.73870044232585
Sorex araneus (Musaraigne carrelet),1,658710,198495,1182,2022,Pièges à capturer vivant : PVIV,Prairies,Ruisseau (avec végétation),Milieux rocheux anthropiques,Alpnach Dorf,OW,56,17500,68,181,-0.73870044232585
Clethrionomys glareolus (Campagnol roussâtre),1,661212,197911,740,2022,Lebendfalle : PVIV,Prairies,Ruisseau (avec végétation),NA,Alpnach,OW,71,13883,80,209,-1.7848225938672
Clethrionomys glareolus (Campagnol roussâtre),1,661212,197911,740,2022,Lebendfalle : PVIV,Prairies,Ruisseau (avec végétation),NA,Alpnach,OW,71,13883,80,209,-1.7848225938672
Clethrionomys glareolus (Campagnol roussâtre),1,661212,197911,740,2022,Lebendfalle : PVIV,Prairies,Ruisseau (avec végétation),NA,Alpnach,OW,71,13883,80,209,-1.7848225938672
Clethrionomys glareolus (Campagnol roussâtre),NA,661212,197911,740,2022,Lebendfalle : PVIV,Prairies,Ruisseau (avec végétation),NA,Alpnach,OW,71,13883,80,209,-1.7848225938672
Clethrionomys glareolus (Campagnol roussâtre),NA,661212,197911,740,2022,Lebendfalle : PVIV,Prairies,Ruisseau (avec végétation),NA,Alpnach,OW,71,13883,80,209,-1.7848225938672
Clethrionomys glareolus (Campagnol roussâtre),NA,661212,197911,740,2022,Lebendfalle : PVIV,Prairies,Ruisseau (avec végétation),NA,Alpnach,OW,71,13883,80,209,-1.7848225938672
Clethrionomys glareolus (Campagnol roussâtre),NA,661212,197911,740,2022,Lebendfalle : PVIV,Prairies,Ruisseau (avec végétation),NA,Alpnach,OW,71,13883,80,209,-1.7848225938672
Clethrionomys glareolus (Campagnol roussâtre),NA,661212,197911,740,2022,Lebendfalle : PVIV,Prairies,Ruisseau (avec végétation),NA,Alpnach,OW,71,13883,80,209,-1.7848225938672
Clethrionomys glareolus (Campagnol roussâtre),NA,661212,197911,740,2022,Lebendfalle : PVIV,Prairies,Ruisseau (avec végétation),NA,Alpnach,OW,71,13883,80,209,-1.7848225938672
Clethrionomys glareolus (Campagnol roussâtre),NA,661212,197911,740,2022,Lebendfalle : PVIV,Prairies,Ruisseau (avec végétation),NA,Alpnach,OW,71,13883,80,209,-1.7848225938672
Clethrionomys glareolus (Campagnol roussâtre),NA,661212,197911,740,2022,Lebendfalle : PVIV,Prairies,Ruisseau (avec végétation),NA,Alpnach,OW,71,13883,80,209,-1.7848225938672
Clethrionomys glareolus (Campagnol roussâtre),NA,661212,197911,740,2022,Lebendfalle : PVIV,Prairies,Ruisseau (avec végétation),NA,Alpnach,OW,71,13883,80,209,-1.7848225938672
Clethrionomys glareolus (Campagnol roussâtre),NA,661212,197911,740,2022,Lebendfalle : PVIV,Prairies,Ruisseau (avec végétation),NA,Alpnach,OW,71,13883,80,209,-1.7848225938672
Clethrionomys glareolus (Campagnol roussâtre),NA,661212,197911,740,2022,Lebendfalle : PVIV,Prairies,Ruisseau (avec végétation),NA,Alpnach,OW,71,13883,80,209,-1.7848225938672
Clethrionomys glareolus (Campagnol roussâtre),NA,661212,197911,740,2022,Lebendfalle : PVIV,Prairies,Ruisseau (avec végétation),NA,Alpnach,OW,71,13883,80,209,-1.7848225938672
Clethrionomys glareolus (Campagnol roussâtre),NA,661212,197911,740,2022,Lebendfalle : PVIV,Prairies,Ruisseau (avec végétation),NA,Alpnach,OW,71,13883,80,209,-1.7848225938672
Clethrionomys glareolus (Campagnol roussâtre),1,661214,197576,740,2022,Lebendfalle : PVIV,Prairies,Ruisseau (avec végétation),NA,Alpnach,OW,68,13793,80,206,-1.66146013766822
Clethrionomys glareolus (Campagnol roussâtre),NA,661214,197576,740,2022,Lebendfalle : PVIV,Prairies,Ruisseau (avec végétation),NA,Alpnach,OW,68,13793,80,206,-1.66146013766822
Clethrionomys glareolus (Campagnol roussâtre),NA,661214,197576,740,2022,Lebendfalle : PVIV,Prairies,Ruisseau (avec végétation),NA,Alpnach,OW,68,13793,80,206,-1.66146013766822
Clethrionomys glareolus (Campagnol roussâtre),NA,661214,197576,740,2022,Lebendfalle : PVIV,Prairies,Ruisseau (avec végétation),NA,Alpnach,OW,68,13793,80,206,-1.66146013766822
Clethrionomys glareolus (Campagnol roussâtre),NA,661214,197576,740,2022,Lebendfalle : PVIV,Prairies,Ruisseau (avec végétation),NA,Alpnach,OW,68,13793,80,206,-1.66146013766822
Clethrionomys glareolus (Campagnol roussâtre),1,661702,197246,459,2022,Lebendfalle : PVIV,Prairies,Lisières forestières (feuillus),Milieux rocheux anthropiques,Alpnach,OW,79,13182,82,221,-2.20218284900502
Clethrionomys glareolus (Campagnol roussâtre),NA,661702,197246,459,2022,Lebendfalle : PVIV,Prairies,Lisières forestières (feuillus),Milieux rocheux anthropiques,Alpnach,OW,79,13182,82,221,-2.20218284900502
Apodemus flavicollis (Mulot à collier),1,663710,197202,459,2022,Lebendfalle : PVIV,Milieux forestiers (feuillus),Torrent (avec végétation),NA,Alpnach,OW,92,12456,83,238,-2.85172753143924
Apodemus flavicollis (Mulot à collier),1,663710,197202,459,2022,Lebendfalle : PVIV,Milieux forestiers (feuillus),Torrent (avec végétation),NA,Alpnach,OW,92,12456,83,238,-2.85172753143924
Apodemus flavicollis (Mulot à collier),NA,663710,197202,459,2022,Lebendfalle : PVIV,Milieux forestiers (feuillus),Torrent (avec végétation),NA,Alpnach,OW,92,12456,83,238,-2.85172753143924
Apodemus flavicollis (Mulot à collier),NA,663710,197202,459,2022,Lebendfalle : PVIV,Milieux forestiers (feuillus),Torrent (avec végétation),NA,Alpnach,OW,92,12456,83,238,-2.85172753143924
Apodemus flavicollis (Mulot à collier),NA,663710,197202,459,2022,Lebendfalle : PVIV,Milieux forestiers (feuillus),Torrent (avec végétation),NA,Alpnach,OW,92,12456,83,238,-2.85172753143924
Apodemus flavicollis (Mulot à collier),NA,663710,197202,459,2022,Lebendfalle : PVIV,Milieux forestiers (feuillus),Torrent (avec végétation),NA,Alpnach,OW,92,12456,83,238,-2.85172753143924
Apodemus flavicollis (Mulot à collier),1,663710,197202,459,2022,Lebendfalle : PVIV,Milieux forestiers (feuillus),Torrent (avec végétation),NA,Alpnach,OW,92,12456,83,238,-2.85172753143924
Clethrionomys glareolus (Campagnol roussâtre),1,663710,197202,459,2022,Lebendfalle : PVIV,Milieux forestiers (feuillus),Torrent (avec végétation),NA,Alpnach,OW,92,12456,83,238,-2.85172753143924
Clethrionomys glareolus (Campagnol roussâtre),1,663710,197202,459,2022,Lebendfalle : PVIV,Milieux forestiers (feuillus),Torrent (avec végétation),NA,Alpnach,OW,92,12456,83,238,-2.85172753143924
Clethrionomys glareolus (Campagnol roussâtre),NA,663710,197202,459,2022,Lebendfalle : PVIV,Milieux forestiers (feuillus),Torrent (avec végétation),NA,Alpnach,OW,92,12456,83,238,-2.85172753143924
Apodemus flavicollis (Mulot à collier),1,663739,197380,460,2022,Lebendfalle : PVIV,Milieux forestiers (feuillus),Torrent (avec végétation),NA,Alpnach,OW,92,12449,83,238,-2.850994874552
Apodemus flavicollis (Mulot à collier),NA,663739,197380,460,2022,Lebendfalle : PVIV,Milieux forestiers (feuillus),Torrent (avec végétation),NA,Alpnach,OW,92,12449,83,238,-2.850994874552
Clethrionomys glareolus (Campagnol roussâtre),1,663927,198083,449,2022,Lebendfalle : PVIV,Milieux forestiers ouverts / perturbés (feuillus),Ruisseau (avec végétation),Milieux rocheux naturels,Alpnach,OW,92,12584,83,238,-2.86258317182418
Clethrionomys glareolus (Campagnol roussâtre),NA,663927,198083,449,2022,Lebendfalle : PVIV,Milieux forestiers ouverts / perturbés (feuillus),Ruisseau (avec végétation),Milieux rocheux naturels,Alpnach,OW,92,12584,83,238,-2.86258317182418
Microtus lavernedii (Campagnol de Lavernède),1,663927,198083,449,2022,Lebendfalle : PVIV,Milieux forestiers ouverts / perturbés (feuillus),Ruisseau (avec végétation),Milieux rocheux naturels,Alpnach,OW,92,12584,83,238,-2.86258317182418
Apodemus flavicollis (Mulot à collier),NA,663927,198083,451,2022,Lebendfalle : PVIV,Milieux forestiers ouverts / perturbés (feuillus),Milieux rocheux naturels,Ruisseau (sans végétation),Alpnach,OW,92,12584,83,238,-2.86258317182418
Apodemus sylvaticus (Mulot sylvestre),1,663927,198083,451,2022,Lebendfalle : PVIV,Milieux forestiers ouverts / perturbés (feuillus),Milieux rocheux naturels,Ruisseau (sans végétation),Alpnach,OW,92,12584,83,238,-2.86258317182418
Clethrionomys glareolus (Campagnol roussâtre),1,663927,198083,451,2022,Lebendfalle : PVIV,Milieux forestiers ouverts / perturbés (feuillus),Milieux rocheux naturels,Ruisseau (sans végétation),Alpnach,OW,92,12584,83,238,-2.86258317182418
Clethrionomys glareolus (Campagnol roussâtre),1,664150,184340,1015,2022,Pièges à capturer vivant : PVIV,Prairies,Structures linéaires arborées dans les paysages agricoles,Ruisseau (avec végétation),Melchtal,OB,54,16636,70,179,-0.81220783218058
Clethrionomys glareolus (Campagnol roussâtre),1,664150,184340,1015,2022,Pièges à capturer vivant : PVIV,Prairies,Structures linéaires arborées dans les paysages agricoles,Ruisseau (avec végétation),Melchtal,OB,54,16636,70,179,-0.81220783218058
Clethrionomys glareolus (Campagnol roussâtre),1,664150,184340,1015,2022,Pièges à capturer vivant : PVIV,Prairies,Structures linéaires arborées dans les paysages agricoles,Ruisseau (avec végétation),Melchtal,OB,54,16636,70,179,-0.81220783218058
Apodemus sylvaticus (Mulot sylvestre),1,664170,184340,1022,2022,Pièges à capturer vivant : PVIV,Prairies,Structures linéaires arborées dans les paysages agricoles,Ruisseau (avec végétation),Melchtal,OB,54,16636,70,179,-0.815892436750375
Sorex araneus (Musaraigne carrelet),1,664170,184340,1022,2022,Pièges à capturer vivant : PVIV,Prairies,Structures linéaires arborées dans les paysages agricoles,Ruisseau (avec végétation),Melchtal,OB,54,16636,70,179,-0.815892436750375
Apodemus flavicollis (Mulot à collier),1,665065,188175,822,2022,Pièges à capturer vivant : PVIV,Prairies,Milieux anthopiques batis,Lisières forestières (feuillus),Melchtal,OB,63,15253,80,198,-1.42898771703824
Apodemus sylvaticus (Mulot sylvestre),1,665160,188270,820,2022,Pièges à capturer vivant : PVIV,Prairies,Torrent (avec végétation),NA,Melchtal,OB,63,15255,80,199,-1.45432803646893
Clethrionomys glareolus (Campagnol roussâtre),1,665160,188270,820,2022,Pièges à capturer vivant : PVIV,Prairies,Torrent (avec végétation),NA,Melchtal,OB,63,15255,80,199,-1.45432803646893
Microtus lavernedii (Campagnol de Lavernède),1,665160,188270,820,2022,Pièges à capturer vivant : PVIV,Prairies,Torrent (avec végétation),NA,Melchtal,OB,63,15255,80,199,-1.45432803646893
Apodemus flavicollis (Mulot à collier),NA,665208,200358,442,2022,Lebendfalle : PVIV,Prairies,Ruisseau (avec végétation),NA,Alpnach,OW,93,12801,83,239,-2.92767804298045
Apodemus flavicollis (Mulot à collier),NA,665208,200358,442,2022,Lebendfalle : PVIV,Prairies,Ruisseau (avec végétation),NA,Alpnach,OW,93,12801,83,239,-2.92767804298045
Clethrionomys glareolus (Campagnol roussâtre),NA,665278,200371,442,2022,Lebendfalle : PVIV,Milieux humides (Bas marais),NA,Structures linéaires arborées dans les paysages agricoles,Alpnach,OW,92,12760,83,238,-2.89210335857067
Sorex araneus (Musaraigne carrelet),NA,665278,200371,442,2022,Lebendfalle : PVIV,Milieux humides (Bas marais),NA,Structures linéaires arborées dans les paysages agricoles,Alpnach,OW,92,12760,83,238,-2.89210335857067
Apodemus flavicollis (Mulot à collier),NA,665301,200287,442,2022,Lebendfalle : PVIV,Milieux humides (Bas marais),Lisières forestières (feuillus),NA,Alpnach,OW,92,12761,83,238,-2.89172677670922
Apodemus flavicollis (Mulot à collier),NA,665301,200287,442,2022,Lebendfalle : PVIV,Milieux humides (Bas marais),Lisières forestières (feuillus),NA,Alpnach,OW,92,12761,83,238,-2.89172677670922
Apodemus flavicollis (Mulot à collier),NA,665301,200287,442,2022,Lebendfalle : PVIV,Milieux humides (Bas marais),Lisières forestières (feuillus),NA,Alpnach,OW,92,12761,83,238,-2.89172677670922
Clethrionomys glareolus (Campagnol roussâtre),1,665301,200287,442,2022,Lebendfalle : PVIV,Milieux humides (Bas marais),Lisières forestières (feuillus),NA,Alpnach,OW,92,12761,83,238,-2.89172677670922
Clethrionomys glareolus (Campagnol roussâtre),NA,665301,200287,442,2022,Lebendfalle : PVIV,Milieux humides (Bas marais),Lisières forestières (feuillus),NA,Alpnach,OW,92,12761,83,238,-2.89172677670922
Clethrionomys glareolus (Campagnol roussâtre),NA,665301,200287,442,2022,Lebendfalle : PVIV,Milieux humides (Bas marais),Lisières forestières (feuillus),NA,Alpnach,OW,92,12761,83,238,-2.89172677670922
Clethrionomys glareolus (Campagnol roussâtre),NA,665301,200287,442,2022,Lebendfalle : PVIV,Milieux humides (Bas marais),Lisières forestières (feuillus),NA,Alpnach,OW,92,12761,83,238,-2.89172677670922
Clethrionomys glareolus (Campagnol roussâtre),NA,665301,200287,442,2022,Lebendfalle : PVIV,Milieux humides (Bas marais),Lisières forestières (feuillus),NA,Alpnach,OW,92,12761,83,238,-2.89172677670922
Clethrionomys glareolus (Campagnol roussâtre),NA,665301,200287,442,2022,Lebendfalle : PVIV,Milieux humides (Bas marais),Lisières forestières (feuillus),NA,Alpnach,OW,92,12761,83,238,-2.89172677670922
Clethrionomys glareolus (Campagnol roussâtre),NA,665301,200287,442,2022,Lebendfalle : PVIV,Milieux humides (Bas marais),Lisières forestières (feuillus),NA,Alpnach,OW,92,12761,83,238,-2.89172677670922
Apodemus sylvaticus (Mulot sylvestre),1,665310,188385,815,2022,Pièges à capturer vivant : PVIV,Milieux humides (prairies humides),Structures linéaires arborées dans les paysages agricoles,Ruisseau (sans végétation),Melchtal,OB,63,15256,80,199,-1.45521479258092
Apodemus sylvaticus (Mulot sylvestre),1,665310,188385,815,2022,Pièges à capturer vivant : PVIV,Milieux humides (prairies humides),Structures linéaires arborées dans les paysages agricoles,Ruisseau (sans végétation),Melchtal,OB,63,15256,80,199,-1.45521479258092
Microtus arvalis (Campagnol des champs),1,665310,188385,815,2022,Pièges à capturer vivant : PVIV,Milieux humides (prairies humides),Structures linéaires arborées dans les paysages agricoles,Ruisseau (sans végétation),Melchtal,OB,63,15256,80,199,-1.45521479258092
Apodemus sylvaticus (Mulot sylvestre),1,665435,188300,855,2022,Pièges à capturer vivant : PVIV,Milieux humides (Bas marais),NA,Structures linéaires arborées dans les paysages agricoles,Melchtal,OB,63,15259,79,198,-1.40063501288448
Apodemus sylvaticus (Mulot sylvestre),1,665435,188300,855,2022,Pièges à capturer vivant : PVIV,Milieux humides (Bas marais),NA,Structures linéaires arborées dans les paysages agricoles,Melchtal,OB,63,15259,79,198,-1.40063501288448
Apodemus sylvaticus (Mulot sylvestre),1,665435,188300,855,2022,Pièges à capturer vivant : PVIV,Milieux humides (Bas marais),NA,Structures linéaires arborées dans les paysages agricoles,Melchtal,OB,63,15259,79,198,-1.40063501288448
Clethrionomys glareolus (Campagnol roussâtre),1,665555,186985,1140,2022,Pièges à capturer vivant : PVIV,Milieux forestiers (mixtes),NA,NA,Melchtal,OB,56,15585,74,185,-0.777751949816917
Clethrionomys glareolus (Campagnol roussâtre),1,665765,186710,1250,2022,Pièges à capturer vivant : PVIV,Prairies,Lisières forestières (feuillus),NA,Melchtal,OB,54,16115,73,182,-0.593435612085684
Clethrionomys glareolus (Campagnol roussâtre),1,665765,186710,1250,2022,Pièges à capturer vivant : PVIV,Prairies,Lisières forestières (feuillus),NA,Melchtal,OB,54,16115,73,182,-0.593435612085684
Clethrionomys glareolus (Campagnol roussâtre),1,665765,186710,1250,2022,Pièges à capturer vivant : PVIV,Prairies,Lisières forestières (feuillus),NA,Melchtal,OB,54,16115,73,182,-0.593435612085684
Clethrionomys glareolus (Campagnol roussâtre),1,665765,186710,1250,2022,Pièges à capturer vivant : PVIV,Prairies,Lisières forestières (feuillus),NA,Melchtal,OB,54,16115,73,182,-0.593435612085684
Microtus lavernedii (Campagnol de Lavernède),1,665765,186710,1250,2022,Pièges à capturer vivant : PVIV,Prairies,Lisières forestières (feuillus),NA,Melchtal,OB,54,16115,73,182,-0.593435612085684
Microtus lavernedii (Campagnol de Lavernède),1,665765,186710,1250,2022,Pièges à capturer vivant : PVIV,Prairies,Lisières forestières (feuillus),NA,Melchtal,OB,54,16115,73,182,-0.593435612085684
Microtus lavernedii (Campagnol de Lavernède),1,665765,186710,1250,2022,Pièges à capturer vivant : PVIV,Prairies,Lisières forestières (feuillus),NA,Melchtal,OB,54,16115,73,182,-0.593435612085684
Microtus lavernedii (Campagnol de Lavernède),1,665765,186710,1250,2022,Pièges à capturer vivant : PVIV,Prairies,Lisières forestières (feuillus),NA,Melchtal,OB,54,16115,73,182,-0.593435612085684
Clethrionomys glareolus (Campagnol roussâtre),1,665820,186800,1290,2022,Pièges à capturer vivant : PVIV,Prairies,Lisières forestières (feuillus),NA,Melchtal,OB,53,16146,73,181,-0.517271407182955
Microtus lavernedii (Campagnol de Lavernède),1,665820,186800,1290,2022,Pièges à capturer vivant : PVIV,Prairies,Lisières forestières (feuillus),NA,Melchtal,OB,53,16146,73,181,-0.517271407182955
Microtus lavernedii (Campagnol de Lavernède),1,665820,186800,1290,2022,Pièges à capturer vivant : PVIV,Prairies,Lisières forestières (feuillus),NA,Melchtal,OB,53,16146,73,181,-0.517271407182955
Microtus lavernedii (Campagnol de Lavernède),1,665820,186800,1290,2022,Pièges à capturer vivant : PVIV,Prairies,Lisières forestières (feuillus),NA,Melchtal,OB,53,16146,73,181,-0.517271407182955
Sorex araneus (Musaraigne carrelet),1,665820,186800,1290,2022,Pièges à capturer vivant : PVIV,Prairies,Lisières forestières (feuillus),NA,Melchtal,OB,53,16146,73,181,-0.517271407182955
Sorex araneus (Musaraigne carrelet),1,665820,186800,1290,2022,Pièges à capturer vivant : PVIV,Prairies,Lisières forestières (feuillus),NA,Melchtal,OB,53,16146,73,181,-0.517271407182955
Microtus agrestis (Campagnol agreste),1,597218,143628,1595,2023,Pièges à capturer vivant : PVIV,Prairies,Ruisseau (avec végétation),Lisières forestières (conifères),Lenk,BE,41,14914,85,173,0.179455645623262
Clethrionomys glareolus (Campagnol roussâtre),1,685943,152554,1249,2023,Pièges à capturer vivant : PVIV,Prairies,Ruisseau (sans végétation),NA,Fontana,TI,43,16396,71,175,-0.290251377762996
Clethrionomys glareolus (Campagnol roussâtre),1,685943,152554,1249,2023,Pièges à capturer vivant : PVIV,Prairies,Ruisseau (sans végétation),NA,Fontana,TI,43,16396,71,175,-0.290251377762996
Clethrionomys glareolus (Campagnol roussâtre),1,685943,152554,1249,2023,Pièges à capturer vivant : PVIV,Prairies,Ruisseau (sans végétation),NA,Fontana,TI,43,16396,71,175,-0.290251377762996
Clethrionomys glareolus (Campagnol roussâtre),1,685943,152554,1249,2023,Pièges à capturer vivant : PVIV,Prairies,Ruisseau (sans végétation),NA,Fontana,TI,43,16396,71,175,-0.290251377762996
Clethrionomys glareolus (Campagnol roussâtre),1,685943,152554,1249,2023,Pièges à capturer vivant : PVIV,Prairies,Ruisseau (sans végétation),NA,Fontana,TI,43,16396,71,175,-0.290251377762996
Clethrionomys glareolus (Campagnol roussâtre),1,685943,152554,1249,2023,Pièges à capturer vivant : PVIV,Prairies,Ruisseau (sans végétation),NA,Fontana,TI,43,16396,71,175,-0.290251377762996
Clethrionomys glareolus (Campagnol roussâtre),1,685943,152554,1249,2023,Pièges à capturer vivant : PVIV,Prairies,Ruisseau (sans végétation),NA,Fontana,TI,43,16396,71,175,-0.290251377762996
Clethrionomys glareolus (Campagnol roussâtre),1,685943,152554,1249,2023,Pièges à capturer vivant : PVIV,Prairies,Ruisseau (sans végétation),NA,Fontana,TI,43,16396,71,175,-0.290251377762996
Clethrionomys glareolus (Campagnol roussâtre),1,685943,152554,1249,2023,Pièges à capturer vivant : PVIV,Prairies,Ruisseau (sans végétation),NA,Fontana,TI,43,16396,71,175,-0.290251377762996
Neomys fodiens (Musaraigne aquatique),1,687928,154525,1540,2023,Pièges à capturer vivant : PVIV,Prairies,Ruisseau (sans végétation),NA,Ponte sulla Föss,TI,38,17201,71,168,0.178569283224458
Clethrionomys glareolus (Campagnol roussâtre),1,687943,154488,1531,2023,Piège photo : PPHO,Prairies,Ruisseau (avec végétation),Structures linéaires arborées dans les paysages agricoles,Ponte sulla Föss,TI,38,17151,71,169,0.157859372961631
Sorex antinorii (Musaraigne du Valais),1,687943,154488,1531,2023,Piège photo : PPHO,Prairies,Ruisseau (avec végétation),Structures linéaires arborées dans les paysages agricoles,Ponte sulla Föss,TI,38,17151,71,169,0.157859372961631
Clethrionomys glareolus (Campagnol roussâtre),1,690288,153006,1300,2023,NA,Milieux forestiers (mixtes),NA,NA,"Airolo, Nante",TI,55,15221,81,196,-0.758893918581428
Clethrionomys glareolus (Campagnol roussâtre),1,690288,153006,1300,2023,NA,Milieux forestiers (mixtes),NA,NA,"Airolo, Nante",TI,55,15221,81,196,-0.758893918581428
Clethrionomys glareolus (Campagnol roussâtre),1,690288,153006,1300,2023,NA,Milieux forestiers (mixtes),NA,NA,"Airolo, Nante",TI,55,15221,81,196,-0.758893918581428
Clethrionomys glareolus (Campagnol roussâtre),1,690288,153006,1300,2023,NA,Milieux forestiers (mixtes),NA,NA,"Airolo, Nante",TI,55,15221,81,196,-0.758893918581428
Clethrionomys glareolus (Campagnol roussâtre),1,690288,153006,1300,2023,NA,Milieux forestiers (mixtes),NA,NA,"Airolo, Nante",TI,55,15221,81,196,-0.758893918581428
Clethrionomys glareolus (Campagnol roussâtre),1,690288,153006,1300,2023,NA,Milieux forestiers (mixtes),NA,NA,"Airolo, Nante",TI,55,15221,81,196,-0.758893918581428
Clethrionomys glareolus (Campagnol roussâtre),1,690288,153006,1300,2023,NA,Milieux forestiers (mixtes),NA,NA,"Airolo, Nante",TI,55,15221,81,196,-0.758893918581428
Clethrionomys glareolus (Campagnol roussâtre),1,690987,152328,1420,2023,NA,Prairies,Ruisseau (sans végétation),NA,"Airolo, Nante",TI,54,15056,80,194,-0.558865155578104
Microtus arvalis (Campagnol des champs),1,690987,152328,1420,2023,NA,Prairies,Ruisseau (sans végétation),NA,"Airolo, Nante",TI,54,15056,80,194,-0.558865155578104
Microtus arvalis (Campagnol des champs),1,690987,152328,1420,2023,NA,Prairies,Ruisseau (sans végétation),NA,"Airolo, Nante",TI,54,15056,80,194,-0.558865155578104
Sorex antinorii (Musaraigne du Valais),1,690987,152328,1420,2023,NA,Prairies,Ruisseau (sans végétation),NA,"Airolo, Nante",TI,54,15056,80,194,-0.558865155578104
Clethrionomys glareolus (Campagnol roussâtre),1,692770,151667,1460,2023,NA,Prairies,Milieux rocheux naturels,Torrent (avec végétation),"Airolo, Nante",TI,50,15313,78,189,-0.382606563098293
Clethrionomys glareolus (Campagnol roussâtre),1,692770,151667,1460,2023,NA,Prairies,Milieux rocheux naturels,Torrent (avec végétation),"Airolo, Nante",TI,50,15313,78,189,-0.382606563098293
Clethrionomys glareolus (Campagnol roussâtre),1,692770,151667,1460,2023,NA,Prairies,Milieux rocheux naturels,Torrent (avec végétation),"Airolo, Nante",TI,50,15313,78,189,-0.382606563098293
Clethrionomys glareolus (Campagnol roussâtre),1,692770,151667,1460,2023,NA,Prairies,Milieux rocheux naturels,Torrent (avec végétation),"Airolo, Nante",TI,50,15313,78,189,-0.382606563098293
Clethrionomys glareolus (Campagnol roussâtre),1,692770,151667,1460,2023,NA,Prairies,Milieux rocheux naturels,Torrent (avec végétation),"Airolo, Nante",TI,50,15313,78,189,-0.382606563098293
Clethrionomys glareolus (Campagnol roussâtre),1,692770,151667,1460,2023,NA,Prairies,Milieux rocheux naturels,Torrent (avec végétation),"Airolo, Nante",TI,50,15313,78,189,-0.382606563098293
Clethrionomys glareolus (Campagnol roussâtre),1,692770,151667,1460,2023,NA,Prairies,Milieux rocheux naturels,Torrent (avec végétation),"Airolo, Nante",TI,50,15313,78,189,-0.382606563098293
Clethrionomys glareolus (Campagnol roussâtre),1,692770,151667,1460,2023,NA,Prairies,Milieux rocheux naturels,Torrent (avec végétation),"Airolo, Nante",TI,50,15313,78,189,-0.382606563098293
Clethrionomys glareolus (Campagnol roussâtre),1,692770,151667,1460,2023,NA,Prairies,Milieux rocheux naturels,Torrent (avec végétation),"Airolo, Nante",TI,50,15313,78,189,-0.382606563098293
Clethrionomys glareolus (Campagnol roussâtre),1,692770,151667,1460,2023,NA,Prairies,Milieux rocheux naturels,Torrent (avec végétation),"Airolo, Nante",TI,50,15313,78,189,-0.382606563098293
Clethrionomys glareolus (Campagnol roussâtre),1,692770,151667,1460,2023,NA,Prairies,Milieux rocheux naturels,Torrent (avec végétation),"Airolo, Nante",TI,50,15313,78,189,-0.382606563098293
Sorex antinorii (Musaraigne du Valais),1,692770,151667,1460,2023,NA,Prairies,Milieux rocheux naturels,Torrent (avec végétation),"Airolo, Nante",TI,50,15313,78,189,-0.382606563098293
Clethrionomys glareolus (Campagnol roussâtre),1,692805,151634,1470,2023,NA,Prairies,Lisières forestières (conifères),NA,"Airolo, Nante",TI,50,15304,78,189,-0.370520544188975
Clethrionomys glareolus (Campagnol roussâtre),1,692805,151634,1470,2023,NA,Prairies,Lisières forestières (conifères),NA,"Airolo, Nante",TI,50,15304,78,189,-0.370520544188975
Clethrionomys glareolus (Campagnol roussâtre),1,692805,151634,1470,2023,NA,Prairies,Lisières forestières (conifères),NA,"Airolo, Nante",TI,50,15304,78,189,-0.370520544188975
Clethrionomys glareolus (Campagnol roussâtre),1,692805,151634,1470,2023,NA,Prairies,Lisières forestières (conifères),NA,"Airolo, Nante",TI,50,15304,78,189,-0.370520544188975
Clethrionomys glareolus (Campagnol roussâtre),1,692805,151634,1470,2023,NA,Prairies,Lisières forestières (conifères),NA,"Airolo, Nante",TI,50,15304,78,189,-0.370520544188975
Clethrionomys glareolus (Campagnol roussâtre),1,692805,151634,1470,2023,NA,Prairies,Lisières forestières (conifères),NA,"Airolo, Nante",TI,50,15304,78,189,-0.370520544188975
Clethrionomys glareolus (Campagnol roussâtre),1,692805,151634,1470,2023,NA,Prairies,Lisières forestières (conifères),NA,"Airolo, Nante",TI,50,15304,78,189,-0.370520544188975
Clethrionomys glareolus (Campagnol roussâtre),1,692805,151634,1470,2023,NA,Prairies,Lisières forestières (conifères),NA,"Airolo, Nante",TI,50,15304,78,189,-0.370520544188975
Clethrionomys glareolus (Campagnol roussâtre),1,692805,151634,1470,2023,NA,Prairies,Lisières forestières (conifères),NA,"Airolo, Nante",TI,50,15304,78,189,-0.370520544188975
Clethrionomys glareolus (Campagnol roussâtre),1,692805,151634,1470,2023,NA,Prairies,Lisières forestières (conifères),NA,"Airolo, Nante",TI,50,15304,78,189,-0.370520544188975
Clethrionomys glareolus (Campagnol roussâtre),1,692805,151634,1470,2023,NA,Prairies,Lisières forestières (conifères),NA,"Airolo, Nante",TI,50,15304,78,189,-0.370520544188975
Clethrionomys glareolus (Campagnol roussâtre),1,692805,151634,1470,2023,NA,Prairies,Lisières forestières (conifères),NA,"Airolo, Nante",TI,50,15304,78,189,-0.370520544188975
Clethrionomys glareolus (Campagnol roussâtre),1,692805,151634,1470,2023,NA,Prairies,Lisières forestières (conifères),NA,"Airolo, Nante",TI,50,15304,78,189,-0.370520544188975
Clethrionomys glareolus (Campagnol roussâtre),1,692805,151634,1470,2023,NA,Prairies,Lisières forestières (conifères),NA,"Airolo, Nante",TI,50,15304,78,189,-0.370520544188975
Clethrionomys glareolus (Campagnol roussâtre),1,692805,151634,1470,2023,NA,Prairies,Lisières forestières (conifères),NA,"Airolo, Nante",TI,50,15304,78,189,-0.370520544188975
Clethrionomys glareolus (Campagnol roussâtre),1,692805,151634,1470,2023,NA,Prairies,Lisières forestières (conifères),NA,"Airolo, Nante",TI,50,15304,78,189,-0.370520544188975
Clethrionomys glareolus (Campagnol roussâtre),1,692805,151634,1470,2023,NA,Prairies,Lisières forestières (conifères),NA,"Airolo, Nante",TI,50,15304,78,189,-0.370520544188975
Clethrionomys glareolus (Campagnol roussâtre),1,692861,151635,1470,2023,NA,Prairies,Milieux rocheux naturels,Torrent (avec végétation),"Airolo, Nante",TI,50,15300,78,189,-0.366236778739402
Clethrionomys glareolus (Campagnol roussâtre),1,692861,151635,1470,2023,NA,Prairies,Milieux rocheux naturels,Torrent (avec végétation),"Airolo, Nante",TI,50,15300,78,189,-0.366236778739402
Clethrionomys glareolus (Campagnol roussâtre),1,692861,151635,1470,2023,NA,Prairies,Milieux rocheux naturels,Torrent (avec végétation),"Airolo, Nante",TI,50,15300,78,189,-0.366236778739402
Clethrionomys glareolus (Campagnol roussâtre),1,692861,151635,1470,2023,NA,Prairies,Milieux rocheux naturels,Torrent (avec végétation),"Airolo, Nante",TI,50,15300,78,189,-0.366236778739402
Clethrionomys glareolus (Campagnol roussâtre),1,692861,151635,1470,2023,NA,Prairies,Milieux rocheux naturels,Torrent (avec végétation),"Airolo, Nante",TI,50,15300,78,189,-0.366236778739402
Clethrionomys glareolus (Campagnol roussâtre),1,700044,147229,1739,2023,Sichtbeobachtung : CVUE,Prairies,Milieux rocheux naturels,NA,Dalpe,TI,33,15683,68,162,0.642217146354028
Clethrionomys glareolus (Campagnol roussâtre),1,700044,147229,1739,2023,Sichtbeobachtung : CVUE,Prairies,Milieux rocheux naturels,NA,Dalpe,TI,33,15683,68,162,0.642217146354028
Clethrionomys glareolus (Campagnol roussâtre),1,700044,147229,1739,2023,Sichtbeobachtung : CVUE,Prairies,Milieux rocheux naturels,NA,Dalpe,TI,33,15683,68,162,0.642217146354028
Clethrionomys glareolus (Campagnol roussâtre),1,700044,147229,1739,2023,Sichtbeobachtung : CVUE,Prairies,Milieux rocheux naturels,NA,Dalpe,TI,33,15683,68,162,0.642217146354028
Clethrionomys glareolus (Campagnol roussâtre),1,700044,147229,1739,2023,Sichtbeobachtung : CVUE,Prairies,Milieux rocheux naturels,NA,Dalpe,TI,33,15683,68,162,0.642217146354028
Sorex antinorii (Musaraigne du Valais),1,700044,147229,1739,2023,Sichtbeobachtung : CVUE,Prairies,Milieux rocheux naturels,NA,Dalpe,TI,33,15683,68,162,0.642217146354028
Clethrionomys glareolus (Campagnol roussâtre),1,700332,147182,1752,2023,Sichtbeobachtung : CVUE,Prairies,Milieux rocheux naturels,Lisières forestières (conifères),Dalpe,TI,34,15512,68,163,0.635133029518201
Clethrionomys glareolus (Campagnol roussâtre),1,700332,147182,1752,2023,Sichtbeobachtung : CVUE,Prairies,Milieux rocheux naturels,Lisières forestières (conifères),Dalpe,TI,34,15512,68,163,0.635133029518201
Clethrionomys glareolus (Campagnol roussâtre),1,700332,147182,1752,2023,Sichtbeobachtung : CVUE,Prairies,Milieux rocheux naturels,Lisières forestières (conifères),Dalpe,TI,34,15512,68,163,0.635133029518201
Clethrionomys glareolus (Campagnol roussâtre),1,700482,147227,1775,2023,Sichtbeobachtung : CVUE,Prairies,Lisières forestières (conifères),NA,Dalpe,TI,33,15339,68,161,0.705939980464462
Clethrionomys glareolus (Campagnol roussâtre),1,700482,147227,1775,2023,Sichtbeobachtung : CVUE,Prairies,Lisières forestières (conifères),NA,Dalpe,TI,33,15339,68,161,0.705939980464462
Clethrionomys glareolus (Campagnol roussâtre),1,700482,147227,1775,2023,Sichtbeobachtung : CVUE,Prairies,Lisières forestières (conifères),NA,Dalpe,TI,33,15339,68,161,0.705939980464462
Clethrionomys glareolus (Campagnol roussâtre),1,700482,147227,1775,2023,Sichtbeobachtung : CVUE,Prairies,Lisières forestières (conifères),NA,Dalpe,TI,33,15339,68,161,0.705939980464462
Clethrionomys glareolus (Campagnol roussâtre),1,700482,147227,1775,2023,Sichtbeobachtung : CVUE,Prairies,Lisières forestières (conifères),NA,Dalpe,TI,33,15339,68,161,0.705939980464462
Clethrionomys glareolus (Campagnol roussâtre),1,700482,147227,1775,2023,Sichtbeobachtung : CVUE,Prairies,Lisières forestières (conifères),NA,Dalpe,TI,33,15339,68,161,0.705939980464462
Clethrionomys glareolus (Campagnol roussâtre),1,700482,147227,1775,2023,Sichtbeobachtung : CVUE,Prairies,Lisières forestières (conifères),NA,Dalpe,TI,33,15339,68,161,0.705939980464462
Sorex antinorii (Musaraigne du Valais),1,700482,147227,1775,2023,Sichtbeobachtung : CVUE,Prairies,Lisières forestières (conifères),NA,Dalpe,TI,33,15339,68,161,0.705939980464462
Sorex antinorii (Musaraigne du Valais),1,700482,147227,1775,2023,Sichtbeobachtung : CVUE,Prairies,Lisières forestières (conifères),NA,Dalpe,TI,33,15339,68,161,0.705939980464462
Sorex antinorii (Musaraigne du Valais),1,700482,147227,1775,2023,Sichtbeobachtung : CVUE,Prairies,Lisières forestières (conifères),NA,Dalpe,TI,33,15339,68,161,0.705939980464462
Sorex antinorii (Musaraigne du Valais),1,700482,147227,1775,2023,Sichtbeobachtung : CVUE,Prairies,Lisières forestières (conifères),NA,Dalpe,TI,33,15339,68,161,0.705939980464462
Sorex antinorii (Musaraigne du Valais),1,700833,144800,1660,2023,Pièges à capturer vivant : PVIV,Prairies,Milieux rocheux naturels,Lisières forestières (conifères),Dalpe,TI,29,16915,65,155,0.693868405184983
Sorex antinorii (Musaraigne du Valais),1,700833,144800,1660,2023,Pièges à capturer vivant : PVIV,Prairies,Milieux rocheux naturels,Lisières forestières (conifères),Dalpe,TI,29,16915,65,155,0.693868405184983
Sorex antinorii (Musaraigne du Valais),1,700833,144800,1660,2023,Pièges à capturer vivant : PVIV,Prairies,Milieux rocheux naturels,Lisières forestières (conifères),Dalpe,TI,29,16915,65,155,0.693868405184983
Clethrionomys glareolus (Campagnol roussâtre),1,700848,147751,1600,2023,Sichtbeobachtung : CVUE,Milieux forestiers (conifères),NA,NA,Dalpe,TI,43,14647,72,177,0.122517429356823
Clethrionomys glareolus (Campagnol roussâtre),1,700870,147243,1780,2023,Sichtbeobachtung : CVUE,Prairies,Broussailles / formations arbustives,NA,Dalpe,TI,34,15158,67,162,0.686653262310197
Chionomys nivalis (Campagnol des neiges),1,700894,144790,1658,2023,Pièges à capturer vivant : PVIV,Prairies,Milieux rocheux naturels,Lisières forestières (conifères),Dalpe,TI,30,16881,65,156,0.654789151338207
Chionomys nivalis (Campagnol des neiges),1,700894,144790,1658,2023,Pièges à capturer vivant : PVIV,Prairies,Milieux rocheux naturels,Lisières forestières (conifères),Dalpe,TI,30,16881,65,156,0.654789151338207
Chionomys nivalis (Campagnol des neiges),1,700894,144790,1658,2023,Pièges à capturer vivant : PVIV,Prairies,Milieux rocheux naturels,Lisières forestières (conifères),Dalpe,TI,30,16881,65,156,0.654789151338207
Chionomys nivalis (Campagnol des neiges),1,700894,144790,1658,2023,Pièges à capturer vivant : PVIV,Prairies,Milieux rocheux naturels,Lisières forestières (conifères),Dalpe,TI,30,16881,65,156,0.654789151338207
Chionomys nivalis (Campagnol des neiges),1,700894,144790,1658,2023,Pièges à capturer vivant : PVIV,Prairies,Milieux rocheux naturels,Lisières forestières (conifères),Dalpe,TI,30,16881,65,156,0.654789151338207
Clethrionomys glareolus (Campagnol roussâtre),1,700894,144790,1658,2023,Pièges à capturer vivant : PVIV,Prairies,Milieux rocheux naturels,Lisières forestières (conifères),Dalpe,TI,30,16881,65,156,0.654789151338207
Clethrionomys glareolus (Campagnol roussâtre),1,700894,144790,1658,2023,Pièges à capturer vivant : PVIV,Prairies,Milieux rocheux naturels,Lisières forestières (conifères),Dalpe,TI,30,16881,65,156,0.654789151338207
Clethrionomys glareolus (Campagnol roussâtre),1,700894,144790,1658,2023,Pièges à capturer vivant : PVIV,Prairies,Milieux rocheux naturels,Lisières forestières (conifères),Dalpe,TI,30,16881,65,156,0.654789151338207
Clethrionomys glareolus (Campagnol roussâtre),1,700894,144790,1658,2023,Pièges à capturer vivant : PVIV,Prairies,Milieux rocheux naturels,Lisières forestières (conifères),Dalpe,TI,30,16881,65,156,0.654789151338207
Clethrionomys glareolus (Campagnol roussâtre),1,700894,144790,1658,2023,Pièges à capturer vivant : PVIV,Prairies,Milieux rocheux naturels,Lisières forestières (conifères),Dalpe,TI,30,16881,65,156,0.654789151338207
Sorex antinorii (Musaraigne du Valais),1,700894,144790,1658,2023,Pièges à capturer vivant : PVIV,Prairies,Milieux rocheux naturels,Lisières forestières (conifères),Dalpe,TI,30,16881,65,156,0.654789151338207
Sorex antinorii (Musaraigne du Valais),1,700894,144790,1658,2023,Pièges à capturer vivant : PVIV,Prairies,Milieux rocheux naturels,Lisières forestières (conifères),Dalpe,TI,30,16881,65,156,0.654789151338207
Sorex antinorii (Musaraigne du Valais),1,700920,144820,1656,2023,Pièges à capturer vivant : PVIV,Prairies,Ruisseau (sans végétation),NA,Dalpe,TI,30,16863,65,156,0.653484831820639
Clethrionomys glareolus (Campagnol roussâtre),1,700987,147798,1545,2023,Sichtbeobachtung : CVUE,Milieux forestiers (conifères),NA,NA,Dalpe,TI,47,14576,74,182,-0.085811899850119
Clethrionomys glareolus (Campagnol roussâtre),1,700987,147798,1545,2023,Sichtbeobachtung : CVUE,Milieux forestiers (conifères),NA,NA,Dalpe,TI,47,14576,74,182,-0.085811899850119
Sorex antinorii (Musaraigne du Valais),1,701002,144874,1652,2023,Pièges à capturer vivant : PVIV,Prairies,Torrent (sans végétation),Lisières forestières (conifères),Dalpe,TI,31,16786,66,157,0.617597616485227
Clethrionomys glareolus (Campagnol roussâtre),1,701085,147161,1780,2023,Sichtbeobachtung : CVUE,Prairies,Lisières forestières (conifères),Milieux rocheux anthropiques,Dalpe,TI,36,15147,68,165,0.608829338019522
Clethrionomys glareolus (Campagnol roussâtre),1,701085,147161,1780,2023,Sichtbeobachtung : CVUE,Prairies,Lisières forestières (conifères),Milieux rocheux anthropiques,Dalpe,TI,36,15147,68,165,0.608829338019522
Clethrionomys glareolus (Campagnol roussâtre),1,701085,147161,1780,2023,Sichtbeobachtung : CVUE,Prairies,Lisières forestières (conifères),Milieux rocheux anthropiques,Dalpe,TI,36,15147,68,165,0.608829338019522
Clethrionomys glareolus (Campagnol roussâtre),1,701085,147161,1780,2023,Sichtbeobachtung : CVUE,Prairies,Lisières forestières (conifères),Milieux rocheux anthropiques,Dalpe,TI,36,15147,68,165,0.608829338019522
Clethrionomys glareolus (Campagnol roussâtre),1,701085,147161,1780,2023,Sichtbeobachtung : CVUE,Prairies,Lisières forestières (conifères),NA,Dalpe,TI,36,15147,68,165,0.608829338019522
Sorex antinorii (Musaraigne du Valais),1,701383,152040,2040,2023,Pièges à capturer vivant : PVIV,Prairies,Broussailles / formations arbustives,Milieux rocheux naturels,NA,TI,15,15993,65,141,1.61765798490938
Chionomys nivalis (Campagnol des neiges),1,701408,152074,2040,2023,Pièges à capturer vivant : PVIV,Prairies,Broussailles / formations arbustives,Milieux rocheux naturels,NA,TI,15,16007,65,141,1.61040251398509
Microtus arvalis (Campagnol des champs),1,701417,152069,2040,2023,Pièges à capturer vivant : PVIV,Prairies,Ruisseau (sans végétation),Broussailles / formations arbustives,NA,TI,15,16007,65,141,1.60861277180305
Clethrionomys glareolus (Campagnol roussâtre),1,701448,152020,2040,2023,Pièges à capturer vivant : PVIV,Prairies,Broussailles / formations arbustives,Milieux rocheux naturels,NA,TI,16,15978,65,141,1.58656137754949
Chionomys nivalis (Campagnol des neiges),1,701577,152017,2040,2023,Pièges à capturer vivant : PVIV,Prairies,Milieux rocheux anthropiques,Milieux anthopiques batis,NA,TI,16,15957,65,141,1.59065430698059
Chionomys nivalis (Campagnol des neiges),1,701579,152018,2040,2023,Pièges à capturer vivant : PVIV,Prairies,Milieux rocheux anthropiques,Milieux anthopiques batis,NA,TI,16,15957,65,141,1.59065430698059
Sorex antinorii (Musaraigne du Valais),1,701599,145061,1545,2023,NA,Milieux forestiers (conifères),NA,NA,Dalpe,TI,37,16338,68,166,0.264251861735515
Apodemus flavicollis (Mulot à collier),1,701983,147990,1290,2023,Sichtbeobachtung : CVUE,Prairies,Lisières forestières (mixtes),NA,Dalpe,TI,59,14290,80,201,-0.874984036528437
Clethrionomys glareolus (Campagnol roussâtre),1,701983,147990,1290,2023,Sichtbeobachtung : CVUE,Prairies,Lisières forestières (mixtes),NA,Dalpe,TI,59,14290,80,201,-0.874984036528437
Microtus arvalis (Campagnol des champs),1,702130,145394,1442,2023,Pièges à capturer vivant : PVIV,Milieux humides (prairies humides),Ruisseau (sans végétation),NA,Dalpe,TI,46,15848,72,180,-0.204311468469861
Sorex antinorii (Musaraigne du Valais),1,702130,145394,1442,2023,Pièges à capturer vivant : PVIV,Milieux humides (prairies humides),Ruisseau (sans végétation),NA,Dalpe,TI,46,15848,72,180,-0.204311468469861
Apodemus sylvaticus (Mulot sylvestre),1,702387,145419,1410,2023,Pièges à capturer vivant : PVIV,Prairies,Milieux rocheux anthropiques,NA,Dalpe,TI,48,15696,73,182,-0.300929427887614
Sorex antinorii (Musaraigne du Valais),1,702387,145419,1410,2023,Pièges à capturer vivant : PVIV,Prairies,Milieux rocheux anthropiques,NA,Dalpe,TI,48,15696,73,182,-0.300929427887614
Sorex antinorii (Musaraigne du Valais),1,702387,145419,1410,2023,Pièges à capturer vivant : PVIV,Prairies,Milieux rocheux anthropiques,NA,Dalpe,TI,48,15696,73,182,-0.300929427887614
Sorex antinorii (Musaraigne du Valais),1,702387,145419,1410,2023,Pièges à capturer vivant : PVIV,Prairies,Milieux rocheux anthropiques,NA,Dalpe,TI,48,15696,73,182,-0.300929427887614
Microtus arvalis (Campagnol des champs),1,702410,145798,1399,2023,Pièges à capturer vivant : PVIV,Prairies,Ruisseau (avec végétation),Structures linéaires arborées dans les paysages agricoles,Dalpe,TI,49,15444,74,185,-0.366897173428761
Sorex antinorii (Musaraigne du Valais),1,702410,145798,1399,2023,Pièges à capturer vivant : PVIV,Prairies,Ruisseau (avec végétation),Structures linéaires arborées dans les paysages agricoles,Dalpe,TI,49,15444,74,185,-0.366897173428761
Sorex antinorii (Musaraigne du Valais),1,702410,145798,1399,2023,Pièges à capturer vivant : PVIV,Prairies,Ruisseau (avec végétation),Structures linéaires arborées dans les paysages agricoles,Dalpe,TI,49,15444,74,185,-0.366897173428761
Sorex antinorii (Musaraigne du Valais),1,702423,145826,1400,2023,Pièges à capturer vivant : PVIV,Prairies,Ruisseau (avec végétation),Structures linéaires arborées dans les paysages agricoles,Dalpe,TI,50,15413,74,185,-0.384122200193278
Sorex antinorii (Musaraigne du Valais),1,702423,145826,1400,2023,Pièges à capturer vivant : PVIV,Prairies,Ruisseau (avec végétation),Structures linéaires arborées dans les paysages agricoles,Dalpe,TI,50,15413,74,185,-0.384122200193278
Neomys fodiens (Musaraigne aquatique),1,702429,148806,1225,2023,Sichtbeobachtung : CVUE,Milieux humides (Hauts marais),Lisières forestières (conifères),NA,Dalpe,TI,60,14217,81,203,-0.987779869568017
Apodemus flavicollis (Mulot à collier),1,702821,148074,1155,2023,Pièges à capturer vivant : PVIV,Prairies,Ruisseau (avec végétation),NA,Pozzit,TI,65,14253,83,210,-1.26524177235028
Chionomys nivalis (Campagnol des neiges),1,702975,151268,1740,2023,Pièges à capturer vivant : PVIV,Milieux humides (Bas marais),Milieux rocheux anthropiques,NA,NA,TI,29,15491,70,159,0.774120994368436
Clethrionomys glareolus (Campagnol roussâtre),1,703327,147785,1121,2023,Pièges à capturer vivant : PVIV,Milieux forestiers (conifères),NA,NA,Motto d'Orlascio,TI,67,14344,85,213,-1.39854360274511
Clethrionomys glareolus (Campagnol roussâtre),1,703327,147785,1121,2023,Pièges à capturer vivant : PVIV,Milieux forestiers (conifères),NA,NA,Motto d'Orlascio,TI,67,14344,85,213,-1.39854360274511
Clethrionomys glareolus (Campagnol roussâtre),1,703327,147785,1121,2023,Pièges à capturer vivant : PVIV,Milieux forestiers (conifères),NA,NA,Motto d'Orlascio,TI,67,14344,85,213,-1.39854360274511
Clethrionomys glareolus (Campagnol roussâtre),1,703327,147785,1121,2023,Pièges à capturer vivant : PVIV,Milieux forestiers (conifères),NA,NA,Motto d'Orlascio,TI,67,14344,85,213,-1.39854360274511
Clethrionomys glareolus (Campagnol roussâtre),1,703327,147785,1121,2023,Pièges à capturer vivant : PVIV,Milieux forestiers (conifères),NA,NA,Motto d'Orlascio,TI,67,14344,85,213,-1.39854360274511
Clethrionomys glareolus (Campagnol roussâtre),1,703327,147785,1121,2023,Pièges à capturer vivant : PVIV,Milieux forestiers (conifères),NA,NA,Motto d'Orlascio,TI,67,14344,85,213,-1.39854360274511
Clethrionomys glareolus (Campagnol roussâtre),1,703327,147785,1121,2023,Pièges à capturer vivant : PVIV,Milieux forestiers (conifères),NA,NA,Motto d'Orlascio,TI,67,14344,85,213,-1.39854360274511
Clethrionomys glareolus (Campagnol roussâtre),1,703327,147785,1121,2023,Pièges à capturer vivant : PVIV,Milieux forestiers (conifères),NA,NA,Motto d'Orlascio,TI,67,14344,85,213,-1.39854360274511
Clethrionomys glareolus (Campagnol roussâtre),1,703327,147785,1121,2023,Pièges à capturer vivant : PVIV,Milieux forestiers (conifères),NA,NA,Motto d'Orlascio,TI,67,14344,85,213,-1.39854360274511
Clethrionomys glareolus (Campagnol roussâtre),1,703327,147785,1121,2023,Pièges à capturer vivant : PVIV,Milieux forestiers (conifères),NA,NA,Motto d'Orlascio,TI,67,14344,85,213,-1.39854360274511
Clethrionomys glareolus (Campagnol roussâtre),1,703385,147821,1106,2023,Piège photo : PPHO,Milieux forestiers (conifères),NA,NA,Motto d'Orlascio,TI,67,14353,85,213,-1.41199811196078
Apodemus flavicollis (Mulot à collier),1,703407,147765,1117,2023,Pièges à capturer vivant : PVIV,Milieux humides (Hauts marais),NA,NA,Motto d'Orlascio,TI,67,14368,85,213,-1.3981379602928
Clethrionomys glareolus (Campagnol roussâtre),1,703407,147765,1117,2023,Pièges à capturer vivant : PVIV,Milieux humides (Hauts marais),NA,NA,Motto d'Orlascio,TI,67,14368,85,213,-1.3981379602928
Clethrionomys glareolus (Campagnol roussâtre),1,703407,147765,1117,2023,Pièges à capturer vivant : PVIV,Milieux humides (Hauts marais),NA,NA,Motto d'Orlascio,TI,67,14368,85,213,-1.3981379602928
Neomys fodiens (Musaraigne aquatique),1,703407,147765,1117,2023,Pièges à capturer vivant : PVIV,Milieux humides (Hauts marais),NA,NA,Motto d'Orlascio,TI,67,14368,85,213,-1.3981379602928
Chionomys nivalis (Campagnol des neiges),1,703528,146187,1562,2023,Pièges à capturer vivant : PVIV,Milieux forestiers (conifères),NA,NA,Val Muresengo,TI,52,15046,75,188,-0.28745229190601
Chionomys nivalis (Campagnol des neiges),1,703528,146187,1562,2023,Pièges à capturer vivant : PVIV,Milieux forestiers (conifères),NA,NA,Val Muresengo,TI,52,15046,75,188,-0.28745229190601
Chionomys nivalis (Campagnol des neiges),1,703528,146187,1562,2023,Pièges à capturer vivant : PVIV,Milieux forestiers (conifères),NA,NA,Val Muresengo,TI,52,15046,75,188,-0.28745229190601
Clethrionomys glareolus (Campagnol roussâtre),1,703528,146187,1562,2023,Pièges à capturer vivant : PVIV,Milieux forestiers (conifères),NA,NA,Val Muresengo,TI,52,15046,75,188,-0.28745229190601
Clethrionomys glareolus (Campagnol roussâtre),1,703528,146187,1562,2023,Pièges à capturer vivant : PVIV,Milieux forestiers (conifères),NA,NA,Val Muresengo,TI,52,15046,75,188,-0.28745229190601
Sorex antinorii (Musaraigne du Valais),1,704244,145988,1447,2023,Pièges à capturer vivant : PVIV,Milieux humides (Hauts marais),Ruisseau (sans végétation),NA,Fòp,TI,56,15084,78,195,-0.593125368829383
Sorex antinorii (Musaraigne du Valais),1,704349,145839,1440,2023,Pièges à capturer vivant : PVIV,Prairies,Ruisseau (avec végétation),NA,Al Pigi,TI,55,15158,78,193,-0.551840505867918
Sorex antinorii (Musaraigne du Valais),1,704349,145839,1440,2023,Piège photo : PPHO,Prairies,Ruisseau (avec végétation),NA,Al Pigi,TI,55,15158,78,193,-0.551840505867918
Sorex antinorii (Musaraigne du Valais),1,704986,145901,1344,2023,Pièges à capturer vivant : PVIV,Prairies,Ruisseau (avec végétation),NA,Riva da Rol,TI,59,14993,79,199,-0.808939306482691
Neomys fodiens (Musaraigne aquatique),1,706722,150635,1750,2023,Pièges à capturer vivant : PVIV,Prairies,NA,NA,Cari di dentro,TI,35,16134,70,164,0.568359149889229
Clethrionomys glareolus (Campagnol roussâtre),1,707350,150583,1950,2023,Pièges à capturer vivant : PVIV,Prairies,Milieux rocheux naturels,NA,Alpe Vignone di sotto,TI,22,16330,65,147,1.2848073647711
Chionomys nivalis (Campagnol des neiges),1,707372,150675,1970,2023,Pièges à capturer vivant : PVIV,Prairies,Milieux rocheux naturels,NA,Vignone cascina,TI,21,16323,65,146,1.34034467268971
Chionomys nivalis (Campagnol des neiges),1,707372,150675,1970,2023,Pièges à capturer vivant : PVIV,Prairies,Milieux rocheux naturels,NA,Vignone cascina,TI,21,16323,65,146,1.34034467268971
Chionomys nivalis (Campagnol des neiges),1,707372,150675,1970,2023,Pièges à capturer vivant : PVIV,Prairies,Milieux rocheux naturels,NA,Vignone cascina,TI,21,16323,65,146,1.34034467268971
Chionomys nivalis (Campagnol des neiges),1,707372,150675,1970,2023,Pièges à capturer vivant : PVIV,Prairies,Milieux rocheux naturels,NA,Vignone cascina,TI,21,16323,65,146,1.34034467268971
Chionomys nivalis (Campagnol des neiges),1,707372,150675,1970,2023,Pièges à capturer vivant : PVIV,Prairies,Milieux rocheux naturels,NA,Vignone cascina,TI,21,16323,65,146,1.34034467268971
Clethrionomys glareolus (Campagnol roussâtre),1,707372,150675,1970,2023,Pièges à capturer vivant : PVIV,Prairies,Milieux rocheux naturels,NA,Vignone cascina,TI,21,16323,65,146,1.34034467268971
Clethrionomys glareolus (Campagnol roussâtre),1,707566,150664,1940,2023,Pièges à capturer vivant : PVIV,Prairies,Ruisseau (sans végétation),Broussailles / formations arbustives,Riale segna,TI,23,16396,66,148,1.22718514076576
Chionomys nivalis (Campagnol des neiges),1,707623,150662,1930,2023,Pièges à capturer vivant : PVIV,Prairies,Ruisseau (sans végétation),NA,Ri di Vignone,TI,23,16414,66,148,1.21564603290071
Clethrionomys glareolus (Campagnol roussâtre),1,707623,150662,1930,2023,Pièges à capturer vivant : PVIV,Prairies,Ruisseau (sans végétation),NA,Ri di Vignone,TI,23,16414,66,148,1.21564603290071
Sorex araneus (Musaraigne carrelet),1,696420,167518,1659,2024,Pièges à capturer vivant : PVIV,Prairies,NA,NA,Tujetsch,GR,28,14055,65,152,0.883310193500844
Sorex araneus (Musaraigne carrelet),1,696420,167518,1659,2024,Pièges à capturer vivant : PVIV,Prairies,NA,NA,Tujetsch,GR,28,14055,65,152,0.883310193500844
Neomys fodiens (Musaraigne aquatique),1,696631,167638,1632,2024,Pièges à capturer vivant : PVIV,Prairies,Broussailles / formations arbustives,NA,Tujetsch,GR,28,13926,66,153,0.846445153332795
Neomys fodiens (Musaraigne aquatique),1,696631,167638,1632,2024,Pièges à capturer vivant : PVIV,Prairies,Broussailles / formations arbustives,NA,Tujetsch,GR,28,13926,66,153,0.846445153332795
Apodemus alpicola (Mulot alpestre),1,696733,167602,1628,2024,Pièges à capturer vivant : PVIV,Prairies,Ruisseau (sans végétation),Broussailles / formations arbustives,Tujetsch,GR,29,13889,66,154,0.808973166641562
Apodemus alpicola (Mulot alpestre),1,696733,167602,1628,2024,Pièges à capturer vivant : PVIV,Prairies,Ruisseau (sans végétation),Broussailles / formations arbustives,Tujetsch,GR,29,13889,66,154,0.808973166641562
Apodemus alpicola (Mulot alpestre),1,696733,167602,1628,2024,Pièges à capturer vivant : PVIV,Prairies,Ruisseau (sans végétation),Broussailles / formations arbustives,Tujetsch,GR,29,13889,66,154,0.808973166641562
Apodemus sylvaticus (Mulot sylvestre),1,696733,167602,1628,2024,Pièges à capturer vivant : PVIV,Prairies,Ruisseau (sans végétation),NA,Tujetsch,GR,29,13889,66,154,0.808973166641562
Clethrionomys glareolus (Campagnol roussâtre),1,696733,167602,1628,2024,Pièges à capturer vivant : PVIV,Prairies,Ruisseau (sans végétation),NA,Tujetsch,GR,29,13889,66,154,0.808973166641562
Sorex araneus (Musaraigne carrelet),1,696793,167679,1623,2024,Pièges à capturer vivant : PVIV,Prairies,Ruisseau (sans végétation),NA,Tujetsch,GR,30,13892,66,155,0.769510307392336
Sorex araneus (Musaraigne carrelet),1,696793,167679,1623,2024,Pièges à capturer vivant : PVIV,Prairies,Ruisseau (sans végétation),NA,Tujetsch,GR,30,13892,66,155,0.769510307392336
Apodemus alpicola (Mulot alpestre),1,697388,167476,1571,2024,Pièges à capturer vivant : PVIV,Prairies,Lisières forestières (conifères),NA,Tujetsch,GR,37,13577,69,165,0.432831776056281
Apodemus alpicola (Mulot alpestre),1,697388,167476,1571,2024,Pièges à capturer vivant : PVIV,Prairies,Lisières forestières (conifères),NA,Tujetsch,GR,37,13577,69,165,0.432831776056281
Apodemus sylvaticus (Mulot sylvestre),1,697388,167476,1571,2024,Pièges à capturer vivant : PVIV,Prairies,Lisières forestières (conifères),NA,Tujetsch,GR,37,13577,69,165,0.432831776056281
Clethrionomys glareolus (Campagnol roussâtre),1,697388,167476,1571,2024,Pièges à capturer vivant : PVIV,Prairies,Lisières forestières (conifères),NA,Tujetsch,GR,37,13577,69,165,0.432831776056281
Clethrionomys glareolus (Campagnol roussâtre),1,697388,167476,1571,2024,Pièges à capturer vivant : PVIV,Prairies,Lisières forestières (conifères),NA,Tujetsch,GR,37,13577,69,165,0.432831776056281
Clethrionomys glareolus (Campagnol roussâtre),1,697388,167476,1571,2024,Pièges à capturer vivant : PVIV,Prairies,Lisières forestières (conifères),NA,Tujetsch,GR,37,13577,69,165,0.432831776056281
Clethrionomys glareolus (Campagnol roussâtre),1,697388,167476,1571,2024,Pièges à capturer vivant : PVIV,Prairies,Lisières forestières (conifères),NA,Tujetsch,GR,37,13577,69,165,0.432831776056281
Sorex araneus (Musaraigne carrelet),1,697388,167476,1571,2024,Pièges à capturer vivant : PVIV,Prairies,Lisières forestières (conifères),NA,Tujetsch,GR,37,13577,69,165,0.432831776056281
Apodemus alpicola (Mulot alpestre),1,697450,167675,1557,2024,Pièges à capturer vivant : PVIV,Prairies,NA,NA,Tujetsch,GR,37,13566,69,165,0.428794527913186
Apodemus alpicola (Mulot alpestre),1,697450,167675,1557,2024,Pièges à capturer vivant : PVIV,Prairies,NA,NA,Tujetsch,GR,37,13566,69,165,0.428794527913186
Apodemus alpicola (Mulot alpestre),1,697490,167590,1547,2024,Pièges à capturer vivant : PVIV,Prairies,Torrent (avec végétation),Broussailles / formations arbustives,Tujetsch,GR,38,13561,69,166,0.368316985781415
Apodemus alpicola (Mulot alpestre),1,697490,167590,1547,2024,Pièges à capturer vivant : PVIV,Prairies,Torrent (avec végétation),Broussailles / formations arbustives,Tujetsch,GR,38,13561,69,166,0.368316985781415
Apodemus alpicola (Mulot alpestre),1,697490,167590,1547,2024,Pièges à capturer vivant : PVIV,Prairies,Torrent (avec végétation),Broussailles / formations arbustives,Tujetsch,GR,38,13561,69,166,0.368316985781415
Clethrionomys glareolus (Campagnol roussâtre),1,697490,167590,1547,2024,Pièges à capturer vivant : PVIV,Prairies,Torrent (avec végétation),Broussailles / formations arbustives,Tujetsch,GR,38,13561,69,166,0.368316985781415
Clethrionomys glareolus (Campagnol roussâtre),1,697490,167590,1547,2024,Pièges à capturer vivant : PVIV,Prairies,Torrent (avec végétation),Broussailles / formations arbustives,Tujetsch,GR,38,13561,69,166,0.368316985781415
Clethrionomys glareolus (Campagnol roussâtre),1,697490,167590,1547,2024,Pièges à capturer vivant : PVIV,Prairies,Torrent (avec végétation),Broussailles / formations arbustives,Tujetsch,GR,38,13561,69,166,0.368316985781415
Clethrionomys glareolus (Campagnol roussâtre),1,697490,167590,1547,2024,Pièges à capturer vivant : PVIV,Prairies,Torrent (avec végétation),Broussailles / formations arbustives,Tujetsch,GR,38,13561,69,166,0.368316985781415
Clethrionomys glareolus (Campagnol roussâtre),1,697490,167590,1547,2024,Pièges à capturer vivant : PVIV,Prairies,Torrent (avec végétation),Broussailles / formations arbustives,Tujetsch,GR,38,13561,69,166,0.368316985781415
Apodemus alpicola (Mulot alpestre),1,697507,167634,1526,2024,Pièges à capturer vivant : PVIV,Prairies,Torrent (avec végétation),NA,Tujetsch,GR,38,13540,69,166,0.360513983278173
Apodemus alpicola (Mulot alpestre),1,697507,167634,1526,2024,Pièges à capturer vivant : PVIV,Prairies,Torrent (avec végétation),NA,Tujetsch,GR,38,13540,69,166,0.360513983278173
Apodemus alpicola (Mulot alpestre),1,697507,167634,1526,2024,Pièges à capturer vivant : PVIV,Prairies,Torrent (avec végétation),NA,Tujetsch,GR,38,13540,69,166,0.360513983278173
Chionomys nivalis (Campagnol des neiges),1,697507,167634,1526,2024,Pièges à capturer vivant : PVIV,Prairies,Torrent (avec végétation),NA,Tujetsch,GR,38,13540,69,166,0.360513983278173
Clethrionomys glareolus (Campagnol roussâtre),1,697507,167634,1526,2024,Pièges à capturer vivant : PVIV,Prairies,Torrent (avec végétation),NA,Tujetsch,GR,38,13540,69,166,0.360513983278173
Clethrionomys glareolus (Campagnol roussâtre),1,697507,167634,1526,2024,Pièges à capturer vivant : PVIV,Prairies,Torrent (avec végétation),NA,Tujetsch,GR,38,13540,69,166,0.360513983278173
Clethrionomys glareolus (Campagnol roussâtre),1,697507,167634,1526,2024,Pièges à capturer vivant : PVIV,Prairies,Torrent (avec végétation),NA,Tujetsch,GR,38,13540,69,166,0.360513983278173
Clethrionomys glareolus (Campagnol roussâtre),1,697507,167634,1526,2024,Pièges à capturer vivant : PVIV,Prairies,Torrent (avec végétation),NA,Tujetsch,GR,38,13540,69,166,0.360513983278173
Clethrionomys glareolus (Campagnol roussâtre),1,697507,167634,1526,2024,Pièges à capturer vivant : PVIV,Prairies,Torrent (avec végétation),NA,Tujetsch,GR,38,13540,69,166,0.360513983278173
Clethrionomys glareolus (Campagnol roussâtre),1,697507,167634,1526,2024,Pièges à capturer vivant : PVIV,Prairies,Torrent (avec végétation),NA,Tujetsch,GR,38,13540,69,166,0.360513983278173
Clethrionomys glareolus (Campagnol roussâtre),1,697507,167634,1526,2024,Pièges à capturer vivant : PVIV,Prairies,Torrent (avec végétation),NA,Tujetsch,GR,38,13540,69,166,0.360513983278173
Apodemus alpicola (Mulot alpestre),1,697695,168870,1900,2024,Pièges à capturer vivant : PVIV,Prairies,Milieux anthopiques batis,Broussailles / formations arbustives,Tujetsch,GR,26,13701,66,151,1.20956890600918
Clethrionomys glareolus (Campagnol roussâtre),4,697695,168870,1900,2024,Pièges à capturer vivant : PVIV,Prairies,Milieux anthopiques batis,Broussailles / formations arbustives,NA,GR,26,13701,66,151,1.20956890600918
Clethrionomys glareolus (Campagnol roussâtre),1,697695,168870,1900,2024,Pièges à capturer vivant : PVIV,Prairies,Milieux anthopiques batis,Broussailles / formations arbustives,NA,GR,26,13701,66,151,1.20956890600918
Clethrionomys glareolus (Campagnol roussâtre),10,697760,168830,1870,2024,Pièges à capturer vivant : PVIV,Milieux forestiers (conifères),NA,NA,NA,GR,28,13655,67,153,1.09960050176827
Clethrionomys glareolus (Campagnol roussâtre),8,697760,168830,1870,2024,Pièges à capturer vivant : PVIV,Milieux forestiers (conifères),NA,NA,NA,GR,28,13655,67,153,1.09960050176827
Microtus lavernedii (Campagnol de Lavernède),1,697927,168403,1558,2024,Pièges à capturer vivant : PVIV,Prairies,Structures linéaires arborées dans les paysages agricoles,NA,Tujetsch,GR,36,13487,70,164,0.461548675302223
Sorex araneus (Musaraigne carrelet),1,697927,168403,1558,2024,Pièges à capturer vivant : PVIV,Prairies,Structures linéaires arborées dans les paysages agricoles,NA,Tujetsch,GR,36,13487,70,164,0.461548675302223
Apodemus alpicola (Mulot alpestre),1,697927,168403,1558,2024,Pièges à capturer vivant : PVIV,Prairies,NA,NA,Tujetsch,GR,36,13487,70,164,0.461548675302223
Apodemus sylvaticus (Mulot sylvestre),1,697927,168403,1558,2024,Pièges à capturer vivant : PVIV,Prairies,NA,NA,Tujetsch,GR,36,13487,70,164,0.461548675302223
Apodemus alpicola (Mulot alpestre),1,698031,168466,1556,2024,Pièges à capturer vivant : PVIV,Prairies,NA,NA,Tujetsch,GR,37,13451,70,165,0.428664279250842
Clethrionomys glareolus (Campagnol roussâtre),1,698031,168466,1556,2024,Pièges à capturer vivant : PVIV,Prairies,NA,NA,Tujetsch,GR,37,13451,70,165,0.428664279250842
Clethrionomys glareolus (Campagnol roussâtre),1,698031,168466,1556,2024,Pièges à capturer vivant : PVIV,Prairies,NA,NA,Tujetsch,GR,37,13451,70,165,0.428664279250842
Clethrionomys glareolus (Campagnol roussâtre),1,698031,168466,1556,2024,Pièges à capturer vivant : PVIV,Prairies,NA,NA,Tujetsch,GR,37,13451,70,165,0.428664279250842
Microtus lavernedii (Campagnol de Lavernède),1,698031,168466,1556,2024,Pièges à capturer vivant : PVIV,Prairies,NA,NA,Tujetsch,GR,37,13451,70,165,0.428664279250842
Microtus lavernedii (Campagnol de Lavernède),1,698031,168466,1556,2024,Pièges à capturer vivant : PVIV,Prairies,NA,NA,Tujetsch,GR,37,13451,70,165,0.428664279250842
Sorex araneus (Musaraigne carrelet),1,698031,168466,1556,2024,Pièges à capturer vivant : PVIV,Prairies,NA,NA,Tujetsch,GR,37,13451,70,165,0.428664279250842
Chionomys nivalis (Campagnol des neiges),1,698045,169740,1750,2024,Pièges à capturer vivant : PVIV,Prairies,Ruisseau (avec végétation),NA,NA,GR,29,13809,68,155,0.921537220039455
Chionomys nivalis (Campagnol des neiges),2,698045,169740,1750,2024,Pièges à capturer vivant : PVIV,Prairies,Ruisseau (avec végétation),NA,NA,GR,29,13809,68,155,0.921537220039455
Neomys fodiens (Musaraigne aquatique),1,698045,169740,1750,2024,Pièges à capturer vivant : PVIV,Prairies,Ruisseau (avec végétation),NA,Tujetsch,GR,29,13809,68,155,0.921537220039455
Chionomys nivalis (Campagnol des neiges),2,698203,169785,1745,2024,Pièges à capturer vivant : PVIV,Prairies,Milieux rocheux naturels,NA,NA,GR,29,13624,68,156,0.906309832264263
Chionomys nivalis (Campagnol des neiges),1,698203,169785,1745,2024,Pièges à capturer vivant : PVIV,Prairies,Milieux rocheux naturels,NA,NA,GR,29,13624,68,156,0.906309832264263
Clethrionomys glareolus (Campagnol roussâtre),1,698203,169785,1745,2024,Pièges à capturer vivant : PVIV,Prairies,Milieux rocheux naturels,NA,NA,GR,29,13624,68,156,0.906309832264263
Chionomys nivalis (Campagnol des neiges),2,698240,169262,1820,2024,Pièges à capturer vivant : PVIV,Milieux humides (Bas marais),Milieux rocheux anthropiques,NA,NA,GR,29,13361,68,155,1.00685280829179
Chionomys nivalis (Campagnol des neiges),1,698240,169262,1820,2024,Pièges à capturer vivant : PVIV,Milieux humides (Bas marais),Milieux rocheux anthropiques,NA,NA,GR,29,13361,68,155,1.00685280829179
Sorex antinorii (Musaraigne du Valais),1,698535,169695,1690,2024,Pièges à capturer vivant : PVIV,Milieux humides (Bas marais),NA,NA,NA,GR,32,13171,69,159,0.764599972217934
Sorex antinorii (Musaraigne du Valais),2,698535,169695,1690,2024,Pièges à capturer vivant : PVIV,Milieux humides (Bas marais),NA,NA,Tujetsch,GR,32,13171,69,159,0.764599972217934
Clethrionomys glareolus (Campagnol roussâtre),1,698651,169600,1690,2024,Pièges à capturer vivant : PVIV,Prairies,Torrent (avec végétation),NA,NA,GR,33,12993,70,161,0.682059358451394
Clethrionomys glareolus (Campagnol roussâtre),1,698651,169600,1690,2024,Pièges à capturer vivant : PVIV,Prairies,Torrent (avec végétation),NA,NA,GR,33,12993,70,161,0.682059358451394
Clethrionomys glareolus (Campagnol roussâtre),3,699620,170950,1650,2024,Pièges à capturer vivant : PVIV,Prairies,Torrent (avec végétation),NA,NA,GR,36,13260,71,165,0.531372363929433
Clethrionomys glareolus (Campagnol roussâtre),4,699620,170950,1650,2024,Pièges à capturer vivant : PVIV,Prairies,Torrent (avec végétation),NA,NA,GR,36,13260,71,165,0.531372363929433
Neomys fodiens (Musaraigne aquatique),1,699620,170950,1650,2024,Pièges à capturer vivant : PVIV,Prairies,Torrent (avec végétation),NA,NA,GR,36,13260,71,165,0.531372363929433
Clethrionomys glareolus (Campagnol roussâtre),1,700250,170430,1495,2024,Pièges à capturer vivant : PVIV,Prairies,NA,NA,NA,GR,41,12729,74,172,0.20399621333043
Microtus arvalis (Campagnol des champs),2,700250,170430,1495,2024,Pièges à capturer vivant : PVIV,Prairies,NA,NA,NA,GR,41,12729,74,172,0.20399621333043
Sorex antinorii (Musaraigne du Valais),1,700250,170430,1495,2024,Pièges à capturer vivant : PVIV,Prairies,NA,NA,NA,GR,41,12729,74,172,0.20399621333043
Clethrionomys glareolus (Campagnol roussâtre),1,701311,170494,1375,2024,Pièges à capturer vivant : PVIV,Prairies,Torrent (avec végétation),Broussailles / formations arbustives,Sedrun,GR,42,12481,75,174,0.0392988503440597
Clethrionomys glareolus (Campagnol roussâtre),1,701311,170494,1375,2024,Pièges à capturer vivant : PVIV,Prairies,Torrent (avec végétation),Broussailles / formations arbustives,Sedrun,GR,42,12481,75,174,0.0392988503440597
Clethrionomys glareolus (Campagnol roussâtre),1,701311,170494,1375,2024,Pièges à capturer vivant : PVIV,Prairies,Torrent (avec végétation),Broussailles / formations arbustives,Sedrun,GR,42,12481,75,174,0.0392988503440597
Clethrionomys glareolus (Campagnol roussâtre),1,701311,170494,1375,2024,Pièges à capturer vivant : PVIV,Prairies,Torrent (avec végétation),Broussailles / formations arbustives,Sedrun,GR,42,12481,75,174,0.0392988503440597
Clethrionomys glareolus (Campagnol roussâtre),1,701311,170494,1375,2024,Pièges à capturer vivant : PVIV,Prairies,Torrent (avec végétation),Broussailles / formations arbustives,Sedrun,GR,42,12481,75,174,0.0392988503440597
Clethrionomys glareolus (Campagnol roussâtre),1,701311,170494,1375,2024,Pièges à capturer vivant : PVIV,Prairies,Torrent (avec végétation),Broussailles / formations arbustives,Sedrun,GR,42,12481,75,174,0.0392988503440597
Clethrionomys glareolus (Campagnol roussâtre),1,701311,170494,1375,2024,Pièges à capturer vivant : PVIV,Prairies,Torrent (avec végétation),Broussailles / formations arbustives,Sedrun,GR,42,12481,75,174,0.0392988503440597
Clethrionomys glareolus (Campagnol roussâtre),1,701311,170494,1375,2024,Pièges à capturer vivant : PVIV,Prairies,Torrent (avec végétation),Broussailles / formations arbustives,Sedrun,GR,42,12481,75,174,0.0392988503440597
Clethrionomys glareolus (Campagnol roussâtre),1,701311,170494,1375,2024,Pièges à capturer vivant : PVIV,Prairies,Torrent (avec végétation),Broussailles / formations arbustives,Sedrun,GR,42,12481,75,174,0.0392988503440597
Clethrionomys glareolus (Campagnol roussâtre),1,701311,170494,1375,2024,Pièges à capturer vivant : PVIV,Prairies,Torrent (avec végétation),Broussailles / formations arbustives,Sedrun,GR,42,12481,75,174,0.0392988503440597
Clethrionomys glareolus (Campagnol roussâtre),1,701311,170494,1375,2024,Pièges à capturer vivant : PVIV,Prairies,Torrent (avec végétation),Broussailles / formations arbustives,Sedrun,GR,42,12481,75,174,0.0392988503440597
Clethrionomys glareolus (Campagnol roussâtre),1,701311,170494,1375,2024,Pièges à capturer vivant : PVIV,Prairies,Torrent (avec végétation),Broussailles / formations arbustives,Sedrun,GR,42,12481,75,174,0.0392988503440597
Clethrionomys glareolus (Campagnol roussâtre),1,701311,170494,1375,2024,Pièges à capturer vivant : PVIV,Prairies,Torrent (avec végétation),Broussailles / formations arbustives,Sedrun,GR,42,12481,75,174,0.0392988503440597
Clethrionomys glareolus (Campagnol roussâtre),1,701311,170494,1375,2024,Pièges à capturer vivant : PVIV,Prairies,Torrent (avec végétation),Broussailles / formations arbustives,Sedrun,GR,42,12481,75,174,0.0392988503440597
Clethrionomys glareolus (Campagnol roussâtre),1,701323,170469,1375,2024,Pièges à capturer vivant : PVIV,Prairies,Torrent (avec végétation),Broussailles / formations arbustives,Sedrun,GR,43,12487,75,175,0.003492316244476
Clethrionomys glareolus (Campagnol roussâtre),1,701323,170469,1375,2024,Pièges à capturer vivant : PVIV,Prairies,Torrent (avec végétation),Broussailles / formations arbustives,Sedrun,GR,43,12487,75,175,0.003492316244476
Clethrionomys glareolus (Campagnol roussâtre),1,701323,170469,1375,2024,Pièges à capturer vivant : PVIV,Prairies,Torrent (avec végétation),Broussailles / formations arbustives,Sedrun,GR,43,12487,75,175,0.003492316244476
Clethrionomys glareolus (Campagnol roussâtre),1,701323,170469,1375,2024,Pièges à capturer vivant : PVIV,Prairies,Torrent (avec végétation),Broussailles / formations arbustives,Sedrun,GR,43,12487,75,175,0.003492316244476
Clethrionomys glareolus (Campagnol roussâtre),1,701323,170469,1375,2024,Pièges à capturer vivant : PVIV,Prairies,Torrent (avec végétation),Broussailles / formations arbustives,Sedrun,GR,43,12487,75,175,0.003492316244476
Apodemus alpicola (Mulot alpestre),1,701814,166965,1650,2024,Pièges à capturer vivant : PVIV,Milieux forestiers ouverts / perturbés (conifères),Ruisseau (avec végétation),Milieux rocheux naturels,Sedrun,GR,35,13582,71,163,0.572883212229797
Clethrionomys glareolus (Campagnol roussâtre),1,701814,166965,1650,2024,Pièges à capturer vivant : PVIV,Milieux forestiers ouverts / perturbés (conifères),Ruisseau (avec végétation),Milieux rocheux naturels,Sedrun,GR,35,13582,71,163,0.572883212229797
Clethrionomys glareolus (Campagnol roussâtre),1,701814,166965,1650,2024,Pièges à capturer vivant : PVIV,Milieux forestiers ouverts / perturbés (conifères),Ruisseau (avec végétation),Milieux rocheux naturels,Sedrun,GR,35,13582,71,163,0.572883212229797
Clethrionomys glareolus (Campagnol roussâtre),1,701814,166965,1650,2024,Pièges à capturer vivant : PVIV,Milieux forestiers ouverts / perturbés (conifères),Ruisseau (avec végétation),Milieux rocheux naturels,Sedrun,GR,35,13582,71,163,0.572883212229797
Neomys fodiens (Musaraigne aquatique),1,701814,166965,1650,2024,Pièges à capturer vivant : PVIV,Milieux forestiers ouverts / perturbés (conifères),Ruisseau (avec végétation),Milieux rocheux naturels,Sedrun,GR,35,13582,71,163,0.572883212229797
Neomys fodiens (Musaraigne aquatique),1,701814,166965,1650,2024,Pièges à capturer vivant : PVIV,Milieux forestiers ouverts / perturbés (conifères),Ruisseau (avec végétation),Milieux rocheux naturels,Sedrun,GR,35,13582,71,163,0.572883212229797
Neomys fodiens (Musaraigne aquatique),1,701814,166965,1650,2024,Pièges à capturer vivant : PVIV,Milieux forestiers ouverts / perturbés (conifères),Ruisseau (avec végétation),Milieux rocheux naturels,Sedrun,GR,35,13582,71,163,0.572883212229797
Apodemus alpicola (Mulot alpestre),1,701918,166947,1650,2024,Pièges à capturer vivant : PVIV,Prairies,Ruisseau (avec végétation),NA,Sedrun,GR,32,13617,70,160,0.692456844676925
Chionomys nivalis (Campagnol des neiges),1,701918,166947,1650,2024,Pièges à capturer vivant : PVIV,Prairies,Ruisseau (avec végétation),NA,Sedrun,GR,32,13617,70,160,0.692456844676925
Chionomys nivalis (Campagnol des neiges),1,701918,166947,1650,2024,Pièges à capturer vivant : PVIV,Prairies,Ruisseau (avec végétation),NA,Sedrun,GR,32,13617,70,160,0.692456844676925
Chionomys nivalis (Campagnol des neiges),1,701918,166947,1650,2024,Pièges à capturer vivant : PVIV,Prairies,Ruisseau (avec végétation),NA,Sedrun,GR,32,13617,70,160,0.692456844676925
Chionomys nivalis (Campagnol des neiges),1,701918,166947,1650,2024,Pièges à capturer vivant : PVIV,Prairies,Ruisseau (avec végétation),NA,Sedrun,GR,32,13617,70,160,0.692456844676925
Clethrionomys glareolus (Campagnol roussâtre),1,701918,166947,1650,2024,Pièges à capturer vivant : PVIV,Prairies,Ruisseau (avec végétation),NA,Sedrun,GR,32,13617,70,160,0.692456844676925
Clethrionomys glareolus (Campagnol roussâtre),1,701918,166947,1650,2024,Pièges à capturer vivant : PVIV,Prairies,Ruisseau (avec végétation),NA,Sedrun,GR,32,13617,70,160,0.692456844676925
Microtus lavernedii (Campagnol de Lavernède),1,701918,166947,1650,2024,Pièges à capturer vivant : PVIV,Prairies,Ruisseau (avec végétation),NA,Sedrun,GR,32,13617,70,160,0.692456844676925
Neomys fodiens (Musaraigne aquatique),1,701918,166947,1650,2024,Pièges à capturer vivant : PVIV,Prairies,Ruisseau (avec végétation),NA,Sedrun,GR,32,13617,70,160,0.692456844676925
Neomys fodiens (Musaraigne aquatique),1,701918,166947,1650,2024,Pièges à capturer vivant : PVIV,Prairies,Ruisseau (avec végétation),NA,Sedrun,GR,32,13617,70,160,0.692456844676925
Sorex antinorii (Musaraigne du Valais),1,701918,166947,1650,2024,Pièges à capturer vivant : PVIV,Prairies,Ruisseau (avec végétation),NA,Sedrun,GR,32,13617,70,160,0.692456844676925
Clethrionomys glareolus (Campagnol roussâtre),1,701931,170271,1335,2024,Pièges à capturer vivant : PVIV,Prairies,Structures linéaires arborées dans les paysages agricoles,NA,Sedrun,GR,44,12319,76,177,-0.0834937420176524
Clethrionomys glareolus (Campagnol roussâtre),1,701931,170271,1335,2024,Pièges à capturer vivant : PVIV,Prairies,Structures linéaires arborées dans les paysages agricoles,NA,Sedrun,GR,44,12319,76,177,-0.0834937420176524
Clethrionomys glareolus (Campagnol roussâtre),1,701931,170271,1335,2024,Pièges à capturer vivant : PVIV,Prairies,Structures linéaires arborées dans les paysages agricoles,NA,Sedrun,GR,44,12319,76,177,-0.0834937420176524
Microtus lavernedii (Campagnol de Lavernède),1,701931,170271,1335,2024,Pièges à capturer vivant : PVIV,Prairies,Structures linéaires arborées dans les paysages agricoles,NA,Sedrun,GR,44,12319,76,177,-0.0834937420176524
Microtus lavernedii (Campagnol de Lavernède),1,701931,170271,1335,2024,Pièges à capturer vivant : PVIV,Prairies,Structures linéaires arborées dans les paysages agricoles,NA,Sedrun,GR,44,12319,76,177,-0.0834937420176524
Neomys fodiens (Musaraigne aquatique),1,701931,170271,1335,2024,Pièges à capturer vivant : PVIV,Prairies,Structures linéaires arborées dans les paysages agricoles,NA,Sedrun,GR,44,12319,76,177,-0.0834937420176524
Apodemus alpicola (Mulot alpestre),1,702016,170180,1325,2024,Pièges à capturer vivant : PVIV,Prairies,Lisières forestières (conifères),Milieux rocheux naturels,Sedrun,GR,46,12290,76,179,-0.155913786116637
Microtus lavernedii (Campagnol de Lavernède),1,702016,170180,1325,2024,Pièges à capturer vivant : PVIV,Prairies,Lisières forestières (conifères),Milieux rocheux naturels,Sedrun,GR,46,12290,76,179,-0.155913786116637
Microtus lavernedii (Campagnol de Lavernède),1,702016,170180,1325,2024,Pièges à capturer vivant : PVIV,Prairies,Lisières forestières (conifères),Milieux rocheux naturels,Sedrun,GR,46,12290,76,179,-0.155913786116637
Microtus lavernedii (Campagnol de Lavernède),1,702016,170180,1325,2024,Pièges à capturer vivant : PVIV,Prairies,Lisières forestières (conifères),Milieux rocheux naturels,Sedrun,GR,46,12290,76,179,-0.155913786116637
Neomys fodiens (Musaraigne aquatique),1,702118,165994,2050,2024,Pièges à capturer vivant : PVIV,Prairies,Ruisseau (sans végétation),Broussailles / formations arbustives,Sedrun,GR,12,14756,63,133,1.85966167978064
Microtus lavernedii (Campagnol de Lavernède),1,702176,170439,1370,2024,Pièges à capturer vivant : PVIV,Prairies,NA,NA,Sedrun,GR,43,12359,75,176,-0.0078503923981671
Microtus lavernedii (Campagnol de Lavernède),1,702176,170439,1370,2024,Pièges à capturer vivant : PVIV,Prairies,NA,NA,Sedrun,GR,43,12359,75,176,-0.0078503923981671
Microtus lavernedii (Campagnol de Lavernède),1,702176,170439,1370,2024,Pièges à capturer vivant : PVIV,Prairies,NA,NA,Sedrun,GR,43,12359,75,176,-0.0078503923981671
Microtus lavernedii (Campagnol de Lavernède),1,702176,170439,1370,2024,Pièges à capturer vivant : PVIV,Prairies,NA,NA,Sedrun,GR,43,12359,75,176,-0.0078503923981671
Sorex araneus (Musaraigne carrelet),1,702176,170439,1370,2024,Pièges à capturer vivant : PVIV,Prairies,NA,NA,Sedrun,GR,43,12359,75,176,-0.0078503923981671
Sorex araneus (Musaraigne carrelet),1,702176,170439,1370,2024,Pièges à capturer vivant : PVIV,Prairies,NA,NA,Sedrun,GR,43,12359,75,176,-0.0078503923981671
Sorex araneus (Musaraigne carrelet),1,702176,170439,1370,2024,Pièges à capturer vivant : PVIV,Prairies,NA,NA,Sedrun,GR,43,12359,75,176,-0.0078503923981671
Sorex araneus (Musaraigne carrelet),1,702176,170439,1370,2024,Pièges à capturer vivant : PVIV,Prairies,NA,NA,Sedrun,GR,43,12359,75,176,-0.0078503923981671
Apodemus alpicola (Mulot alpestre),1,702437,169272,1500,2024,Pièges à capturer vivant : PVIV,Milieux forestiers ouverts / perturbés (conifères),NA,NA,Sedrun,GR,51,12130,79,187,-0.189123644318058
Apodemus alpicola (Mulot alpestre),1,702437,169272,1500,2024,Pièges à capturer vivant : PVIV,Milieux forestiers ouverts / perturbés (conifères),NA,NA,Sedrun,GR,51,12130,79,187,-0.189123644318058
Clethrionomys glareolus (Campagnol roussâtre),1,702437,169272,1500,2024,Pièges à capturer vivant : PVIV,Milieux forestiers ouverts / perturbés (conifères),NA,NA,Sedrun,GR,51,12130,79,187,-0.189123644318058
Clethrionomys glareolus (Campagnol roussâtre),1,702437,169272,1500,2024,Pièges à capturer vivant : PVIV,Milieux forestiers ouverts / perturbés (conifères),NA,NA,Sedrun,GR,51,12130,79,187,-0.189123644318058
Clethrionomys glareolus (Campagnol roussâtre),1,702437,169272,1500,2024,Pièges à capturer vivant : PVIV,Milieux forestiers ouverts / perturbés (conifères),NA,NA,Sedrun,GR,51,12130,79,187,-0.189123644318058
Clethrionomys glareolus (Campagnol roussâtre),1,702437,169272,1500,2024,Pièges à capturer vivant : PVIV,Milieux forestiers ouverts / perturbés (conifères),NA,NA,Sedrun,GR,51,12130,79,187,-0.189123644318058
Clethrionomys glareolus (Campagnol roussâtre),1,702437,169272,1500,2024,Pièges à capturer vivant : PVIV,Milieux forestiers ouverts / perturbés (conifères),NA,NA,Sedrun,GR,51,12130,79,187,-0.189123644318058
Clethrionomys glareolus (Campagnol roussâtre),1,702437,169272,1500,2024,Pièges à capturer vivant : PVIV,Milieux forestiers ouverts / perturbés (conifères),NA,NA,Sedrun,GR,51,12130,79,187,-0.189123644318058
Clethrionomys glareolus (Campagnol roussâtre),1,702437,169272,1500,2024,Pièges à capturer vivant : PVIV,Milieux forestiers ouverts / perturbés (conifères),NA,NA,Sedrun,GR,51,12130,79,187,-0.189123644318058
Clethrionomys glareolus (Campagnol roussâtre),1,702628,169097,1512,2024,Pièges à capturer vivant : PVIV,Milieux forestiers (conifères),Ruisseau (avec végétation),Lisières forestières (conifères),Sedrun,GR,51,12206,79,187,-0.184610775842083
Apodemus alpicola (Mulot alpestre),1,702628,169097,1512,2024,Pièges à capturer vivant : PVIV,Milieux forestiers (conifères),Ruisseau (avec végétation),NA,Sedrun,GR,51,12206,79,187,-0.184610775842083
Apodemus alpicola (Mulot alpestre),1,702628,169097,1512,2024,Pièges à capturer vivant : PVIV,Milieux forestiers (conifères),Ruisseau (avec végétation),NA,Sedrun,GR,51,12206,79,187,-0.184610775842083
Apodemus alpicola (Mulot alpestre),1,702628,169097,1512,2024,Pièges à capturer vivant : PVIV,Milieux forestiers (conifères),Ruisseau (avec végétation),NA,Sedrun,GR,51,12206,79,187,-0.184610775842083
Clethrionomys glareolus (Campagnol roussâtre),1,702628,169097,1512,2024,Pièges à capturer vivant : PVIV,Milieux forestiers (conifères),Ruisseau (avec végétation),NA,Sedrun,GR,51,12206,79,187,-0.184610775842083
Clethrionomys glareolus (Campagnol roussâtre),1,702628,169097,1512,2024,Pièges à capturer vivant : PVIV,Milieux forestiers (conifères),Ruisseau (avec végétation),NA,Sedrun,GR,51,12206,79,187,-0.184610775842083
Clethrionomys glareolus (Campagnol roussâtre),1,702628,169097,1512,2024,Pièges à capturer vivant : PVIV,Milieux forestiers (conifères),Ruisseau (avec végétation),NA,Sedrun,GR,51,12206,79,187,-0.184610775842083
Clethrionomys glareolus (Campagnol roussâtre),1,702628,169097,1512,2024,Pièges à capturer vivant : PVIV,Milieux forestiers (conifères),Ruisseau (avec végétation),NA,Sedrun,GR,51,12206,79,187,-0.184610775842083
Clethrionomys glareolus (Campagnol roussâtre),1,702628,169097,1512,2024,Pièges à capturer vivant : PVIV,Milieux forestiers (conifères),Ruisseau (avec végétation),NA,Sedrun,GR,51,12206,79,187,-0.184610775842083
Clethrionomys glareolus (Campagnol roussâtre),1,702628,169097,1512,2024,Pièges à capturer vivant : PVIV,Milieux forestiers (conifères),Ruisseau (avec végétation),NA,Sedrun,GR,51,12206,79,187,-0.184610775842083
Clethrionomys glareolus (Campagnol roussâtre),1,702628,169097,1512,2024,Pièges à capturer vivant : PVIV,Milieux forestiers (conifères),Ruisseau (avec végétation),NA,Sedrun,GR,51,12206,79,187,-0.184610775842083
Clethrionomys glareolus (Campagnol roussâtre),1,702628,169097,1512,2024,Pièges à capturer vivant : PVIV,Milieux forestiers (conifères),Ruisseau (avec végétation),NA,Sedrun,GR,51,12206,79,187,-0.184610775842083
Sorex antinorii (Musaraigne du Valais),1,702628,169097,1512,2024,Pièges à capturer vivant : PVIV,Milieux forestiers (conifères),Ruisseau (avec végétation),NA,Sedrun,GR,51,12206,79,187,-0.184610775842083
Clethrionomys glareolus (Campagnol roussâtre),1,702632,169593,1500,2024,Pièges à capturer vivant : PVIV,Prairies,Milieux rocheux naturels,Lisières forestières (mixtes),Sedrun,GR,51,12030,79,187,-0.221097628826742
Clethrionomys glareolus (Campagnol roussâtre),1,702632,169593,1500,2024,Pièges à capturer vivant : PVIV,Prairies,Milieux rocheux naturels,Lisières forestières (mixtes),Sedrun,GR,51,12030,79,187,-0.221097628826742
Clethrionomys glareolus (Campagnol roussâtre),1,702632,169593,1500,2024,Pièges à capturer vivant : PVIV,Prairies,Milieux rocheux naturels,Lisières forestières (mixtes),Sedrun,GR,51,12030,79,187,-0.221097628826742
Clethrionomys glareolus (Campagnol roussâtre),1,702632,169593,1500,2024,Pièges à capturer vivant : PVIV,Prairies,Milieux rocheux naturels,Lisières forestières (mixtes),Sedrun,GR,51,12030,79,187,-0.221097628826742
Clethrionomys glareolus (Campagnol roussâtre),1,702632,169593,1500,2024,Pièges à capturer vivant : PVIV,Prairies,Milieux rocheux naturels,Lisières forestières (mixtes),Sedrun,GR,51,12030,79,187,-0.221097628826742
Clethrionomys glareolus (Campagnol roussâtre),1,702632,169593,1500,2024,Pièges à capturer vivant : PVIV,Prairies,Milieux rocheux naturels,Lisières forestières (mixtes),Sedrun,GR,51,12030,79,187,-0.221097628826742
Clethrionomys glareolus (Campagnol roussâtre),1,702632,169593,1500,2024,Pièges à capturer vivant : PVIV,Prairies,Milieux rocheux naturels,Lisières forestières (mixtes),Sedrun,GR,51,12030,79,187,-0.221097628826742
Clethrionomys glareolus (Campagnol roussâtre),1,702632,169593,1500,2024,Pièges à capturer vivant : PVIV,Prairies,Milieux rocheux naturels,Lisières forestières (mixtes),Sedrun,GR,51,12030,79,187,-0.221097628826742
Microtus lavernedii (Campagnol de Lavernède),1,702632,169593,1500,2024,Pièges à capturer vivant : PVIV,Prairies,Milieux rocheux naturels,Lisières forestières (mixtes),Sedrun,GR,51,12030,79,187,-0.221097628826742
Microtus lavernedii (Campagnol de Lavernède),1,702632,169593,1500,2024,Pièges à capturer vivant : PVIV,Prairies,Milieux rocheux naturels,Lisières forestières (mixtes),Sedrun,GR,51,12030,79,187,-0.221097628826742
Microtus lavernedii (Campagnol de Lavernède),1,702632,169593,1500,2024,Pièges à capturer vivant : PVIV,Prairies,Milieux rocheux naturels,Lisières forestières (mixtes),Sedrun,GR,51,12030,79,187,-0.221097628826742
Microtus lavernedii (Campagnol de Lavernède),1,702632,169593,1500,2024,Pièges à capturer vivant : PVIV,Prairies,Milieux rocheux naturels,Lisières forestières (mixtes),Sedrun,GR,51,12030,79,187,-0.221097628826742
Microtus lavernedii (Campagnol de Lavernède),1,702632,169593,1500,2024,Pièges à capturer vivant : PVIV,Prairies,Milieux rocheux naturels,Lisières forestières (mixtes),Sedrun,GR,51,12030,79,187,-0.221097628826742
Microtus lavernedii (Campagnol de Lavernède),1,702632,169593,1500,2024,Pièges à capturer vivant : PVIV,Prairies,Milieux rocheux naturels,Lisières forestières (mixtes),Sedrun,GR,51,12030,79,187,-0.221097628826742
Microtus lavernedii (Campagnol de Lavernède),1,702632,169593,1500,2024,Pièges à capturer vivant : PVIV,Prairies,Milieux rocheux naturels,Lisières forestières (mixtes),Sedrun,GR,51,12030,79,187,-0.221097628826742
Microtus lavernedii (Campagnol de Lavernède),1,702632,169593,1500,2024,Pièges à capturer vivant : PVIV,Prairies,Milieux rocheux naturels,Lisières forestières (mixtes),Sedrun,GR,51,12030,79,187,-0.221097628826742
Sorex antinorii (Musaraigne du Valais),1,702632,169593,1500,2024,Pièges à capturer vivant : PVIV,Prairies,Milieux rocheux naturels,Lisières forestières (mixtes),Sedrun,GR,51,12030,79,187,-0.221097628826742
Sorex antinorii (Musaraigne du Valais),1,702632,169593,1500,2024,Pièges à capturer vivant : PVIV,Prairies,Milieux rocheux naturels,Lisières forestières (mixtes),Sedrun,GR,51,12030,79,187,-0.221097628826742
Apodemus alpicola (Mulot alpestre),1,702664,169631,1450,2024,Pièges à capturer vivant : PVIV,Prairies,Milieux rocheux anthropiques,Lisières forestières (feuillus),Sedrun,GR,51,12021,79,187,-0.234277469824592
Apodemus alpicola (Mulot alpestre),1,702664,169631,1450,2024,Pièges à capturer vivant : PVIV,Prairies,Milieux rocheux anthropiques,Lisières forestières (feuillus),Sedrun,GR,51,12021,79,187,-0.234277469824592
Apodemus alpicola (Mulot alpestre),1,702664,169631,1450,2024,Pièges à capturer vivant : PVIV,Prairies,Milieux rocheux anthropiques,Lisières forestières (feuillus),Sedrun,GR,51,12021,79,187,-0.234277469824592
Clethrionomys glareolus (Campagnol roussâtre),1,702664,169631,1450,2024,Pièges à capturer vivant : PVIV,Prairies,Milieux rocheux anthropiques,Lisières forestières (feuillus),Sedrun,GR,51,12021,79,187,-0.234277469824592
Clethrionomys glareolus (Campagnol roussâtre),1,702664,169631,1450,2024,Pièges à capturer vivant : PVIV,Prairies,Milieux rocheux anthropiques,Lisières forestières (feuillus),Sedrun,GR,51,12021,79,187,-0.234277469824592
Microtus lavernedii (Campagnol de Lavernède),1,702664,169631,1450,2024,Pièges à capturer vivant : PVIV,Prairies,Milieux rocheux anthropiques,Lisières forestières (feuillus),Sedrun,GR,51,12021,79,187,-0.234277469824592
Microtus lavernedii (Campagnol de Lavernède),1,702664,169631,1450,2024,Pièges à capturer vivant : PVIV,Prairies,Milieux rocheux anthropiques,Lisières forestières (feuillus),Sedrun,GR,51,12021,79,187,-0.234277469824592
Microtus lavernedii (Campagnol de Lavernède),1,702664,169631,1450,2024,Pièges à capturer vivant : PVIV,Prairies,Milieux rocheux anthropiques,Lisières forestières (feuillus),Sedrun,GR,51,12021,79,187,-0.234277469824592
Microtus lavernedii (Campagnol de Lavernède),1,702664,169631,1450,2024,Pièges à capturer vivant : PVIV,Prairies,Milieux rocheux anthropiques,Lisières forestières (feuillus),Sedrun,GR,51,12021,79,187,-0.234277469824592
Microtus lavernedii (Campagnol de Lavernède),1,702664,169631,1450,2024,Pièges à capturer vivant : PVIV,Prairies,Milieux rocheux anthropiques,Lisières forestières (feuillus),Sedrun,GR,51,12021,79,187,-0.234277469824592
Microtus lavernedii (Campagnol de Lavernède),1,702664,169631,1450,2024,Pièges à capturer vivant : PVIV,Prairies,Milieux rocheux anthropiques,Lisières forestières (feuillus),Sedrun,GR,51,12021,79,187,-0.234277469824592
Microtus lavernedii (Campagnol de Lavernède),1,702664,169631,1450,2024,Pièges à capturer vivant : PVIV,Prairies,Milieux rocheux anthropiques,Lisières forestières (feuillus),Sedrun,GR,51,12021,79,187,-0.234277469824592
Microtus lavernedii (Campagnol de Lavernède),1,702664,169631,1450,2024,Pièges à capturer vivant : PVIV,Prairies,Milieux rocheux anthropiques,Lisières forestières (feuillus),Sedrun,GR,51,12021,79,187,-0.234277469824592
Microtus lavernedii (Campagnol de Lavernède),1,702664,169631,1450,2024,Pièges à capturer vivant : PVIV,Prairies,Milieux rocheux anthropiques,Lisières forestières (feuillus),Sedrun,GR,51,12021,79,187,-0.234277469824592
Apodemus alpicola (Mulot alpestre),1,702681,170345,1330,2024,Pièges à capturer vivant : PVIV,Milieux forestiers (feuillus),Torrent (avec végétation),NA,Sedrun,GR,45,12272,76,178,-0.110730191317905
Clethrionomys glareolus (Campagnol roussâtre),1,702681,170345,1330,2024,Pièges à capturer vivant : PVIV,Milieux forestiers (feuillus),Torrent (avec végétation),NA,Sedrun,GR,45,12272,76,178,-0.110730191317905
Clethrionomys glareolus (Campagnol roussâtre),1,702681,170345,1330,2024,Pièges à capturer vivant : PVIV,Milieux forestiers (feuillus),Torrent (avec végétation),NA,Sedrun,GR,45,12272,76,178,-0.110730191317905
Clethrionomys glareolus (Campagnol roussâtre),1,702681,170345,1330,2024,Pièges à capturer vivant : PVIV,Milieux forestiers (feuillus),Torrent (avec végétation),NA,Sedrun,GR,45,12272,76,178,-0.110730191317905
Clethrionomys glareolus (Campagnol roussâtre),1,702681,170345,1330,2024,Pièges à capturer vivant : PVIV,Milieux forestiers (feuillus),Torrent (avec végétation),NA,Sedrun,GR,45,12272,76,178,-0.110730191317905
Clethrionomys glareolus (Campagnol roussâtre),1,702681,170345,1330,2024,Pièges à capturer vivant : PVIV,Milieux forestiers (feuillus),Torrent (avec végétation),NA,Sedrun,GR,45,12272,76,178,-0.110730191317905
Clethrionomys glareolus (Campagnol roussâtre),1,702681,170345,1330,2024,Pièges à capturer vivant : PVIV,Milieux forestiers (feuillus),Torrent (avec végétation),NA,Sedrun,GR,45,12272,76,178,-0.110730191317905
Clethrionomys glareolus (Campagnol roussâtre),1,702681,170345,1330,2024,Pièges à capturer vivant : PVIV,Milieux forestiers (feuillus),Torrent (avec végétation),NA,Sedrun,GR,45,12272,76,178,-0.110730191317905
Clethrionomys glareolus (Campagnol roussâtre),1,702681,170345,1330,2024,Pièges à capturer vivant : PVIV,Milieux forestiers (feuillus),Torrent (avec végétation),NA,Sedrun,GR,45,12272,76,178,-0.110730191317905
Apodemus alpicola (Mulot alpestre),1,702697,170313,1310,2024,Pièges à capturer vivant : PVIV,Milieux forestiers (mixtes),Torrent (avec végétation),NA,Sedrun,GR,45,12268,76,178,-0.119710976617834
Clethrionomys glareolus (Campagnol roussâtre),1,702697,170313,1310,2024,Pièges à capturer vivant : PVIV,Milieux forestiers (mixtes),Torrent (avec végétation),NA,Sedrun,GR,45,12268,76,178,-0.119710976617834
Clethrionomys glareolus (Campagnol roussâtre),1,702697,170313,1310,2024,Pièges à capturer vivant : PVIV,Milieux forestiers (mixtes),Torrent (avec végétation),NA,Sedrun,GR,45,12268,76,178,-0.119710976617834
Clethrionomys glareolus (Campagnol roussâtre),1,702697,170313,1310,2024,Pièges à capturer vivant : PVIV,Milieux forestiers (mixtes),Torrent (avec végétation),NA,Sedrun,GR,45,12268,76,178,-0.119710976617834
Neomys fodiens (Musaraigne aquatique),1,702697,170313,1310,2024,Pièges à capturer vivant : PVIV,Milieux forestiers (mixtes),Torrent (avec végétation),NA,Sedrun,GR,45,12268,76,178,-0.119710976617834
Sorex araneus (Musaraigne carrelet),1,702697,170313,1310,2024,Pièges à capturer vivant : PVIV,Milieux forestiers (mixtes),Torrent (avec végétation),NA,Sedrun,GR,45,12268,76,178,-0.119710976617834
Clethrionomys glareolus (Campagnol roussâtre),1,702768,169216,1513,2024,Pièges à capturer vivant : PVIV,Milieux humides (Bas marais),Lisières forestières (conifères),NA,Sedrun,GR,51,12150,79,187,-0.182855120171981
Clethrionomys glareolus (Campagnol roussâtre),1,702768,169216,1513,2024,Pièges à capturer vivant : PVIV,Milieux humides (Bas marais),Lisières forestières (conifères),NA,Sedrun,GR,51,12150,79,187,-0.182855120171981
Clethrionomys glareolus (Campagnol roussâtre),1,702768,169216,1513,2024,Pièges à capturer vivant : PVIV,Milieux humides (Bas marais),Lisières forestières (conifères),NA,Sedrun,GR,51,12150,79,187,-0.182855120171981
Clethrionomys glareolus (Campagnol roussâtre),1,702768,169216,1513,2024,Pièges à capturer vivant : PVIV,Milieux humides (Bas marais),Lisières forestières (conifères),NA,Sedrun,GR,51,12150,79,187,-0.182855120171981
Clethrionomys glareolus (Campagnol roussâtre),1,702768,169216,1513,2024,Pièges à capturer vivant : PVIV,Milieux humides (Bas marais),Lisières forestières (conifères),NA,Sedrun,GR,51,12150,79,187,-0.182855120171981
Neomys fodiens (Musaraigne aquatique),1,702768,169216,1513,2024,Pièges à capturer vivant : PVIV,Milieux humides (Bas marais),Lisières forestières (conifères),NA,Sedrun,GR,51,12150,79,187,-0.182855120171981
Clethrionomys glareolus (Campagnol roussâtre),1,702802,169856,1420,2024,Pièges à capturer vivant : PVIV,Prairies,Lisières forestières (feuillus),NA,Sedrun,GR,50,12116,79,186,-0.216125684960604
Clethrionomys glareolus (Campagnol roussâtre),1,702802,169856,1420,2024,Pièges à capturer vivant : PVIV,Prairies,Lisières forestières (feuillus),NA,Sedrun,GR,50,12116,79,186,-0.216125684960604
Clethrionomys glareolus (Campagnol roussâtre),1,702802,169856,1420,2024,Pièges à capturer vivant : PVIV,Prairies,Lisières forestières (feuillus),NA,Sedrun,GR,50,12116,79,186,-0.216125684960604
Clethrionomys glareolus (Campagnol roussâtre),1,702802,169856,1420,2024,Pièges à capturer vivant : PVIV,Prairies,Lisières forestières (feuillus),NA,Sedrun,GR,50,12116,79,186,-0.216125684960604
Clethrionomys glareolus (Campagnol roussâtre),1,702802,169856,1420,2024,Pièges à capturer vivant : PVIV,Prairies,Lisières forestières (feuillus),NA,Sedrun,GR,50,12116,79,186,-0.216125684960604
Clethrionomys glareolus (Campagnol roussâtre),1,702802,169856,1420,2024,Pièges à capturer vivant : PVIV,Prairies,Lisières forestières (feuillus),NA,Sedrun,GR,50,12116,79,186,-0.216125684960604
Clethrionomys glareolus (Campagnol roussâtre),1,702802,169856,1420,2024,Pièges à capturer vivant : PVIV,Prairies,Lisières forestières (feuillus),NA,Sedrun,GR,50,12116,79,186,-0.216125684960604
Clethrionomys glareolus (Campagnol roussâtre),1,702802,169856,1420,2024,Pièges à capturer vivant : PVIV,Prairies,Lisières forestières (feuillus),NA,Sedrun,GR,50,12116,79,186,-0.216125684960604
Microtus lavernedii (Campagnol de Lavernède),1,702802,169856,1420,2024,Pièges à capturer vivant : PVIV,Prairies,Lisières forestières (feuillus),NA,Sedrun,GR,50,12116,79,186,-0.216125684960604
Microtus lavernedii (Campagnol de Lavernède),1,702802,169856,1420,2024,Pièges à capturer vivant : PVIV,Prairies,Lisières forestières (feuillus),NA,Sedrun,GR,50,12116,79,186,-0.216125684960604
Microtus lavernedii (Campagnol de Lavernède),1,702802,169856,1420,2024,Pièges à capturer vivant : PVIV,Prairies,Lisières forestières (feuillus),NA,Sedrun,GR,50,12116,79,186,-0.216125684960604
Microtus lavernedii (Campagnol de Lavernède),1,702802,169856,1420,2024,Pièges à capturer vivant : PVIV,Prairies,Lisières forestières (feuillus),NA,Sedrun,GR,50,12116,79,186,-0.216125684960604
Microtus lavernedii (Campagnol de Lavernède),1,702802,169856,1420,2024,Pièges à capturer vivant : PVIV,Prairies,Lisières forestières (feuillus),NA,Sedrun,GR,50,12116,79,186,-0.216125684960604
Microtus lavernedii (Campagnol de Lavernède),1,702802,169856,1420,2024,Pièges à capturer vivant : PVIV,Prairies,Lisières forestières (feuillus),NA,Sedrun,GR,50,12116,79,186,-0.216125684960604
Microtus lavernedii (Campagnol de Lavernède),1,702802,169856,1420,2024,Pièges à capturer vivant : PVIV,Prairies,Lisières forestières (feuillus),NA,Sedrun,GR,50,12116,79,186,-0.216125684960604
Apodemus alpicola (Mulot alpestre),1,702974,169404,1512,2024,Pièges à capturer vivant : PVIV,Milieux forestiers ouverts / perturbés (conifères),NA,NA,Sedrun,GR,51,12031,79,187,-0.172400160572672
Clethrionomys glareolus (Campagnol roussâtre),1,702974,169404,1512,2024,Pièges à capturer vivant : PVIV,Milieux forestiers ouverts / perturbés (conifères),NA,NA,Sedrun,GR,51,12031,79,187,-0.172400160572672
Clethrionomys glareolus (Campagnol roussâtre),1,702974,169404,1512,2024,Pièges à capturer vivant : PVIV,Milieux forestiers ouverts / perturbés (conifères),NA,NA,Sedrun,GR,51,12031,79,187,-0.172400160572672
Clethrionomys glareolus (Campagnol roussâtre),1,702974,169404,1512,2024,Pièges à capturer vivant : PVIV,Milieux forestiers ouverts / perturbés (conifères),NA,NA,Sedrun,GR,51,12031,79,187,-0.172400160572672
Clethrionomys glareolus (Campagnol roussâtre),1,702974,169404,1512,2024,Pièges à capturer vivant : PVIV,Milieux forestiers ouverts / perturbés (conifères),NA,NA,Sedrun,GR,51,12031,79,187,-0.172400160572672
Clethrionomys glareolus (Campagnol roussâtre),1,702974,169404,1512,2024,Pièges à capturer vivant : PVIV,Milieux forestiers ouverts / perturbés (conifères),NA,NA,Sedrun,GR,51,12031,79,187,-0.172400160572672
Clethrionomys glareolus (Campagnol roussâtre),1,702974,169404,1512,2024,Pièges à capturer vivant : PVIV,Milieux forestiers ouverts / perturbés (conifères),NA,NA,Sedrun,GR,51,12031,79,187,-0.172400160572672
Clethrionomys glareolus (Campagnol roussâtre),1,702974,169404,1512,2024,Pièges à capturer vivant : PVIV,Milieux forestiers ouverts / perturbés (conifères),NA,NA,Sedrun,GR,51,12031,79,187,-0.172400160572672
Clethrionomys glareolus (Campagnol roussâtre),1,702974,169404,1512,2024,Pièges à capturer vivant : PVIV,Milieux forestiers ouverts / perturbés (conifères),NA,NA,Sedrun,GR,51,12031,79,187,-0.172400160572672
Clethrionomys glareolus (Campagnol roussâtre),1,702974,169404,1512,2024,Pièges à capturer vivant : PVIV,Milieux forestiers ouverts / perturbés (conifères),NA,NA,Sedrun,GR,51,12031,79,187,-0.172400160572672
Clethrionomys glareolus (Campagnol roussâtre),1,702974,169404,1512,2024,Pièges à capturer vivant : PVIV,Milieux forestiers ouverts / perturbés (conifères),NA,NA,Sedrun,GR,51,12031,79,187,-0.172400160572672
Apodemus alpicola (Mulot alpestre),1,703329,169658,1498,2024,Pièges à capturer vivant : PVIV,Milieux forestiers ouverts / perturbés (conifères),NA,NA,Sedrun,GR,52,11988,80,189,-0.238315540899265
Apodemus alpicola (Mulot alpestre),1,703329,169658,1498,2024,Pièges à capturer vivant : PVIV,Milieux forestiers ouverts / perturbés (conifères),NA,NA,Sedrun,GR,52,11988,80,189,-0.238315540899265
Apodemus alpicola (Mulot alpestre),1,703329,169658,1498,2024,Pièges à capturer vivant : PVIV,Milieux forestiers ouverts / perturbés (conifères),NA,NA,Sedrun,GR,52,11988,80,189,-0.238315540899265
Clethrionomys glareolus (Campagnol roussâtre),1,703329,169658,1498,2024,Pièges à capturer vivant : PVIV,Milieux forestiers ouverts / perturbés (conifères),NA,NA,Sedrun,GR,52,11988,80,189,-0.238315540899265
Clethrionomys glareolus (Campagnol roussâtre),1,703329,169658,1498,2024,Pièges à capturer vivant : PVIV,Milieux forestiers ouverts / perturbés (conifères),NA,NA,Sedrun,GR,52,11988,80,189,-0.238315540899265
Clethrionomys glareolus (Campagnol roussâtre),1,703329,169658,1498,2024,Pièges à capturer vivant : PVIV,Milieux forestiers ouverts / perturbés (conifères),NA,NA,Sedrun,GR,52,11988,80,189,-0.238315540899265
Clethrionomys glareolus (Campagnol roussâtre),1,703329,169658,1498,2024,Pièges à capturer vivant : PVIV,Milieux forestiers ouverts / perturbés (conifères),NA,NA,Sedrun,GR,52,11988,80,189,-0.238315540899265
Clethrionomys glareolus (Campagnol roussâtre),1,703329,169658,1498,2024,Pièges à capturer vivant : PVIV,Milieux forestiers ouverts / perturbés (conifères),NA,NA,Sedrun,GR,52,11988,80,189,-0.238315540899265
Clethrionomys glareolus (Campagnol roussâtre),1,703329,169658,1498,2024,Pièges à capturer vivant : PVIV,Milieux forestiers ouverts / perturbés (conifères),NA,NA,Sedrun,GR,52,11988,80,189,-0.238315540899265
Clethrionomys glareolus (Campagnol roussâtre),1,703329,169658,1498,2024,Pièges à capturer vivant : PVIV,Milieux forestiers ouverts / perturbés (conifères),NA,NA,Sedrun,GR,52,11988,80,189,-0.238315540899265
Clethrionomys glareolus (Campagnol roussâtre),1,703332,170097,1390,2024,Pièges à capturer vivant : PVIV,Prairies,Lisières forestières (conifères),NA,Sedrun,GR,51,12172,80,187,-0.310043483658329
Clethrionomys glareolus (Campagnol roussâtre),1,703332,170097,1390,2024,Pièges à capturer vivant : PVIV,Prairies,Lisières forestières (conifères),NA,Sedrun,GR,51,12172,80,187,-0.310043483658329
Clethrionomys glareolus (Campagnol roussâtre),1,703332,170097,1390,2024,Pièges à capturer vivant : PVIV,Prairies,Lisières forestières (conifères),NA,Sedrun,GR,51,12172,80,187,-0.310043483658329
Clethrionomys glareolus (Campagnol roussâtre),1,703332,170097,1390,2024,Pièges à capturer vivant : PVIV,Prairies,Lisières forestières (conifères),NA,Sedrun,GR,51,12172,80,187,-0.310043483658329
Clethrionomys glareolus (Campagnol roussâtre),1,703332,170097,1390,2024,Pièges à capturer vivant : PVIV,Prairies,Lisières forestières (conifères),NA,Sedrun,GR,51,12172,80,187,-0.310043483658329
Clethrionomys glareolus (Campagnol roussâtre),1,703332,170097,1390,2024,Pièges à capturer vivant : PVIV,Prairies,Lisières forestières (conifères),NA,Sedrun,GR,51,12172,80,187,-0.310043483658329
Clethrionomys glareolus (Campagnol roussâtre),1,703332,170097,1390,2024,Pièges à capturer vivant : PVIV,Prairies,Lisières forestières (conifères),NA,Sedrun,GR,51,12172,80,187,-0.310043483658329
Clethrionomys glareolus (Campagnol roussâtre),1,703332,170097,1390,2024,Pièges à capturer vivant : PVIV,Prairies,Lisières forestières (conifères),NA,Sedrun,GR,51,12172,80,187,-0.310043483658329
Clethrionomys glareolus (Campagnol roussâtre),1,703332,170097,1390,2024,Pièges à capturer vivant : PVIV,Prairies,Lisières forestières (conifères),NA,Sedrun,GR,51,12172,80,187,-0.310043483658329
Clethrionomys glareolus (Campagnol roussâtre),1,703332,170097,1390,2024,Pièges à capturer vivant : PVIV,Prairies,Lisières forestières (conifères),NA,Sedrun,GR,51,12172,80,187,-0.310043483658329
Clethrionomys glareolus (Campagnol roussâtre),1,703332,170097,1390,2024,Pièges à capturer vivant : PVIV,Prairies,Lisières forestières (conifères),NA,Sedrun,GR,51,12172,80,187,-0.310043483658329
Clethrionomys glareolus (Campagnol roussâtre),1,703332,170097,1390,2024,Pièges à capturer vivant : PVIV,Prairies,Lisières forestières (conifères),NA,Sedrun,GR,51,12172,80,187,-0.310043483658329
Microtus lavernedii (Campagnol de Lavernède),1,703332,170097,1390,2024,Pièges à capturer vivant : PVIV,Prairies,Lisières forestières (conifères),NA,Sedrun,GR,51,12172,80,187,-0.310043483658329
Clethrionomys glareolus (Campagnol roussâtre),1,703505,169600,1514,2024,Pièges à capturer vivant : PVIV,Milieux forestiers ouverts / perturbés (conifères),NA,NA,Sedrun,GR,52,11955,80,188,-0.202225917738552
Clethrionomys glareolus (Campagnol roussâtre),1,703505,169600,1514,2024,Pièges à capturer vivant : PVIV,Milieux forestiers ouverts / perturbés (conifères),NA,NA,Sedrun,GR,52,11955,80,188,-0.202225917738552
Clethrionomys glareolus (Campagnol roussâtre),1,703505,169600,1514,2024,Pièges à capturer vivant : PVIV,Milieux forestiers ouverts / perturbés (conifères),NA,NA,Sedrun,GR,52,11955,80,188,-0.202225917738552
Clethrionomys glareolus (Campagnol roussâtre),1,703505,169600,1514,2024,Pièges à capturer vivant : PVIV,Milieux forestiers ouverts / perturbés (conifères),NA,NA,Sedrun,GR,52,11955,80,188,-0.202225917738552
Clethrionomys glareolus (Campagnol roussâtre),1,703505,169600,1514,2024,Pièges à capturer vivant : PVIV,Milieux forestiers ouverts / perturbés (conifères),NA,NA,Sedrun,GR,52,11955,80,188,-0.202225917738552
Clethrionomys glareolus (Campagnol roussâtre),1,703505,169600,1514,2024,Pièges à capturer vivant : PVIV,Milieux forestiers ouverts / perturbés (conifères),NA,NA,Sedrun,GR,52,11955,80,188,-0.202225917738552
Clethrionomys glareolus (Campagnol roussâtre),1,703505,169600,1514,2024,Pièges à capturer vivant : PVIV,Milieux forestiers ouverts / perturbés (conifères),NA,NA,Sedrun,GR,52,11955,80,188,-0.202225917738552
Apodemus alpicola (Mulot alpestre),1,703507,169650,1499,2024,Pièges à capturer vivant : PVIV,Milieux forestiers ouverts / perturbés (conifères),NA,NA,Sedrun,GR,52,11964,80,189,-0.235141827496294
Apodemus alpicola (Mulot alpestre),1,703507,169650,1499,2024,Pièges à capturer vivant : PVIV,Milieux forestiers ouverts / perturbés (conifères),NA,NA,Sedrun,GR,52,11964,80,189,-0.235141827496294
Apodemus alpicola (Mulot alpestre),1,703507,169650,1499,2024,Pièges à capturer vivant : PVIV,Milieux forestiers ouverts / perturbés (conifères),NA,NA,Sedrun,GR,52,11964,80,189,-0.235141827496294
Clethrionomys glareolus (Campagnol roussâtre),1,703507,169650,1499,2024,Pièges à capturer vivant : PVIV,Milieux forestiers ouverts / perturbés (conifères),NA,NA,Sedrun,GR,52,11964,80,189,-0.235141827496294
Clethrionomys glareolus (Campagnol roussâtre),1,703507,169650,1499,2024,Pièges à capturer vivant : PVIV,Milieux forestiers ouverts / perturbés (conifères),NA,NA,Sedrun,GR,52,11964,80,189,-0.235141827496294
Clethrionomys glareolus (Campagnol roussâtre),1,703507,169650,1499,2024,Pièges à capturer vivant : PVIV,Milieux forestiers ouverts / perturbés (conifères),NA,NA,Sedrun,GR,52,11964,80,189,-0.235141827496294
Clethrionomys glareolus (Campagnol roussâtre),1,703507,169650,1499,2024,Pièges à capturer vivant : PVIV,Milieux forestiers ouverts / perturbés (conifères),NA,NA,Sedrun,GR,52,11964,80,189,-0.235141827496294
Clethrionomys glareolus (Campagnol roussâtre),1,703507,169650,1499,2024,Pièges à capturer vivant : PVIV,Milieux forestiers ouverts / perturbés (conifères),NA,NA,Sedrun,GR,52,11964,80,189,-0.235141827496294
Clethrionomys glareolus (Campagnol roussâtre),1,703507,169650,1499,2024,Pièges à capturer vivant : PVIV,Milieux forestiers ouverts / perturbés (conifères),NA,NA,Sedrun,GR,52,11964,80,189,-0.235141827496294
Clethrionomys glareolus (Campagnol roussâtre),1,703507,169650,1499,2024,Pièges à capturer vivant : PVIV,Milieux forestiers ouverts / perturbés (conifères),NA,NA,Sedrun,GR,52,11964,80,189,-0.235141827496294
Apodemus alpicola (Mulot alpestre),1,703513,169838,1448,2024,Pièges à capturer vivant : PVIV,Prairies,Ruisseau (sans végétation),Lisières forestières (conifères),Sedrun,GR,53,12047,81,190,-0.326892649488632
Apodemus alpicola (Mulot alpestre),1,703513,169838,1448,2024,Pièges à capturer vivant : PVIV,Prairies,Ruisseau (sans végétation),Lisières forestières (conifères),Sedrun,GR,53,12047,81,190,-0.326892649488632
Apodemus alpicola (Mulot alpestre),1,703513,169838,1448,2024,Pièges à capturer vivant : PVIV,Prairies,Ruisseau (sans végétation),Lisières forestières (conifères),Sedrun,GR,53,12047,81,190,-0.326892649488632
Apodemus alpicola (Mulot alpestre),1,703513,169838,1448,2024,Pièges à capturer vivant : PVIV,Prairies,Ruisseau (sans végétation),Lisières forestières (conifères),Sedrun,GR,53,12047,81,190,-0.326892649488632
Apodemus alpicola (Mulot alpestre),1,703513,169838,1448,2024,Pièges à capturer vivant : PVIV,Prairies,Ruisseau (sans végétation),Lisières forestières (conifères),Sedrun,GR,53,12047,81,190,-0.326892649488632
Clethrionomys glareolus (Campagnol roussâtre),1,703513,169838,1448,2024,Pièges à capturer vivant : PVIV,Prairies,Lisières forestières (conifères),Milieux rocheux anthropiques,Sedrun,GR,53,12047,81,190,-0.326892649488632
Clethrionomys glareolus (Campagnol roussâtre),1,703671,169836,1410,2024,Pièges à capturer vivant : PVIV,Prairies,Lisières forestières (conifères),Milieux anthopiques batis,Sedrun,GR,53,12050,80,190,-0.318092745895416
Apodemus alpicola (Mulot alpestre),1,703671,169836,1410,2024,Pièges à capturer vivant : PVIV,Prairies,Lisières forestières (conifères),NA,Sedrun,GR,53,12050,80,190,-0.318092745895416
Apodemus alpicola (Mulot alpestre),1,703671,169836,1410,2024,Pièges à capturer vivant : PVIV,Prairies,Lisières forestières (conifères),NA,Sedrun,GR,53,12050,80,190,-0.318092745895416
Apodemus alpicola (Mulot alpestre),1,703671,169836,1410,2024,Pièges à capturer vivant : PVIV,Prairies,Lisières forestières (conifères),NA,Sedrun,GR,53,12050,80,190,-0.318092745895416
Apodemus alpicola (Mulot alpestre),1,703671,169836,1410,2024,Pièges à capturer vivant : PVIV,Prairies,Lisières forestières (conifères),NA,Sedrun,GR,53,12050,80,190,-0.318092745895416
Clethrionomys glareolus (Campagnol roussâtre),1,703671,169836,1410,2024,Pièges à capturer vivant : PVIV,Prairies,Lisières forestières (conifères),NA,Sedrun,GR,53,12050,80,190,-0.318092745895416
Clethrionomys glareolus (Campagnol roussâtre),1,703671,169836,1410,2024,Pièges à capturer vivant : PVIV,Prairies,Lisières forestières (conifères),NA,Sedrun,GR,53,12050,80,190,-0.318092745895416
Clethrionomys glareolus (Campagnol roussâtre),1,703671,169836,1410,2024,Pièges à capturer vivant : PVIV,Prairies,Lisières forestières (conifères),NA,Sedrun,GR,53,12050,80,190,-0.318092745895416
Clethrionomys glareolus (Campagnol roussâtre),1,703671,169836,1410,2024,Pièges à capturer vivant : PVIV,Prairies,Lisières forestières (conifères),NA,Sedrun,GR,53,12050,80,190,-0.318092745895416
Clethrionomys glareolus (Campagnol roussâtre),1,703754,169757,1479,2024,Pièges à capturer vivant : PVIV,Milieux forestiers (conifères),NA,NA,Sedrun,GR,52,12045,80,189,-0.257275358695924
Clethrionomys glareolus (Campagnol roussâtre),1,703754,169757,1479,2024,Pièges à capturer vivant : PVIV,Milieux forestiers (conifères),NA,NA,Sedrun,GR,52,12045,80,189,-0.257275358695924
Clethrionomys glareolus (Campagnol roussâtre),1,703754,169757,1479,2024,Pièges à capturer vivant : PVIV,Milieux forestiers (conifères),NA,NA,Sedrun,GR,52,12045,80,189,-0.257275358695924
Clethrionomys glareolus (Campagnol roussâtre),1,703754,169757,1479,2024,Pièges à capturer vivant : PVIV,Milieux forestiers (conifères),NA,NA,Sedrun,GR,52,12045,80,189,-0.257275358695924
Clethrionomys glareolus (Campagnol roussâtre),1,703754,169757,1479,2024,Pièges à capturer vivant : PVIV,Milieux forestiers (conifères),NA,NA,Sedrun,GR,52,12045,80,189,-0.257275358695924
Clethrionomys glareolus (Campagnol roussâtre),1,703754,169757,1479,2024,Pièges à capturer vivant : PVIV,Milieux forestiers (conifères),NA,NA,Sedrun,GR,52,12045,80,189,-0.257275358695924
Clethrionomys glareolus (Campagnol roussâtre),1,703754,169757,1479,2024,Pièges à capturer vivant : PVIV,Milieux forestiers (conifères),NA,NA,Sedrun,GR,52,12045,80,189,-0.257275358695924
Clethrionomys glareolus (Campagnol roussâtre),1,703754,169757,1479,2024,Pièges à capturer vivant : PVIV,Milieux forestiers (conifères),NA,NA,Sedrun,GR,52,12045,80,189,-0.257275358695924
Clethrionomys glareolus (Campagnol roussâtre),1,703754,169757,1479,2024,Pièges à capturer vivant : PVIV,Milieux forestiers (conifères),NA,NA,Sedrun,GR,52,12045,80,189,-0.257275358695924
Clethrionomys glareolus (Campagnol roussâtre),1,703754,169757,1479,2024,Pièges à capturer vivant : PVIV,Milieux forestiers (conifères),NA,NA,Sedrun,GR,52,12045,80,189,-0.257275358695924
Clethrionomys glareolus (Campagnol roussâtre),1,703754,169757,1479,2024,Pièges à capturer vivant : PVIV,Milieux forestiers (conifères),NA,NA,Sedrun,GR,52,12045,80,189,-0.257275358695924
Clethrionomys glareolus (Campagnol roussâtre),1,703754,169757,1479,2024,Pièges à capturer vivant : PVIV,Milieux forestiers (conifères),NA,NA,Sedrun,GR,52,12045,80,189,-0.257275358695924
Clethrionomys glareolus (Campagnol roussâtre),1,703886,170175,1353,2024,Pièges à capturer vivant : PVIV,Prairies,Milieux rocheux anthropiques,Lisières forestières (conifères),Sedrun,GR,51,12179,80,187,-0.344253488453299
Clethrionomys glareolus (Campagnol roussâtre),1,703886,170175,1353,2024,Pièges à capturer vivant : PVIV,Prairies,Milieux rocheux anthropiques,Lisières forestières (conifères),Sedrun,GR,51,12179,80,187,-0.344253488453299
Microtus arvalis (Campagnol des champs),1,703886,170175,1353,2024,Pièges à capturer vivant : PVIV,Prairies,Milieux rocheux anthropiques,NA,Sedrun,GR,51,12179,80,187,-0.344253488453299
Clethrionomys glareolus (Campagnol roussâtre),1,704109,169801,1479,2024,Piège photo : PPHO,Milieux forestiers (conifères),NA,NA,Sedrun,GR,51,12100,80,186,-0.193999180556228
Clethrionomys glareolus (Campagnol roussâtre),1,704305,170202,1345,2024,Pièges à capturer vivant : PVIV,Prairies,Lisières forestières (conifères),NA,Sedrun,GR,52,12176,80,188,-0.385344153820933
Clethrionomys glareolus (Campagnol roussâtre),1,704305,170202,1345,2024,Pièges à capturer vivant : PVIV,Prairies,Lisières forestières (conifères),NA,Sedrun,GR,52,12176,80,188,-0.385344153820933
Clethrionomys glareolus (Campagnol roussâtre),1,704305,170202,1345,2024,Pièges à capturer vivant : PVIV,Prairies,Lisières forestières (conifères),NA,Sedrun,GR,52,12176,80,188,-0.385344153820933
Clethrionomys glareolus (Campagnol roussâtre),1,704305,170202,1345,2024,Pièges à capturer vivant : PVIV,Prairies,Lisières forestières (conifères),NA,Sedrun,GR,52,12176,80,188,-0.385344153820933
Clethrionomys glareolus (Campagnol roussâtre),1,704305,170202,1345,2024,Pièges à capturer vivant : PVIV,Prairies,Lisières forestières (conifères),NA,Sedrun,GR,52,12176,80,188,-0.385344153820933
Clethrionomys glareolus (Campagnol roussâtre),1,704305,170202,1345,2024,Pièges à capturer vivant : PVIV,Prairies,Lisières forestières (conifères),NA,Sedrun,GR,52,12176,80,188,-0.385344153820933
Clethrionomys glareolus (Campagnol roussâtre),1,704305,170202,1345,2024,Pièges à capturer vivant : PVIV,Prairies,Lisières forestières (conifères),NA,Sedrun,GR,52,12176,80,188,-0.385344153820933
Clethrionomys glareolus (Campagnol roussâtre),1,704305,170202,1345,2024,Pièges à capturer vivant : PVIV,Prairies,Lisières forestières (conifères),NA,Sedrun,GR,52,12176,80,188,-0.385344153820933
Clethrionomys glareolus (Campagnol roussâtre),1,704305,170202,1345,2024,Pièges à capturer vivant : PVIV,Prairies,Lisières forestières (conifères),NA,Sedrun,GR,52,12176,80,188,-0.385344153820933
Clethrionomys glareolus (Campagnol roussâtre),1,704305,170202,1345,2024,Pièges à capturer vivant : PVIV,Prairies,Lisières forestières (conifères),NA,Sedrun,GR,52,12176,80,188,-0.385344153820933
Clethrionomys glareolus (Campagnol roussâtre),1,704305,170202,1345,2024,Pièges à capturer vivant : PVIV,Prairies,Lisières forestières (conifères),NA,Sedrun,GR,52,12176,80,188,-0.385344153820933
Sorex araneus (Musaraigne carrelet),1,704305,170202,1345,2024,Pièges à capturer vivant : PVIV,Prairies,Lisières forestières (conifères),NA,Sedrun,GR,52,12176,80,188,-0.385344153820933
Apodemus alpicola (Mulot alpestre),1,705137,172720,1503,2024,Pièges à capturer vivant : PVIV,Prairies,Lisières forestières (conifères),NA,Disentis/Mustér,GR,39,12775,74,171,0.274410722877479
Clethrionomys glareolus (Campagnol roussâtre),1,705137,172720,1503,2024,Pièges à capturer vivant : PVIV,Prairies,Lisières forestières (conifères),NA,Disentis/Mustér,GR,39,12775,74,171,0.274410722877479
Clethrionomys glareolus (Campagnol roussâtre),1,705137,172720,1503,2024,Pièges à capturer vivant : PVIV,Prairies,Lisières forestières (conifères),NA,Disentis/Mustér,GR,39,12775,74,171,0.274410722877479
Apodemus alpicola (Mulot alpestre),1,705191,172708,1489,2024,Pièges à capturer vivant : PVIV,Prairies,NA,NA,Disentis/Mustér,GR,40,12746,75,172,0.212595065009832
Apodemus alpicola (Mulot alpestre),1,705191,172708,1489,2024,Pièges à capturer vivant : PVIV,Prairies,NA,NA,Disentis/Mustér,GR,40,12746,75,172,0.212595065009832
Apodemus alpicola (Mulot alpestre),1,705191,172708,1489,2024,Pièges à capturer vivant : PVIV,Prairies,NA,NA,Disentis/Mustér,GR,40,12746,75,172,0.212595065009832
Clethrionomys glareolus (Campagnol roussâtre),1,705191,172708,1489,2024,Pièges à capturer vivant : PVIV,Prairies,NA,NA,Disentis/Mustér,GR,40,12746,75,172,0.212595065009832
Clethrionomys glareolus (Campagnol roussâtre),1,705191,172708,1489,2024,Pièges à capturer vivant : PVIV,Prairies,NA,NA,Disentis/Mustér,GR,40,12746,75,172,0.212595065009832
Clethrionomys glareolus (Campagnol roussâtre),1,705191,172708,1489,2024,Pièges à capturer vivant : PVIV,Prairies,NA,NA,Disentis/Mustér,GR,40,12746,75,172,0.212595065009832
Clethrionomys glareolus (Campagnol roussâtre),1,705191,172708,1489,2024,Pièges à capturer vivant : PVIV,Prairies,NA,NA,Disentis/Mustér,GR,40,12746,75,172,0.212595065009832
Clethrionomys glareolus (Campagnol roussâtre),1,705191,172708,1489,2024,Pièges à capturer vivant : PVIV,Prairies,NA,NA,Disentis/Mustér,GR,40,12746,75,172,0.212595065009832
Microtus arvalis (Campagnol des champs),1,705191,172708,1489,2024,Pièges à capturer vivant : PVIV,Prairies,NA,NA,Disentis/Mustér,GR,40,12746,75,172,0.212595065009832
Microtus arvalis (Campagnol des champs),1,705191,172708,1489,2024,Pièges à capturer vivant : PVIV,Prairies,NA,NA,Disentis/Mustér,GR,40,12746,75,172,0.212595065009832
Microtus arvalis (Campagnol des champs),1,705191,172708,1489,2024,Pièges à capturer vivant : PVIV,Prairies,NA,NA,Disentis/Mustér,GR,40,12746,75,172,0.212595065009832
Microtus lavernedii (Campagnol de Lavernède),1,705191,172708,1489,2024,Pièges à capturer vivant : PVIV,Prairies,NA,NA,Disentis/Mustér,GR,40,12746,75,172,0.212595065009832
Apodemus alpicola (Mulot alpestre),1,705269,172647,1484,2024,Pièges à capturer vivant : PVIV,Prairies,Structures linéaires arborées dans les paysages agricoles,NA,Disentis/Mustér,GR,41,12615,75,173,0.179201711157125
Apodemus alpicola (Mulot alpestre),1,705269,172647,1484,2024,Pièges à capturer vivant : PVIV,Prairies,Structures linéaires arborées dans les paysages agricoles,NA,Disentis/Mustér,GR,41,12615,75,173,0.179201711157125
Clethrionomys glareolus (Campagnol roussâtre),1,705269,172647,1484,2024,Pièges à capturer vivant : PVIV,Prairies,Structures linéaires arborées dans les paysages agricoles,NA,Disentis/Mustér,GR,41,12615,75,173,0.179201711157125
Apodemus alpicola (Mulot alpestre),1,705304,172613,1478,2024,Pièges à capturer vivant : PVIV,Prairies,Lisières forestières (conifères),NA,Disentis/Mustér,GR,41,12570,75,174,0.170481189098691
Apodemus alpicola (Mulot alpestre),1,705304,172613,1478,2024,Pièges à capturer vivant : PVIV,Prairies,Lisières forestières (conifères),NA,Disentis/Mustér,GR,41,12570,75,174,0.170481189098691
Clethrionomys glareolus (Campagnol roussâtre),1,705304,172613,1478,2024,Pièges à capturer vivant : PVIV,Prairies,Lisières forestières (conifères),NA,Disentis/Mustér,GR,41,12570,75,174,0.170481189098691
Clethrionomys glareolus (Campagnol roussâtre),1,705304,172613,1478,2024,Pièges à capturer vivant : PVIV,Prairies,Lisières forestières (conifères),NA,Disentis/Mustér,GR,41,12570,75,174,0.170481189098691
Clethrionomys glareolus (Campagnol roussâtre),1,705304,172613,1478,2024,Pièges à capturer vivant : PVIV,Prairies,Lisières forestières (conifères),NA,Disentis/Mustér,GR,41,12570,75,174,0.170481189098691
Neomys fodiens (Musaraigne aquatique),1,705304,172613,1478,2024,Pièges à capturer vivant : PVIV,Prairies,Lisières forestières (conifères),NA,Disentis/Mustér,GR,41,12570,75,174,0.170481189098691
Neomys fodiens (Musaraigne aquatique),1,705304,172613,1478,2024,Pièges à capturer vivant : PVIV,Prairies,Lisières forestières (conifères),NA,Disentis/Mustér,GR,41,12570,75,174,0.170481189098691
Apodemus alpicola (Mulot alpestre),1,705366,172689,1458,2024,Pièges à capturer vivant : PVIV,Prairies,Ruisseau (avec végétation),Milieux rocheux naturels,Disentis/Mustér,GR,43,12580,76,176,0.068758198734266
Apodemus alpicola (Mulot alpestre),1,705366,172689,1458,2024,Pièges à capturer vivant : PVIV,Prairies,Ruisseau (avec végétation),Milieux rocheux naturels,Disentis/Mustér,GR,43,12580,76,176,0.068758198734266
Apodemus alpicola (Mulot alpestre),1,705392,172642,1461,2024,Pièges à capturer vivant : PVIV,Prairies,Milieux rocheux naturels,Structures linéaires arborées dans les paysages agricoles,Disentis/Mustér,GR,42,12526,76,175,0.112386027169471
Apodemus alpicola (Mulot alpestre),1,705392,172642,1461,2024,Pièges à capturer vivant : PVIV,Prairies,Milieux rocheux naturels,NA,Disentis/Mustér,GR,42,12526,76,175,0.112386027169471
Clethrionomys glareolus (Campagnol roussâtre),1,705392,172642,1461,2024,Pièges à capturer vivant : PVIV,Prairies,Milieux rocheux naturels,NA,Disentis/Mustér,GR,42,12526,76,175,0.112386027169471
Clethrionomys glareolus (Campagnol roussâtre),1,705392,172642,1461,2024,Pièges à capturer vivant : PVIV,Prairies,Milieux rocheux naturels,NA,Disentis/Mustér,GR,42,12526,76,175,0.112386027169471
Clethrionomys glareolus (Campagnol roussâtre),1,705392,172642,1461,2024,Pièges à capturer vivant : PVIV,Prairies,Milieux rocheux naturels,NA,Disentis/Mustér,GR,42,12526,76,175,0.112386027169471
Clethrionomys glareolus (Campagnol roussâtre),1,705392,172642,1461,2024,Pièges à capturer vivant : PVIV,Prairies,Milieux rocheux naturels,NA,Disentis/Mustér,GR,42,12526,76,175,0.112386027169471
Apodemus alpicola (Mulot alpestre),1,705437,172714,1446,2024,Pièges à capturer vivant : PVIV,Prairies,Ruisseau (avec végétation),NA,Disentis/Mustér,GR,43,12536,76,176,0.0655582677854506
Apodemus alpicola (Mulot alpestre),1,705437,172714,1446,2024,Pièges à capturer vivant : PVIV,Prairies,Ruisseau (avec végétation),NA,Disentis/Mustér,GR,43,12536,76,176,0.0655582677854506
Apodemus alpicola (Mulot alpestre),1,705437,172714,1446,2024,Pièges à capturer vivant : PVIV,Prairies,Ruisseau (avec végétation),NA,Disentis/Mustér,GR,43,12536,76,176,0.0655582677854506
Apodemus alpicola (Mulot alpestre),1,705437,172714,1446,2024,Pièges à capturer vivant : PVIV,Prairies,Ruisseau (avec végétation),NA,Disentis/Mustér,GR,43,12536,76,176,0.0655582677854506
Apodemus alpicola (Mulot alpestre),1,705437,172714,1446,2024,Pièges à capturer vivant : PVIV,Prairies,Ruisseau (avec végétation),NA,Disentis/Mustér,GR,43,12536,76,176,0.0655582677854506
Clethrionomys glareolus (Campagnol roussâtre),1,705437,172714,1446,2024,Pièges à capturer vivant : PVIV,Prairies,Ruisseau (avec végétation),NA,Disentis/Mustér,GR,43,12536,76,176,0.0655582677854506
Clethrionomys glareolus (Campagnol roussâtre),1,705437,172714,1446,2024,Pièges à capturer vivant : PVIV,Prairies,Ruisseau (avec végétation),NA,Disentis/Mustér,GR,43,12536,76,176,0.0655582677854506
Clethrionomys glareolus (Campagnol roussâtre),1,705437,172714,1446,2024,Pièges à capturer vivant : PVIV,Prairies,Ruisseau (avec végétation),NA,Disentis/Mustér,GR,43,12536,76,176,0.0655582677854506
Clethrionomys glareolus (Campagnol roussâtre),1,705437,172714,1446,2024,Pièges à capturer vivant : PVIV,Prairies,Ruisseau (avec végétation),NA,Disentis/Mustér,GR,43,12536,76,176,0.0655582677854506
Clethrionomys glareolus (Campagnol roussâtre),1,705704,172602,1423,2024,Pièges à capturer vivant : PVIV,Prairies,Lisières forestières (conifères),NA,Disentis/Mustér,GR,46,12224,78,180,-0.061869514781456
Clethrionomys glareolus (Campagnol roussâtre),1,705704,172602,1423,2024,Pièges à capturer vivant : PVIV,Prairies,Lisières forestières (conifères),NA,Disentis/Mustér,GR,46,12224,78,180,-0.061869514781456
Clethrionomys glareolus (Campagnol roussâtre),1,705704,172602,1423,2024,Pièges à capturer vivant : PVIV,Prairies,Lisières forestières (conifères),NA,Disentis/Mustér,GR,46,12224,78,180,-0.061869514781456
Clethrionomys glareolus (Campagnol roussâtre),1,705704,172602,1423,2024,Pièges à capturer vivant : PVIV,Prairies,Lisières forestières (conifères),NA,Disentis/Mustér,GR,46,12224,78,180,-0.061869514781456
Clethrionomys glareolus (Campagnol roussâtre),1,705704,172602,1423,2024,Pièges à capturer vivant : PVIV,Prairies,Lisières forestières (conifères),NA,Disentis/Mustér,GR,46,12224,78,180,-0.061869514781456
Clethrionomys glareolus (Campagnol roussâtre),1,705704,172602,1423,2024,Pièges à capturer vivant : PVIV,Prairies,Lisières forestières (conifères),NA,Disentis/Mustér,GR,46,12224,78,180,-0.061869514781456
Clethrionomys glareolus (Campagnol roussâtre),1,705704,172602,1423,2024,Pièges à capturer vivant : PVIV,Prairies,Lisières forestières (conifères),NA,Disentis/Mustér,GR,46,12224,78,180,-0.061869514781456
Clethrionomys glareolus (Campagnol roussâtre),1,705704,172602,1423,2024,Pièges à capturer vivant : PVIV,Prairies,Lisières forestières (conifères),NA,Disentis/Mustér,GR,46,12224,78,180,-0.061869514781456
Clethrionomys glareolus (Campagnol roussâtre),1,705704,172602,1423,2024,Pièges à capturer vivant : PVIV,Prairies,Lisières forestières (conifères),NA,Disentis/Mustér,GR,46,12224,78,180,-0.061869514781456
Clethrionomys glareolus (Campagnol roussâtre),1,705704,172602,1423,2024,Pièges à capturer vivant : PVIV,Prairies,Lisières forestières (conifères),NA,Disentis/Mustér,GR,46,12224,78,180,-0.061869514781456
Clethrionomys glareolus (Campagnol roussâtre),1,705704,172602,1423,2024,Pièges à capturer vivant : PVIV,Prairies,Lisières forestières (conifères),NA,Disentis/Mustér,GR,46,12224,78,180,-0.061869514781456
Sorex antinorii (Musaraigne du Valais),1,705704,172602,1423,2024,Pièges à capturer vivant : PVIV,Prairies,Lisières forestières (conifères),NA,Disentis/Mustér,GR,46,12224,78,180,-0.061869514781456
Sorex antinorii (Musaraigne du Valais),1,705704,172602,1423,2024,Pièges à capturer vivant : PVIV,Prairies,Lisières forestières (conifères),NA,Disentis/Mustér,GR,46,12224,78,180,-0.061869514781456
Sorex antinorii (Musaraigne du Valais),1,705704,172602,1423,2024,Pièges à capturer vivant : PVIV,Prairies,Lisières forestières (conifères),NA,Disentis/Mustér,GR,46,12224,78,180,-0.061869514781456
Sorex antinorii (Musaraigne du Valais),1,705704,172602,1423,2024,Pièges à capturer vivant : PVIV,Prairies,Lisières forestières (conifères),NA,Disentis/Mustér,GR,46,12224,78,180,-0.061869514781456
Apodemus alpicola (Mulot alpestre),1,705710,172670,1416,2024,Pièges à capturer vivant : PVIV,Prairies,Structures linéaires arborées dans les paysages agricoles,NA,Disentis/Mustér,GR,47,12259,78,181,-0.117389843698509
Apodemus alpicola (Mulot alpestre),1,705710,172670,1416,2024,Pièges à capturer vivant : PVIV,Prairies,Structures linéaires arborées dans les paysages agricoles,NA,Disentis/Mustér,GR,47,12259,78,181,-0.117389843698509
Clethrionomys glareolus (Campagnol roussâtre),1,705710,172670,1416,2024,Pièges à capturer vivant : PVIV,Prairies,Structures linéaires arborées dans les paysages agricoles,NA,Disentis/Mustér,GR,47,12259,78,181,-0.117389843698509
Clethrionomys glareolus (Campagnol roussâtre),1,705710,172670,1416,2024,Pièges à capturer vivant : PVIV,Prairies,Structures linéaires arborées dans les paysages agricoles,NA,Disentis/Mustér,GR,47,12259,78,181,-0.117389843698509
Clethrionomys glareolus (Campagnol roussâtre),1,706075,172641,1354,2024,Pièges à capturer vivant : PVIV,Prairies,Structures linéaires arborées dans les paysages agricoles,NA,Disentis/Mustér,GR,52,11972,80,188,-0.366263171116673
Clethrionomys glareolus (Campagnol roussâtre),1,706075,172641,1354,2024,Pièges à capturer vivant : PVIV,Prairies,Structures linéaires arborées dans les paysages agricoles,NA,Disentis/Mustér,GR,52,11972,80,188,-0.366263171116673
Apodemus alpicola (Mulot alpestre),1,695301.41,166708.49,1860,2024,Pièges à capturer vivant : PVIV,Prairies,Broussailles / formations arbustives,NA,Tujetsch,GR,22,14788,63,145,1.29874460097248
Clethrionomys glareolus (Campagnol roussâtre),1,695329.08,166758.44,1850,2024,Pièges à capturer vivant : PVIV,Prairies,Broussailles / formations arbustives,Milieux rocheux naturels,Tujetsch,GR,23,14773,63,146,1.24313362670318
Neomys fodiens (Musaraigne aquatique),1,695371.78,166576.13,1870,2024,Pièges à capturer vivant : PVIV,Milieux humides (Bas marais),NA,NA,Tujetsch,GR,23,14753,63,146,1.26349958127944
Clethrionomys glareolus (Campagnol roussâtre),1,695455.49,166546.89,1880,2024,Pièges à capturer vivant : PVIV,Prairies,Broussailles / formations arbustives,NA,Tujetsch,GR,23,14688,63,146,1.27207753504486
Clethrionomys glareolus (Campagnol roussâtre),1,695455.49,166546.89,1880,2024,Pièges à capturer vivant : PVIV,Prairies,Broussailles / formations arbustives,NA,Tujetsch,GR,23,14688,63,146,1.27207753504486
Sorex araneus (Musaraigne carrelet),1,695483.32,167170.95,1795,2024,Pièges à capturer vivant : PVIV,Prairies,NA,NA,Tujetsch,GR,20,14712,62,141,1.31747206534243
Apodemus alpicola (Mulot alpestre),1,695522.43,166486.92,1866,2024,Pièges à capturer vivant : PVIV,Prairies,Broussailles / formations arbustives,NA,Tujetsch,GR,23,14605,63,146,1.26313888348386
Chionomys nivalis (Campagnol des neiges),1,695559.80,167126.59,1760,2024,Pièges à capturer vivant : PVIV,Prairies,NA,Broussailles / formations arbustives,Tujetsch,GR,20,14621,62,142,1.29300757262923
Apodemus alpicola (Mulot alpestre),1,695652.67,167210.69,1760,2024,Pièges à capturer vivant : PVIV,Prairies,Broussailles / formations arbustives,NA,Tujetsch,GR,20,14539,62,142,1.28602465130109
Apodemus alpicola (Mulot alpestre),1,696301.41,167708.49,1860,2024,Pièges à capturer vivant : PVIV,Prairies,Broussailles / formations arbustives,NA,Tujetsch,GR,25,14185,64,149,1.09203379085342
Clethrionomys glareolus (Campagnol roussâtre),1,696455.49,167546.89,1880,2024,Pièges à capturer vivant : PVIV,Prairies,Broussailles / formations arbustives,NA,Tujetsch,GR,28,14037,65,152,0.883058618146076
Clethrionomys glareolus (Campagnol roussâtre),1,696522.43,167486.92,1866,2024,Pièges à capturer vivant : PVIV,Prairies,Broussailles / formations arbustives,NA,Tujetsch,GR,28,13892,65,153,0.851522934391783
Apodemus alpicola (Mulot alpestre),1,696559.80,168126.59,1760,2024,Pièges à capturer vivant : PVIV,Prairies,Broussailles / formations arbustives,NA,Tujetsch,GR,23,14185,64,147,1.26186007187914
Apodemus flavicollis (Mulot à collier),1,696652.67,168210.69,1760,2024,Pièges à capturer vivant : PVIV,Prairies,NA,NA,Tujetsch,GR,23,14131,64,147,1.28952943821039
Chionomys nivalis (Campagnol des neiges),1,696051.86,167227.05,1740,2024,Pièges à capturer vivant : PVIV,Prairies,Broussailles / formations arbustives,NA,Tujetsch,GR,NA,NA,NA,NA,NA
Chionomys nivalis (Campagnol des neiges),1,696051.87,167227.06,1740,2024,Pièges à capturer vivant : PVIV,Prairies,Broussailles / formations arbustives,NA,Tujetsch,GR,NA,NA,NA,NA,NA
Clethrionomys glareolus (Campagnol roussâtre),1,697301.41,168708.49,1860,2024,Pièges à capturer vivant : PVIV,Prairies,Broussailles / formations arbustives,NA,Tujetsch,GR,25,13903,65,149,1.32262361958231
Clethrionomys glareolus (Campagnol roussâtre),1,697455.49,168546.89,1880,2024,Pièges à capturer vivant : PVIV,Prairies,Broussailles / formations arbustives,NA,Tujetsch,GR,29,13742,67,154,1.04218680855046
Clethrionomys glareolus (Campagnol roussâtre),1,697522.43,168486.92,1866,2024,Pièges à capturer vivant : PVIV,Prairies,Broussailles / formations arbustives,NA,Tujetsch,GR,30,13598,67,155,0.955366249659564
Sorex araneus (Musaraigne carrelet),1,697559.80,169126.59,1760,2024,Pièges à capturer vivant : PVIV,Prairies,NA,Broussailles / formations arbustives,Tujetsch,GR,22,13920,65,146,1.42974863523506
Clethrionomys glareolus (Campagnol roussâtre),1,698301.41,169708.49,1860,2024,Pièges à capturer vivant : PVIV,Prairies,Broussailles / formations arbustives,NA,Tujetsch,GR,31,13439,69,158,0.818845766119852
Clethrionomys glareolus (Campagnol roussâtre),1,698455.49,169546.89,1880,2024,Pièges à capturer vivant : PVIV,Prairies,Broussailles / formations arbustives,NA,Tujetsch,GR,32,13175,69,159,0.76831703670387
Clethrionomys glareolus (Campagnol roussâtre),1,698522.43,169486.92,1866,2024,Pièges à capturer vivant : PVIV,Prairies,Broussailles / formations arbustives,NA,Tujetsch,GR,32,13007,69,159,0.780953084344958
Clethrionomys glareolus (Campagnol roussâtre),1,699301.41,170708.49,1860,2024,Pièges à capturer vivant : PVIV,Prairies,Broussailles / formations arbustives,NA,Tujetsch,GR,32,13301,70,160,0.786846110711928
Sorex araneus (Musaraigne carrelet),1,699522.43,170486.92,1866,2024,Pièges à capturer vivant : PVIV,Prairies,Broussailles / formations arbustives,NA,Tujetsch,GR,36,12965,71,164,0.585229283223751
Chionomys nivalis (Campagnol des neiges),1,704830,155860,1830,2025,Pièges à capturer vivant : PVIV,Prairies,Broussailles / formations arbustives,Milieux rocheux naturels,Campo Solario,TI,30,16082,64,154,0.900962342200418
Chionomys nivalis (Campagnol des neiges),1,704830,155860,1830,2025,Pièges à capturer vivant : PVIV,Prairies,Broussailles / formations arbustives,Milieux rocheux naturels,Campo Solario,TI,30,16082,64,154,0.900962342200418
Clethrionomys glareolus (Campagnol roussâtre),1,704830,155860,1830,2025,Pièges à capturer vivant : PVIV,Prairies,Broussailles / formations arbustives,Milieux rocheux naturels,Campo Solario,TI,30,16082,64,154,0.900962342200418
Clethrionomys glareolus (Campagnol roussâtre),1,704830,155860,1830,2025,Pièges à capturer vivant : PVIV,Prairies,Broussailles / formations arbustives,Milieux rocheux naturels,Campo Solario,TI,30,16082,64,154,0.900962342200418
Clethrionomys glareolus (Campagnol roussâtre),1,704830,155860,1830,2025,Pièges à capturer vivant : PVIV,Prairies,Broussailles / formations arbustives,Milieux rocheux naturels,Campo Solario,TI,30,16082,64,154,0.900962342200418
Clethrionomys glareolus (Campagnol roussâtre),1,705125,155765,1800,2025,Pièges à capturer vivant : PVIV,Milieux humides (Bas marais),Lisières forestières (conifères),NA,Campo Solario,TI,30,16083,64,154,0.87744158658826
Clethrionomys glareolus (Campagnol roussâtre),1,705125,155765,1800,2025,Pièges à capturer vivant : PVIV,Milieux humides (Bas marais),Lisières forestières (conifères),NA,Campo Solario,TI,30,16083,64,154,0.87744158658826
Clethrionomys glareolus (Campagnol roussâtre),1,705125,155765,1800,2025,Pièges à capturer vivant : PVIV,Milieux humides (Bas marais),Lisières forestières (conifères),NA,Campo Solario,TI,30,16083,64,154,0.87744158658826
Clethrionomys glareolus (Campagnol roussâtre),1,705125,155765,1800,2025,Pièges à capturer vivant : PVIV,Milieux humides (Bas marais),Lisières forestières (conifères),NA,Campo Solario,TI,30,16083,64,154,0.87744158658826
Clethrionomys glareolus (Campagnol roussâtre),1,705125,155765,1800,2025,Pièges à capturer vivant : PVIV,Milieux humides (Bas marais),Lisières forestières (conifères),NA,Campo Solario,TI,30,16083,64,154,0.87744158658826
Neomys fodiens (Musaraigne aquatique),1,705125,155765,1800,2025,Pièges à capturer vivant : PVIV,Milieux humides (Bas marais),Lisières forestières (conifères),NA,Campo Solario,TI,30,16083,64,154,0.87744158658826
Microtus arvalis (Campagnol des champs),1,705145,155763,1800,2025,Pièges à capturer vivant : PVIV,Milieux humides (Bas marais),Lisières forestières (conifères),NA,Campo Solario,TI,30,16083,64,154,0.877652084017296
Microtus arvalis (Campagnol des champs),1,705145,155763,1800,2025,Pièges à capturer vivant : PVIV,Milieux humides (Bas marais),Lisières forestières (conifères),NA,Campo Solario,TI,30,16083,64,154,0.877652084017296
Neomys fodiens (Musaraigne aquatique),1,705145,155763,1800,2025,Pièges à capturer vivant : PVIV,Milieux humides (Bas marais),Lisières forestières (conifères),NA,Campo Solario,TI,30,16083,64,154,0.877652084017296
Clethrionomys glareolus (Campagnol roussâtre),1,705240,155280,1850,2025,Pièges à capturer vivant : PVIV,Prairies,Ruisseau (sans végétation),Lisières forestières (conifères),Campo Solario,TI,27,16012,64,151,1.03533054276925
Clethrionomys glareolus (Campagnol roussâtre),1,705240,155280,1850,2025,Pièges à capturer vivant : PVIV,Prairies,Ruisseau (sans végétation),Lisières forestières (conifères),Campo Solario,TI,27,16012,64,151,1.03533054276925
Microtus arvalis (Campagnol des champs),1,705240,155280,1850,2025,Pièges à capturer vivant : PVIV,Prairies,Ruisseau (sans végétation),Lisières forestières (conifères),Campo Solario,TI,27,16012,64,151,1.03533054276925
Microtus arvalis (Campagnol des champs),1,705240,155280,1850,2025,Pièges à capturer vivant : PVIV,Prairies,Ruisseau (sans végétation),Lisières forestières (conifères),Campo Solario,TI,27,16012,64,151,1.03533054276925
Neomys fodiens (Musaraigne aquatique),1,705240,155280,1850,2025,Pièges à capturer vivant : PVIV,Prairies,Ruisseau (sans végétation),Lisières forestières (conifères),Campo Solario,TI,27,16012,64,151,1.03533054276925
Neomys fodiens (Musaraigne aquatique),1,705240,155280,1850,2025,Pièges à capturer vivant : PVIV,Prairies,Ruisseau (sans végétation),Lisières forestières (conifères),Campo Solario,TI,27,16012,64,151,1.03533054276925
Clethrionomys glareolus (Campagnol roussâtre),1,705280,155275,1850,2025,Pièges à capturer vivant : PVIV,Prairies,Ruisseau (sans végétation),Lisières forestières (conifères),Campo Solario,TI,27,16017,64,150,1.051411035423
Clethrionomys glareolus (Campagnol roussâtre),1,705280,155275,1850,2025,Pièges à capturer vivant : PVIV,Prairies,Ruisseau (sans végétation),NA,Campo Solario,TI,27,16017,64,150,1.051411035423
Microtus arvalis (Campagnol des champs),1,705580,155055,1900,2025,Pièges à capturer vivant : PVIV,Milieux humides (Bas marais),NA,NA,Campo Solario,TI,24,16030,63,147,1.19217651071326
Microtus arvalis (Campagnol des champs),1,705655,155025,1900,2025,Pièges à capturer vivant : PVIV,Prairies,Broussailles / formations arbustives,NA,Campo Solario,TI,23,16034,63,146,1.23290692055912
Microtus arvalis (Campagnol des champs),1,705655,155025,1900,2025,Pièges à capturer vivant : PVIV,Prairies,Broussailles / formations arbustives,NA,Campo Solario,TI,23,16034,63,146,1.23290692055912
Microtus arvalis (Campagnol des champs),1,705655,155025,1900,2025,Pièges à capturer vivant : PVIV,Prairies,Broussailles / formations arbustives,NA,Campo Solario,TI,23,16034,63,146,1.23290692055912
Microtus arvalis (Campagnol des champs),1,705655,155025,1900,2025,Pièges à capturer vivant : PVIV,Prairies,Broussailles / formations arbustives,NA,Campo Solario,TI,23,16034,63,146,1.23290692055912
Microtus arvalis (Campagnol des champs),1,705655,155025,1900,2025,Pièges à capturer vivant : PVIV,Prairies,Broussailles / formations arbustives,NA,Campo Solario,TI,23,16034,63,146,1.23290692055912
Clethrionomys glareolus (Campagnol roussâtre),1,705810,154780,1850,2025,Pièges à capturer vivant : PVIV,Milieux forestiers ouverts / perturbés (conifères),Milieux rocheux naturels,Lisières forestières (conifères),Campo Solario,TI,25,16037,63,148,1.11474207280491
Clethrionomys glareolus (Campagnol roussâtre),1,705810,154780,1850,2025,Pièges à capturer vivant : PVIV,Milieux forestiers ouverts / perturbés (conifères),Milieux rocheux naturels,Lisières forestières (conifères),Campo Solario,TI,25,16037,63,148,1.11474207280491
Clethrionomys glareolus (Campagnol roussâtre),1,705810,154780,1850,2025,Pièges à capturer vivant : PVIV,Milieux forestiers ouverts / perturbés (conifères),Milieux rocheux naturels,Lisières forestières (conifères),Campo Solario,TI,25,16037,63,148,1.11474207280491
Clethrionomys glareolus (Campagnol roussâtre),1,705810,154780,1850,2025,Pièges à capturer vivant : PVIV,Milieux forestiers ouverts / perturbés (conifères),Milieux rocheux naturels,Lisières forestières (conifères),Campo Solario,TI,25,16037,63,148,1.11474207280491
Clethrionomys glareolus (Campagnol roussâtre),1,705810,154780,1850,2025,Pièges à capturer vivant : PVIV,Milieux forestiers ouverts / perturbés (conifères),Milieux rocheux naturels,Lisières forestières (conifères),Campo Solario,TI,25,16037,63,148,1.11474207280491
Clethrionomys glareolus (Campagnol roussâtre),1,705810,154780,1850,2025,Pièges à capturer vivant : PVIV,Milieux forestiers ouverts / perturbés (conifères),Milieux rocheux naturels,Lisières forestières (conifères),Campo Solario,TI,25,16037,63,148,1.11474207280491
Clethrionomys glareolus (Campagnol roussâtre),1,705810,154780,1850,2025,Pièges à capturer vivant : PVIV,Milieux forestiers ouverts / perturbés (conifères),Milieux rocheux naturels,Lisières forestières (conifères),Campo Solario,TI,25,16037,63,148,1.11474207280491
Clethrionomys glareolus (Campagnol roussâtre),1,705810,154780,1850,2025,Pièges à capturer vivant : PVIV,Milieux forestiers ouverts / perturbés (conifères),Milieux rocheux naturels,Lisières forestières (conifères),Campo Solario,TI,25,16037,63,148,1.11474207280491
Clethrionomys glareolus (Campagnol roussâtre),1,705810,154780,1850,2025,Pièges à capturer vivant : PVIV,Milieux forestiers ouverts / perturbés (conifères),Milieux rocheux naturels,Lisières forestières (conifères),Campo Solario,TI,25,16037,63,148,1.11474207280491
Clethrionomys glareolus (Campagnol roussâtre),1,705810,154780,1850,2025,Pièges à capturer vivant : PVIV,Milieux forestiers ouverts / perturbés (conifères),Milieux rocheux naturels,Lisières forestières (conifères),Campo Solario,TI,25,16037,63,148,1.11474207280491
Clethrionomys glareolus (Campagnol roussâtre),1,705810,154780,1850,2025,Pièges à capturer vivant : PVIV,Milieux forestiers ouverts / perturbés (conifères),Milieux rocheux naturels,Lisières forestières (conifères),Campo Solario,TI,25,16037,63,148,1.11474207280491
Clethrionomys glareolus (Campagnol roussâtre),1,705810,154780,1850,2025,Pièges à capturer vivant : PVIV,Milieux forestiers ouverts / perturbés (conifères),Milieux rocheux naturels,Lisières forestières (conifères),Campo Solario,TI,25,16037,63,148,1.11474207280491
Clethrionomys glareolus (Campagnol roussâtre),1,705810,154780,1850,2025,Pièges à capturer vivant : PVIV,Milieux forestiers ouverts / perturbés (conifères),Milieux rocheux naturels,Lisières forestières (conifères),Campo Solario,TI,25,16037,63,148,1.11474207280491
Clethrionomys glareolus (Campagnol roussâtre),1,705810,154780,1850,2025,Pièges à capturer vivant : PVIV,Milieux forestiers ouverts / perturbés (conifères),Milieux rocheux naturels,Lisières forestières (conifères),Campo Solario,TI,25,16037,63,148,1.11474207280491
Clethrionomys glareolus (Campagnol roussâtre),1,705810,154780,1850,2025,Pièges à capturer vivant : PVIV,Milieux forestiers ouverts / perturbés (conifères),Milieux rocheux naturels,Lisières forestières (conifères),Campo Solario,TI,25,16037,63,148,1.11474207280491
Clethrionomys glareolus (Campagnol roussâtre),1,705855,154750,1820,2025,Pièges à capturer vivant : PVIV,Milieux humides (prairies humides),NA,NA,Campo Solario,TI,26,16037,64,150,1.04143857097166
Clethrionomys glareolus (Campagnol roussâtre),1,705855,154750,1820,2025,Pièges à capturer vivant : PVIV,Milieux humides (prairies humides),NA,NA,Campo Solario,TI,26,16037,64,150,1.04143857097166
Clethrionomys glareolus (Campagnol roussâtre),1,705855,154750,1820,2025,Pièges à capturer vivant : PVIV,Milieux humides (prairies humides),NA,NA,Campo Solario,TI,26,16037,64,150,1.04143857097166
Clethrionomys glareolus (Campagnol roussâtre),1,705855,154750,1820,2025,Pièges à capturer vivant : PVIV,Milieux humides (prairies humides),NA,NA,Campo Solario,TI,26,16037,64,150,1.04143857097166
Clethrionomys glareolus (Campagnol roussâtre),1,705855,154750,1820,2025,Pièges à capturer vivant : PVIV,Milieux humides (prairies humides),NA,NA,Campo Solario,TI,26,16037,64,150,1.04143857097166
Clethrionomys glareolus (Campagnol roussâtre),1,705855,154750,1820,2025,Pièges à capturer vivant : PVIV,Milieux humides (prairies humides),NA,NA,Campo Solario,TI,26,16037,64,150,1.04143857097166
Sorex antinorii (Musaraigne du Valais),1,705855,154750,1820,2025,Pièges à capturer vivant : PVIV,Milieux humides (prairies humides),NA,NA,Campo Solario,TI,26,16037,64,150,1.04143857097166
Clethrionomys glareolus (Campagnol roussâtre),1,707124,154922,1745,2025,Pièges à capturer vivant : PVIV,Milieux humides (Bas marais),Ruisseau (sans végétation),NA,Acquacalda,TI,29,16038,64,153,0.849924345774093
Clethrionomys glareolus (Campagnol roussâtre),1,707124,154922,1745,2025,Pièges à capturer vivant : PVIV,Milieux humides (Bas marais),NA,NA,Acquacalda,TI,29,16038,64,153,0.849924345774093
Clethrionomys glareolus (Campagnol roussâtre),1,707124,154922,1745,2025,Pièges à capturer vivant : PVIV,Milieux humides (Bas marais),NA,NA,Acquacalda,TI,29,16038,64,153,0.849924345774093
Sorex antinorii (Musaraigne du Valais),1,707124,154922,1745,2025,Pièges à capturer vivant : PVIV,Milieux humides (Bas marais),NA,NA,Acquacalda,TI,29,16038,64,153,0.849924345774093
Clethrionomys glareolus (Campagnol roussâtre),1,707173,154633,1678,2025,Pièges à capturer vivant : PVIV,Milieux humides (Bas marais),Lisières forestières (conifères),NA,Olivone,TI,32,16012,65,156,0.678892165536022
Clethrionomys glareolus (Campagnol roussâtre),1,707173,154633,1678,2025,Pièges à capturer vivant : PVIV,Milieux humides (Bas marais),Lisières forestières (conifères),NA,Olivone,TI,32,16012,65,156,0.678892165536022
Clethrionomys glareolus (Campagnol roussâtre),1,707173,154633,1678,2025,Pièges à capturer vivant : PVIV,Milieux humides (Bas marais),Lisières forestières (conifères),NA,Olivone,TI,32,16012,65,156,0.678892165536022
Clethrionomys glareolus (Campagnol roussâtre),1,707173,154633,1678,2025,Pièges à capturer vivant : PVIV,Milieux humides (Bas marais),Lisières forestières (conifères),NA,Olivone,TI,32,16012,65,156,0.678892165536022
Clethrionomys glareolus (Campagnol roussâtre),1,707173,154633,1678,2025,Pièges à capturer vivant : PVIV,Milieux humides (Bas marais),Lisières forestières (conifères),NA,Olivone,TI,32,16012,65,156,0.678892165536022
Clethrionomys glareolus (Campagnol roussâtre),1,707173,154633,1678,2025,Pièges à capturer vivant : PVIV,Milieux humides (Bas marais),Lisières forestières (conifères),NA,Olivone,TI,32,16012,65,156,0.678892165536022
Neomys fodiens (Musaraigne aquatique),1,707173,154633,1678,2025,Pièges à capturer vivant : PVIV,Milieux humides (Bas marais),Lisières forestières (conifères),NA,Olivone,TI,32,16012,65,156,0.678892165536022
Sorex araneus (Musaraigne carrelet),1,707173,154633,1678,2025,Pièges à capturer vivant : PVIV,Milieux humides (Bas marais),Lisières forestières (conifères),NA,Olivone,TI,32,16012,65,156,0.678892165536022
Sorex araneus (Musaraigne carrelet),1,707173,154633,1678,2025,Pièges à capturer vivant : PVIV,Milieux humides (Bas marais),Lisières forestières (conifères),NA,Olivone,TI,32,16012,65,156,0.678892165536022
Clethrionomys glareolus (Campagnol roussâtre),1,707296,154519,1669,2025,Pièges à capturer vivant : PVIV,Prairies,Ruisseau (sans végétation),NA,Olivone,TI,32,15994,64,156,0.670519489366516
Clethrionomys glareolus (Campagnol roussâtre),1,707296,154519,1669,2025,Pièges à capturer vivant : PVIV,Prairies,Ruisseau (sans végétation),NA,Olivone,TI,32,15994,64,156,0.670519489366516
Clethrionomys glareolus (Campagnol roussâtre),1,707296,154519,1669,2025,Pièges à capturer vivant : PVIV,Prairies,Ruisseau (sans végétation),NA,Olivone,TI,32,15994,64,156,0.670519489366516
Clethrionomys glareolus (Campagnol roussâtre),1,707296,154519,1669,2025,Pièges à capturer vivant : PVIV,Prairies,Ruisseau (sans végétation),NA,Olivone,TI,32,15994,64,156,0.670519489366516
Clethrionomys glareolus (Campagnol roussâtre),1,707296,154519,1669,2025,Pièges à capturer vivant : PVIV,Prairies,Ruisseau (sans végétation),NA,Olivone,TI,32,15994,64,156,0.670519489366516
Clethrionomys glareolus (Campagnol roussâtre),1,707296,154519,1669,2025,Pièges à capturer vivant : PVIV,Prairies,Ruisseau (sans végétation),NA,Olivone,TI,32,15994,64,156,0.670519489366516
Clethrionomys glareolus (Campagnol roussâtre),1,707296,154519,1669,2025,Pièges à capturer vivant : PVIV,Prairies,Ruisseau (sans végétation),NA,Olivone,TI,32,15994,64,156,0.670519489366516
Clethrionomys glareolus (Campagnol roussâtre),1,707296,154519,1669,2025,Pièges à capturer vivant : PVIV,Prairies,Ruisseau (sans végétation),NA,Olivone,TI,32,15994,64,156,0.670519489366516
Clethrionomys glareolus (Campagnol roussâtre),1,707296,154519,1669,2025,Pièges à capturer vivant : PVIV,Prairies,Ruisseau (sans végétation),NA,Olivone,TI,32,15994,64,156,0.670519489366516
Clethrionomys glareolus (Campagnol roussâtre),1,707296,154519,1669,2025,Pièges à capturer vivant : PVIV,Prairies,Ruisseau (sans végétation),NA,Olivone,TI,32,15994,64,156,0.670519489366516
Sorex araneus (Musaraigne carrelet),1,707296,154519,1669,2025,Pièges à capturer vivant : PVIV,Prairies,Ruisseau (sans végétation),NA,Olivone,TI,32,15994,64,156,0.670519489366516
Sorex araneus (Musaraigne carrelet),1,707296,154519,1669,2025,Pièges à capturer vivant : PVIV,Prairies,Ruisseau (sans végétation),NA,Olivone,TI,32,15994,64,156,0.670519489366516
Sorex araneus (Musaraigne carrelet),1,707296,154519,1669,2025,Pièges à capturer vivant : PVIV,Prairies,Ruisseau (sans végétation),NA,Olivone,TI,32,15994,64,156,0.670519489366516
Sorex araneus (Musaraigne carrelet),1,707296,154519,1669,2025,Pièges à capturer vivant : PVIV,Prairies,Ruisseau (sans végétation),NA,Olivone,TI,32,15994,64,156,0.670519489366516
Sorex araneus (Musaraigne carrelet),1,707296,154519,1669,2025,Pièges à capturer vivant : PVIV,Prairies,Ruisseau (sans végétation),NA,Olivone,TI,32,15994,64,156,0.670519489366516
Sorex araneus (Musaraigne carrelet),1,707296,154519,1669,2025,Pièges à capturer vivant : PVIV,Prairies,Ruisseau (sans végétation),NA,Olivone,TI,32,15994,64,156,0.670519489366516
Sorex araneus (Musaraigne carrelet),1,707296,154519,1669,2025,Pièges à capturer vivant : PVIV,Prairies,Ruisseau (sans végétation),NA,Olivone,TI,32,15994,64,156,0.670519489366516
Apodemus sylvaticus (Mulot sylvestre),1,707312,154590,1672,2025,Pièges à capturer vivant : PVIV,Prairies,Ruisseau (sans végétation),NA,Olivone,TI,32,15990,65,156,0.674502402328436
Neomys fodiens (Musaraigne aquatique),1,707312,154590,1672,2025,Pièges à capturer vivant : PVIV,Prairies,Ruisseau (sans végétation),NA,Olivone,TI,32,15990,65,156,0.674502402328436
Neomys fodiens (Musaraigne aquatique),1,707312,154590,1672,2025,Pièges à capturer vivant : PVIV,Prairies,Ruisseau (sans végétation),NA,Olivone,TI,32,15990,65,156,0.674502402328436
Neomys fodiens (Musaraigne aquatique),1,707312,154590,1672,2025,Pièges à capturer vivant : PVIV,Prairies,Ruisseau (sans végétation),NA,Olivone,TI,32,15990,65,156,0.674502402328436
Clethrionomys glareolus (Campagnol roussâtre),1,707499,154256,1660,2025,Pièges à capturer vivant : PVIV,Prairies,Lisières forestières (conifères),Ruisseau (sans végétation),Olivone,TI,33,15945,65,157,0.635175753622877
Clethrionomys glareolus (Campagnol roussâtre),1,707499,154256,1660,2025,Pièges à capturer vivant : PVIV,Prairies,Lisières forestières (conifères),Ruisseau (sans végétation),Olivone,TI,33,15945,65,157,0.635175753622877
Neomys fodiens (Musaraigne aquatique),1,707499,154256,1660,2025,Pièges à capturer vivant : PVIV,Prairies,Lisières forestières (conifères),Ruisseau (sans végétation),Olivone,TI,33,15945,65,157,0.635175753622877
Microtus arvalis (Campagnol des champs),1,707599,154237,1657,2025,Pièges à capturer vivant : PVIV,Prairies,Ruisseau (sans végétation),Lisières forestières (conifères),Olivone,TI,33,15926,64,157,0.628531951790312
Microtus arvalis (Campagnol des champs),1,707599,154237,1657,2025,Pièges à capturer vivant : PVIV,Prairies,Ruisseau (sans végétation),Lisières forestières (conifères),Olivone,TI,33,15926,64,157,0.628531951790312
Microtus arvalis (Campagnol des champs),1,707599,154237,1657,2025,Pièges à capturer vivant : PVIV,Prairies,Ruisseau (sans végétation),Lisières forestières (conifères),Olivone,TI,33,15926,64,157,0.628531951790312
Microtus arvalis (Campagnol des champs),1,707599,154237,1657,2025,Pièges à capturer vivant : PVIV,Prairies,Ruisseau (sans végétation),Lisières forestières (conifères),Olivone,TI,33,15926,64,157,0.628531951790312
Microtus arvalis (Campagnol des champs),1,707599,154237,1657,2025,Pièges à capturer vivant : PVIV,Prairies,Ruisseau (sans végétation),Lisières forestières (conifères),Olivone,TI,33,15926,64,157,0.628531951790312
Microtus arvalis (Campagnol des champs),1,707599,154237,1657,2025,Pièges à capturer vivant : PVIV,Prairies,Ruisseau (sans végétation),Lisières forestières (conifères),Olivone,TI,33,15926,64,157,0.628531951790312
Microtus arvalis (Campagnol des champs),1,707599,154237,1657,2025,Pièges à capturer vivant : PVIV,Prairies,Ruisseau (sans végétation),Lisières forestières (conifères),Olivone,TI,33,15926,64,157,0.628531951790312
Microtus arvalis (Campagnol des champs),1,707599,154237,1657,2025,Pièges à capturer vivant : PVIV,Prairies,Ruisseau (sans végétation),Lisières forestières (conifères),Olivone,TI,33,15926,64,157,0.628531951790312
Microtus arvalis (Campagnol des champs),1,707599,154237,1657,2025,Pièges à capturer vivant : PVIV,Prairies,Ruisseau (sans végétation),Lisières forestières (conifères),Olivone,TI,33,15926,64,157,0.628531951790312
Chionomys nivalis (Campagnol des neiges),1,707630,154216,1658,2025,Pièges à capturer vivant : PVIV,Prairies,Lisières forestières (conifères),NA,Olivone,TI,33,15916,65,157,0.626781202188337
Clethrionomys glareolus (Campagnol roussâtre),1,707630,154216,1658,2025,Pièges à capturer vivant : PVIV,Prairies,Lisières forestières (conifères),NA,Olivone,TI,33,15916,65,157,0.626781202188337
Clethrionomys glareolus (Campagnol roussâtre),1,707630,154216,1658,2025,Pièges à capturer vivant : PVIV,Prairies,Lisières forestières (conifères),NA,Olivone,TI,33,15916,65,157,0.626781202188337
Clethrionomys glareolus (Campagnol roussâtre),1,707630,154216,1658,2025,Pièges à capturer vivant : PVIV,Prairies,Lisières forestières (conifères),NA,Olivone,TI,33,15916,65,157,0.626781202188337
Clethrionomys glareolus (Campagnol roussâtre),1,707630,154216,1658,2025,Pièges à capturer vivant : PVIV,Prairies,Lisières forestières (conifères),NA,Olivone,TI,33,15916,65,157,0.626781202188337
Clethrionomys glareolus (Campagnol roussâtre),1,707630,154216,1658,2025,Pièges à capturer vivant : PVIV,Prairies,Lisières forestières (conifères),NA,Olivone,TI,33,15916,65,157,0.626781202188337
Clethrionomys glareolus (Campagnol roussâtre),1,707630,154216,1658,2025,Pièges à capturer vivant : PVIV,Prairies,Lisières forestières (conifères),NA,Olivone,TI,33,15916,65,157,0.626781202188337
Clethrionomys glareolus (Campagnol roussâtre),1,707630,154216,1658,2025,Pièges à capturer vivant : PVIV,Prairies,Lisières forestières (conifères),NA,Olivone,TI,33,15916,65,157,0.626781202188337
Clethrionomys glareolus (Campagnol roussâtre),1,707630,154216,1658,2025,Pièges à capturer vivant : PVIV,Prairies,Lisières forestières (conifères),NA,Olivone,TI,33,15916,65,157,0.626781202188337
Clethrionomys glareolus (Campagnol roussâtre),1,707630,154216,1658,2025,Pièges à capturer vivant : PVIV,Prairies,Lisières forestières (conifères),NA,Olivone,TI,33,15916,65,157,0.626781202188337
Clethrionomys glareolus (Campagnol roussâtre),1,707630,154216,1658,2025,Pièges à capturer vivant : PVIV,Prairies,Lisières forestières (conifères),NA,Olivone,TI,33,15916,65,157,0.626781202188337
Clethrionomys glareolus (Campagnol roussâtre),1,707630,154216,1658,2025,Pièges à capturer vivant : PVIV,Prairies,Lisières forestières (conifères),NA,Olivone,TI,33,15916,65,157,0.626781202188337
Clethrionomys glareolus (Campagnol roussâtre),1,707630,154216,1658,2025,Pièges à capturer vivant : PVIV,Prairies,Lisières forestières (conifères),NA,Olivone,TI,33,15916,65,157,0.626781202188337
Clethrionomys glareolus (Campagnol roussâtre),1,707630,154216,1658,2025,Pièges à capturer vivant : PVIV,Prairies,Lisières forestières (conifères),NA,Olivone,TI,33,15916,65,157,0.626781202188337
Clethrionomys glareolus (Campagnol roussâtre),1,707630,154216,1658,2025,Pièges à capturer vivant : PVIV,Prairies,Lisières forestières (conifères),NA,Olivone,TI,33,15916,65,157,0.626781202188337
Clethrionomys glareolus (Campagnol roussâtre),1,707630,154216,1658,2025,Pièges à capturer vivant : PVIV,Prairies,Lisières forestières (conifères),NA,Olivone,TI,33,15916,65,157,0.626781202188337
Clethrionomys glareolus (Campagnol roussâtre),1,707630,154216,1658,2025,Pièges à capturer vivant : PVIV,Prairies,Lisières forestières (conifères),NA,Olivone,TI,33,15916,65,157,0.626781202188337
Clethrionomys glareolus (Campagnol roussâtre),1,707630,154216,1658,2025,Pièges à capturer vivant : PVIV,Prairies,Lisières forestières (conifères),NA,Olivone,TI,33,15916,65,157,0.626781202188337
Clethrionomys glareolus (Campagnol roussâtre),1,707630,154216,1658,2025,Pièges à capturer vivant : PVIV,Prairies,Lisières forestières (conifères),NA,Olivone,TI,33,15916,65,157,0.626781202188337
Clethrionomys glareolus (Campagnol roussâtre),1,707630,154216,1658,2025,Pièges à capturer vivant : PVIV,Prairies,Lisières forestières (conifères),NA,Olivone,TI,33,15916,65,157,0.626781202188337
Clethrionomys glareolus (Campagnol roussâtre),1,707630,154216,1658,2025,Pièges à capturer vivant : PVIV,Prairies,Lisières forestières (conifères),NA,Olivone,TI,33,15916,65,157,0.626781202188337
Clethrionomys glareolus (Campagnol roussâtre),1,707630,154216,1658,2025,Pièges à capturer vivant : PVIV,Prairies,Lisières forestières (conifères),NA,Olivone,TI,33,15916,65,157,0.626781202188337
Clethrionomys glareolus (Campagnol roussâtre),1,707630,154216,1658,2025,Pièges à capturer vivant : PVIV,Prairies,Lisières forestières (conifères),NA,Olivone,TI,33,15916,65,157,0.626781202188337
Clethrionomys glareolus (Campagnol roussâtre),1,707630,154216,1658,2025,Pièges à capturer vivant : PVIV,Prairies,Lisières forestières (conifères),NA,Olivone,TI,33,15916,65,157,0.626781202188337
Clethrionomys glareolus (Campagnol roussâtre),1,707630,154216,1658,2025,Pièges à capturer vivant : PVIV,Prairies,Lisières forestières (conifères),NA,Olivone,TI,33,15916,65,157,0.626781202188337
Clethrionomys glareolus (Campagnol roussâtre),1,707630,154216,1658,2025,Pièges à capturer vivant : PVIV,Prairies,Lisières forestières (conifères),NA,Olivone,TI,33,15916,65,157,0.626781202188337
Clethrionomys glareolus (Campagnol roussâtre),1,707630,154216,1658,2025,Pièges à capturer vivant : PVIV,Prairies,Lisières forestières (conifères),NA,Olivone,TI,33,15916,65,157,0.626781202188337
Clethrionomys glareolus (Campagnol roussâtre),1,707630,154216,1658,2025,Pièges à capturer vivant : PVIV,Prairies,Lisières forestières (conifères),NA,Olivone,TI,33,15916,65,157,0.626781202188337
Neomys fodiens (Musaraigne aquatique),1,707630,154216,1658,2025,Pièges à capturer vivant : PVIV,Prairies,Lisières forestières (conifères),NA,Olivone,TI,33,15916,65,157,0.626781202188337
Clethrionomys glareolus (Campagnol roussâtre),1,707847,154470,1657,2025,Pièges à capturer vivant : PVIV,Milieux humides (Bas marais),Lisières forestières (conifères),NA,Olivone,TI,33,15925,65,158,0.609551206158057
Clethrionomys glareolus (Campagnol roussâtre),1,707847,154470,1657,2025,Pièges à capturer vivant : PVIV,Milieux humides (Bas marais),Lisières forestières (conifères),NA,Olivone,TI,33,15925,65,158,0.609551206158057
Clethrionomys glareolus (Campagnol roussâtre),1,707847,154470,1657,2025,Pièges à capturer vivant : PVIV,Milieux humides (Bas marais),Lisières forestières (conifères),NA,Olivone,TI,33,15925,65,158,0.609551206158057
Clethrionomys glareolus (Campagnol roussâtre),1,707847,154470,1657,2025,Pièges à capturer vivant : PVIV,Milieux humides (Bas marais),Lisières forestières (conifères),NA,Olivone,TI,33,15925,65,158,0.609551206158057
Clethrionomys glareolus (Campagnol roussâtre),1,707847,154470,1657,2025,Pièges à capturer vivant : PVIV,Milieux humides (Bas marais),Lisières forestières (conifères),NA,Olivone,TI,33,15925,65,158,0.609551206158057
Sorex araneus (Musaraigne carrelet),1,707847,154470,1657,2025,Pièges à capturer vivant : PVIV,Milieux humides (Bas marais),Lisières forestières (conifères),NA,Olivone,TI,33,15925,65,158,0.609551206158057
Sorex araneus (Musaraigne carrelet),1,707960,154432,1654,2025,Pièges à capturer vivant : PVIV,Milieux humides (Bas marais),Lisières forestières (conifères),NA,Olivone,TI,34,15909,65,158,0.589342552965548
Clethrionomys glareolus (Campagnol roussâtre),1,707960,154432,1654,2025,Pièges à capturer vivant : PVIV,Milieux humides (Bas marais),NA,NA,Olivone,TI,34,15909,65,158,0.589342552965548
Clethrionomys glareolus (Campagnol roussâtre),1,707960,154432,1654,2025,Pièges à capturer vivant : PVIV,Milieux humides (Bas marais),NA,NA,Olivone,TI,34,15909,65,158,0.589342552965548
Clethrionomys glareolus (Campagnol roussâtre),1,707960,154432,1654,2025,Pièges à capturer vivant : PVIV,Milieux humides (Bas marais),NA,NA,Olivone,TI,34,15909,65,158,0.589342552965548
Clethrionomys glareolus (Campagnol roussâtre),1,707960,154432,1654,2025,Pièges à capturer vivant : PVIV,Milieux humides (Bas marais),NA,NA,Olivone,TI,34,15909,65,158,0.589342552965548
Clethrionomys glareolus (Campagnol roussâtre),1,707960,154432,1654,2025,Pièges à capturer vivant : PVIV,Milieux humides (Bas marais),NA,NA,Olivone,TI,34,15909,65,158,0.589342552965548
Clethrionomys glareolus (Campagnol roussâtre),1,707960,154432,1654,2025,Pièges à capturer vivant : PVIV,Milieux humides (Bas marais),NA,NA,Olivone,TI,34,15909,65,158,0.589342552965548
Sorex antinorii (Musaraigne du Valais),1,709603,154348,1780,2025,Lebendfalle : PVIV,Milieux humides (prairies humides),Ruisseau (avec végétation),NA,"Lucomagno, Dötra",TI,26,15918,64,150,1.00178293412351
Sorex antinorii (Musaraigne du Valais),1,709603,154348,1780,2025,Lebendfalle : PVIV,Milieux humides (prairies humides),Ruisseau (avec végétation),NA,"Lucomagno, Dötra",TI,26,15918,64,150,1.00178293412351
Microtus arvalis (Campagnol des champs),1,709665,154366,1780,2025,Lebendfalle : PVIV,Milieux humides (Bas marais),Ruisseau (avec végétation),NA,"Lucomagno, Dötra",TI,26,15925,64,150,1.00294523600563
Sorex antinorii (Musaraigne du Valais),1,709822,254202,1770,2025,Lebendfalle : PVIV,Milieux humides (Bas marais),Ruisseau (avec végétation),NA,"Lucomagno, Dötra",TI,78,14414,79,220,-2.05845350959504
Sorex antinorii (Musaraigne du Valais),1,709822,254202,1770,2025,Lebendfalle : PVIV,Milieux humides (Bas marais),Ruisseau (avec végétation),NA,"Lucomagno, Dötra",TI,78,14414,79,220,-2.05845350959504
Microtus arvalis (Campagnol des champs),1,709865,153208,1417,2025,Lebendfalle : PVIV,Milieux humides (Bas marais),NA,NA,"Camperio, Campra",TI,48,15593,67,175,-0.170943487198967
Microtus arvalis (Campagnol des champs),1,709865,153208,1417,2025,Lebendfalle : PVIV,Milieux humides (Bas marais),NA,NA,"Camperio, Campra",TI,48,15593,67,175,-0.170943487198967
Clethrionomys glareolus (Campagnol roussâtre),1,709910,153018,1424,2025,Lebendfalle : PVIV,Milieux humides (Bas marais),Lisières forestières (conifères),NA,"Camperio, Campra",TI,48,15627,68,175,-0.167388817526529
Clethrionomys glareolus (Campagnol roussâtre),1,709910,153018,1424,2025,Lebendfalle : PVIV,Milieux humides (Bas marais),Lisières forestières (conifères),NA,"Camperio, Campra",TI,48,15627,68,175,-0.167388817526529
Clethrionomys glareolus (Campagnol roussâtre),1,709910,153018,1424,2025,Lebendfalle : PVIV,Milieux humides (Bas marais),Lisières forestières (conifères),NA,"Camperio, Campra",TI,48,15627,68,175,-0.167388817526529
Clethrionomys glareolus (Campagnol roussâtre),1,709910,153018,1424,2025,Lebendfalle : PVIV,Milieux humides (Bas marais),Lisières forestières (conifères),NA,"Camperio, Campra",TI,48,15627,68,175,-0.167388817526529
Clethrionomys glareolus (Campagnol roussâtre),1,709910,153018,1424,2025,Lebendfalle : PVIV,Milieux humides (Bas marais),Lisières forestières (conifères),NA,"Camperio, Campra",TI,48,15627,68,175,-0.167388817526529
Clethrionomys glareolus (Campagnol roussâtre),1,709910,153018,1424,2025,Lebendfalle : PVIV,Milieux humides (Bas marais),Lisières forestières (conifères),NA,"Camperio, Campra",TI,48,15627,68,175,-0.167388817526529
Clethrionomys glareolus (Campagnol roussâtre),1,709910,153018,1424,2025,Lebendfalle : PVIV,Milieux humides (Bas marais),Lisières forestières (conifères),NA,"Camperio, Campra",TI,48,15627,68,175,-0.167388817526529
Clethrionomys glareolus (Campagnol roussâtre),1,709910,153018,1424,2025,Lebendfalle : PVIV,Milieux humides (Bas marais),Lisières forestières (conifères),NA,"Camperio, Campra",TI,48,15627,68,175,-0.167388817526529
Clethrionomys glareolus (Campagnol roussâtre),1,709910,153018,1424,2025,Lebendfalle : PVIV,Milieux humides (Bas marais),Lisières forestières (conifères),NA,"Camperio, Campra",TI,48,15627,68,175,-0.167388817526529
Clethrionomys glareolus (Campagnol roussâtre),1,709910,153018,1424,2025,Lebendfalle : PVIV,Milieux humides (Bas marais),Lisières forestières (conifères),NA,"Camperio, Campra",TI,48,15627,68,175,-0.167388817526529
Clethrionomys glareolus (Campagnol roussâtre),1,709910,153018,1424,2025,Lebendfalle : PVIV,Milieux humides (Bas marais),Lisières forestières (conifères),NA,"Camperio, Campra",TI,48,15627,68,175,-0.167388817526529
Clethrionomys glareolus (Campagnol roussâtre),1,709910,153018,1424,2025,Lebendfalle : PVIV,Milieux humides (Bas marais),Lisières forestières (conifères),NA,"Camperio, Campra",TI,48,15627,68,175,-0.167388817526529
Clethrionomys glareolus (Campagnol roussâtre),1,709910,153018,1424,2025,Lebendfalle : PVIV,Milieux humides (Bas marais),Lisières forestières (conifères),NA,"Camperio, Campra",TI,48,15627,68,175,-0.167388817526529
Clethrionomys glareolus (Campagnol roussâtre),1,709910,153018,1424,2025,Lebendfalle : PVIV,Milieux humides (Bas marais),Lisières forestières (conifères),NA,"Camperio, Campra",TI,48,15627,68,175,-0.167388817526529
Clethrionomys glareolus (Campagnol roussâtre),1,709910,153018,1424,2025,Lebendfalle : PVIV,Milieux humides (Bas marais),Lisières forestières (conifères),NA,"Camperio, Campra",TI,48,15627,68,175,-0.167388817526529
Sorex antinorii (Musaraigne du Valais),1,709910,153018,1424,2025,Lebendfalle : PVIV,Milieux humides (Bas marais),Lisières forestières (conifères),NA,"Camperio, Campra",TI,48,15627,68,175,-0.167388817526529
Sorex antinorii (Musaraigne du Valais),1,709910,153018,1424,2025,Lebendfalle : PVIV,Milieux humides (Bas marais),Lisières forestières (conifères),NA,"Camperio, Campra",TI,48,15627,68,175,-0.167388817526529
Clethrionomys glareolus (Campagnol roussâtre),1,709917,154150,1760,2025,Lebendfalle : PVIV,Milieux humides (Bas marais),Ruisseau (avec végétation),NA,"Lucomagno, Dötra",TI,28,15830,64,152,0.915145036734958
Clethrionomys glareolus (Campagnol roussâtre),1,709917,154150,1760,2025,Lebendfalle : PVIV,Milieux humides (Bas marais),Ruisseau (avec végétation),NA,"Lucomagno, Dötra",TI,28,15830,64,152,0.915145036734958
Clethrionomys glareolus (Campagnol roussâtre),1,709917,154150,1760,2025,Lebendfalle : PVIV,Milieux humides (Bas marais),Ruisseau (avec végétation),NA,"Lucomagno, Dötra",TI,28,15830,64,152,0.915145036734958
Clethrionomys glareolus (Campagnol roussâtre),1,709917,154150,1760,2025,Lebendfalle : PVIV,Milieux humides (Bas marais),Ruisseau (avec végétation),NA,"Lucomagno, Dötra",TI,28,15830,64,152,0.915145036734958
Clethrionomys glareolus (Campagnol roussâtre),1,709917,154150,1760,2025,Lebendfalle : PVIV,Milieux humides (Bas marais),Ruisseau (avec végétation),NA,"Lucomagno, Dötra",TI,28,15830,64,152,0.915145036734958
Clethrionomys glareolus (Campagnol roussâtre),1,709917,154150,1760,2025,Lebendfalle : PVIV,Milieux humides (Bas marais),Ruisseau (avec végétation),NA,"Lucomagno, Dötra",TI,28,15830,64,152,0.915145036734958
Clethrionomys glareolus (Campagnol roussâtre),1,709917,154150,1760,2025,Lebendfalle : PVIV,Milieux humides (Bas marais),Ruisseau (avec végétation),NA,"Lucomagno, Dötra",TI,28,15830,64,152,0.915145036734958
Clethrionomys glareolus (Campagnol roussâtre),1,709917,154150,1760,2025,Lebendfalle : PVIV,Milieux humides (Bas marais),Ruisseau (avec végétation),NA,"Lucomagno, Dötra",TI,28,15830,64,152,0.915145036734958
Sorex antinorii (Musaraigne du Valais),1,709917,154150,1760,2025,Lebendfalle : PVIV,Milieux humides (Bas marais),Ruisseau (avec végétation),NA,"Lucomagno, Dötra",TI,28,15830,64,152,0.915145036734958
Clethrionomys glareolus (Campagnol roussâtre),1,709994,154080,1760,2025,Lebendfalle : PVIV,Prairies,Lisières forestières (conifères),NA,"Lucomagno, Dötra",TI,28,15791,64,152,0.922670995381082
Clethrionomys glareolus (Campagnol roussâtre),1,709994,154080,1760,2025,Lebendfalle : PVIV,Prairies,Lisières forestières (conifères),NA,"Lucomagno, Dötra",TI,28,15791,64,152,0.922670995381082
Clethrionomys glareolus (Campagnol roussâtre),1,709994,154080,1760,2025,Lebendfalle : PVIV,Prairies,Lisières forestières (conifères),NA,"Lucomagno, Dötra",TI,28,15791,64,152,0.922670995381082
Clethrionomys glareolus (Campagnol roussâtre),1,709994,154080,1760,2025,Lebendfalle : PVIV,Prairies,Lisières forestières (conifères),NA,"Lucomagno, Dötra",TI,28,15791,64,152,0.922670995381082
Clethrionomys glareolus (Campagnol roussâtre),1,709994,154080,1760,2025,Lebendfalle : PVIV,Prairies,Lisières forestières (conifères),NA,"Lucomagno, Dötra",TI,28,15791,64,152,0.922670995381082
Clethrionomys glareolus (Campagnol roussâtre),1,709994,154080,1760,2025,Lebendfalle : PVIV,Prairies,Lisières forestières (conifères),NA,"Lucomagno, Dötra",TI,28,15791,64,152,0.922670995381082
Clethrionomys glareolus (Campagnol roussâtre),1,709994,154080,1760,2025,Lebendfalle : PVIV,Prairies,Lisières forestières (conifères),NA,"Lucomagno, Dötra",TI,28,15791,64,152,0.922670995381082
Clethrionomys glareolus (Campagnol roussâtre),1,709994,154080,1760,2025,Lebendfalle : PVIV,Prairies,Lisières forestières (conifères),NA,"Lucomagno, Dötra",TI,28,15791,64,152,0.922670995381082
Clethrionomys glareolus (Campagnol roussâtre),1,709994,154080,1760,2025,Lebendfalle : PVIV,Prairies,Lisières forestières (conifères),NA,"Lucomagno, Dötra",TI,28,15791,64,152,0.922670995381082
Clethrionomys glareolus (Campagnol roussâtre),1,709994,154080,1760,2025,Lebendfalle : PVIV,Prairies,Lisières forestières (conifères),NA,"Lucomagno, Dötra",TI,28,15791,64,152,0.922670995381082
Microtus arvalis (Campagnol des champs),1,709994,154080,1760,2025,Lebendfalle : PVIV,Prairies,Lisières forestières (conifères),NA,"Lucomagno, Dötra",TI,28,15791,64,152,0.922670995381082
Neomys fodiens (Musaraigne aquatique),1,710286,153345,1414,2025,Lebendfalle : PVIV,Milieux humides (prairies humides),Lisières forestières (feuillus),Ruisseau (sans végétation),"Camperio, Campra",TI,49,15505,68,176,-0.202972369456485
Neomys fodiens (Musaraigne aquatique),1,710286,153345,1414,2025,Lebendfalle : PVIV,Milieux humides (prairies humides),Lisières forestières (feuillus),Ruisseau (sans végétation),"Camperio, Campra",TI,49,15505,68,176,-0.202972369456485
Neomys fodiens (Musaraigne aquatique),1,710286,153345,1414,2025,Lebendfalle : PVIV,Milieux humides (prairies humides),Lisières forestières (feuillus),Ruisseau (sans végétation),"Camperio, Campra",TI,49,15505,68,176,-0.202972369456485
Clethrionomys glareolus (Campagnol roussâtre),1,710315,153231,1412,2025,Lebendfalle : PVIV,Prairies,Lisières forestières (conifères),NA,"Camperio, Campra",TI,49,15522,68,176,-0.201939415213056
Clethrionomys glareolus (Campagnol roussâtre),1,710315,153231,1412,2025,Lebendfalle : PVIV,Prairies,Lisières forestières (conifères),NA,"Camperio, Campra",TI,49,15522,68,176,-0.201939415213056
Clethrionomys glareolus (Campagnol roussâtre),1,710315,153231,1412,2025,Lebendfalle : PVIV,Prairies,Lisières forestières (conifères),NA,"Camperio, Campra",TI,49,15522,68,176,-0.201939415213056
Clethrionomys glareolus (Campagnol roussâtre),1,710315,153231,1412,2025,Lebendfalle : PVIV,Prairies,Lisières forestières (conifères),NA,"Camperio, Campra",TI,49,15522,68,176,-0.201939415213056
Clethrionomys glareolus (Campagnol roussâtre),1,710315,153231,1412,2025,Lebendfalle : PVIV,Prairies,Lisières forestières (conifères),NA,"Camperio, Campra",TI,49,15522,68,176,-0.201939415213056
Clethrionomys glareolus (Campagnol roussâtre),1,710315,153231,1412,2025,Lebendfalle : PVIV,Prairies,Lisières forestières (conifères),NA,"Camperio, Campra",TI,49,15522,68,176,-0.201939415213056
Clethrionomys glareolus (Campagnol roussâtre),1,710315,153231,1412,2025,Lebendfalle : PVIV,Prairies,Lisières forestières (conifères),NA,"Camperio, Campra",TI,49,15522,68,176,-0.201939415213056
Sorex antinorii (Musaraigne du Valais),1,710315,153231,1412,2025,Lebendfalle : PVIV,Prairies,Lisières forestières (conifères),NA,"Camperio, Campra",TI,49,15522,68,176,-0.201939415213056
Sorex antinorii (Musaraigne du Valais),1,710315,153231,1412,2025,Lebendfalle : PVIV,Prairies,Lisières forestières (conifères),NA,"Camperio, Campra",TI,49,15522,68,176,-0.201939415213056
Sorex antinorii (Musaraigne du Valais),1,710315,153231,1412,2025,Lebendfalle : PVIV,Prairies,Lisières forestières (conifères),NA,"Camperio, Campra",TI,49,15522,68,176,-0.201939415213056
Clethrionomys glareolus (Campagnol roussâtre),1,710490,154543,1750,2025,Lebendfalle : PVIV,Prairies,Lisières forestières (conifères),Torrent (avec végétation),"Lucomagno, Dötra",TI,28,16050,64,151,0.919550524744971
Clethrionomys glareolus (Campagnol roussâtre),1,710490,154543,1750,2025,Lebendfalle : PVIV,Prairies,Lisières forestières (conifères),Torrent (avec végétation),"Lucomagno, Dötra",TI,28,16050,64,151,0.919550524744971
Clethrionomys glareolus (Campagnol roussâtre),1,710490,154543,1750,2025,Lebendfalle : PVIV,Prairies,Lisières forestières (conifères),Torrent (avec végétation),"Lucomagno, Dötra",TI,28,16050,64,151,0.919550524744971
Clethrionomys glareolus (Campagnol roussâtre),1,710490,154543,1750,2025,Lebendfalle : PVIV,Prairies,Lisières forestières (conifères),Torrent (avec végétation),"Lucomagno, Dötra",TI,28,16050,64,151,0.919550524744971
Clethrionomys glareolus (Campagnol roussâtre),1,710490,154543,1750,2025,Lebendfalle : PVIV,Prairies,Lisières forestières (conifères),Torrent (avec végétation),"Lucomagno, Dötra",TI,28,16050,64,151,0.919550524744971
Clethrionomys glareolus (Campagnol roussâtre),1,710490,154543,1750,2025,Lebendfalle : PVIV,Prairies,Lisières forestières (conifères),Torrent (avec végétation),"Lucomagno, Dötra",TI,28,16050,64,151,0.919550524744971
Clethrionomys glareolus (Campagnol roussâtre),1,710490,154543,1750,2025,Lebendfalle : PVIV,Prairies,Lisières forestières (conifères),Torrent (avec végétation),"Lucomagno, Dötra",TI,28,16050,64,151,0.919550524744971
Clethrionomys glareolus (Campagnol roussâtre),1,710490,154543,1750,2025,Lebendfalle : PVIV,Prairies,Lisières forestières (conifères),Torrent (avec végétation),"Lucomagno, Dötra",TI,28,16050,64,151,0.919550524744971
Clethrionomys glareolus (Campagnol roussâtre),1,710490,154543,1750,2025,Lebendfalle : PVIV,Prairies,Lisières forestières (conifères),Torrent (avec végétation),"Lucomagno, Dötra",TI,28,16050,64,151,0.919550524744971
Clethrionomys glareolus (Campagnol roussâtre),1,710490,154543,1750,2025,Lebendfalle : PVIV,Prairies,Lisières forestières (conifères),Torrent (avec végétation),"Lucomagno, Dötra",TI,28,16050,64,151,0.919550524744971
Clethrionomys glareolus (Campagnol roussâtre),1,710490,154543,1750,2025,Lebendfalle : PVIV,Prairies,Lisières forestières (conifères),Torrent (avec végétation),"Lucomagno, Dötra",TI,28,16050,64,151,0.919550524744971
Clethrionomys glareolus (Campagnol roussâtre),1,710490,154543,1750,2025,Lebendfalle : PVIV,Prairies,Lisières forestières (conifères),Torrent (avec végétation),"Lucomagno, Dötra",TI,28,16050,64,151,0.919550524744971
Clethrionomys glareolus (Campagnol roussâtre),1,710490,154543,1750,2025,Lebendfalle : PVIV,Prairies,Lisières forestières (conifères),Torrent (avec végétation),"Lucomagno, Dötra",TI,28,16050,64,151,0.919550524744971
Clethrionomys glareolus (Campagnol roussâtre),1,710490,154543,1750,2025,Lebendfalle : PVIV,Prairies,Lisières forestières (conifères),Torrent (avec végétation),"Lucomagno, Dötra",TI,28,16050,64,151,0.919550524744971
Clethrionomys glareolus (Campagnol roussâtre),1,710490,154543,1750,2025,Lebendfalle : PVIV,Prairies,Lisières forestières (conifères),Torrent (avec végétation),"Lucomagno, Dötra",TI,28,16050,64,151,0.919550524744971
Clethrionomys glareolus (Campagnol roussâtre),1,710490,154543,1750,2025,Lebendfalle : PVIV,Prairies,Lisières forestières (conifères),Torrent (avec végétation),"Lucomagno, Dötra",TI,28,16050,64,151,0.919550524744971
Clethrionomys glareolus (Campagnol roussâtre),1,710490,154543,1750,2025,Lebendfalle : PVIV,Prairies,Lisières forestières (conifères),Torrent (avec végétation),"Lucomagno, Dötra",TI,28,16050,64,151,0.919550524744971
Clethrionomys glareolus (Campagnol roussâtre),1,710490,154543,1750,2025,Lebendfalle : PVIV,Prairies,Lisières forestières (conifères),Torrent (avec végétation),"Lucomagno, Dötra",TI,28,16050,64,151,0.919550524744971
Sorex antinorii (Musaraigne du Valais),1,710490,154543,1750,2025,Lebendfalle : PVIV,Prairies,Lisières forestières (conifères),Torrent (avec végétation),"Lucomagno, Dötra",TI,28,16050,64,151,0.919550524744971
Sorex antinorii (Musaraigne du Valais),1,710490,154543,1750,2025,Lebendfalle : PVIV,Prairies,Lisières forestières (conifères),Torrent (avec végétation),"Lucomagno, Dötra",TI,28,16050,64,151,0.919550524744971
Chionomys nivalis (Campagnol des neiges),1,710816,152749,1433,2025,Lebendfalle : PVIV,Milieux humides (Bas marais),Lisières forestières (conifères),NA,"Camperio, Campra",TI,48,15413,69,176,-0.16625637525459
Clethrionomys glareolus (Campagnol roussâtre),1,710816,152749,1433,2025,Lebendfalle : PVIV,Milieux humides (Bas marais),Lisières forestières (conifères),NA,"Camperio, Campra",TI,48,15413,69,176,-0.16625637525459
Clethrionomys glareolus (Campagnol roussâtre),1,710816,152749,1433,2025,Lebendfalle : PVIV,Milieux humides (Bas marais),Lisières forestières (conifères),NA,"Camperio, Campra",TI,48,15413,69,176,-0.16625637525459
Clethrionomys glareolus (Campagnol roussâtre),1,710816,152749,1433,2025,Lebendfalle : PVIV,Milieux humides (Bas marais),Lisières forestières (conifères),NA,"Camperio, Campra",TI,48,15413,69,176,-0.16625637525459
Clethrionomys glareolus (Campagnol roussâtre),1,710816,152749,1433,2025,Lebendfalle : PVIV,Milieux humides (Bas marais),Lisières forestières (conifères),NA,"Camperio, Campra",TI,48,15413,69,176,-0.16625637525459
Clethrionomys glareolus (Campagnol roussâtre),1,710816,152749,1433,2025,Lebendfalle : PVIV,Milieux humides (Bas marais),Lisières forestières (conifères),NA,"Camperio, Campra",TI,48,15413,69,176,-0.16625637525459
Clethrionomys glareolus (Campagnol roussâtre),1,710816,152749,1433,2025,Lebendfalle : PVIV,Milieux humides (Bas marais),Lisières forestières (conifères),NA,"Camperio, Campra",TI,48,15413,69,176,-0.16625637525459
Clethrionomys glareolus (Campagnol roussâtre),1,710816,152749,1433,2025,Lebendfalle : PVIV,Milieux humides (Bas marais),Lisières forestières (conifères),NA,"Camperio, Campra",TI,48,15413,69,176,-0.16625637525459
Clethrionomys glareolus (Campagnol roussâtre),1,710816,152749,1433,2025,Lebendfalle : PVIV,Milieux humides (Bas marais),Lisières forestières (conifères),NA,"Camperio, Campra",TI,48,15413,69,176,-0.16625637525459
Clethrionomys glareolus (Campagnol roussâtre),1,710816,152749,1433,2025,Lebendfalle : PVIV,Milieux humides (Bas marais),Lisières forestières (conifères),NA,"Camperio, Campra",TI,48,15413,69,176,-0.16625637525459
Clethrionomys glareolus (Campagnol roussâtre),1,710816,152749,1433,2025,Lebendfalle : PVIV,Milieux humides (Bas marais),Lisières forestières (conifères),NA,"Camperio, Campra",TI,48,15413,69,176,-0.16625637525459
Clethrionomys glareolus (Campagnol roussâtre),1,710816,152749,1433,2025,Lebendfalle : PVIV,Milieux humides (Bas marais),Lisières forestières (conifères),NA,"Camperio, Campra",TI,48,15413,69,176,-0.16625637525459
Clethrionomys glareolus (Campagnol roussâtre),1,710816,152749,1433,2025,Lebendfalle : PVIV,Milieux humides (Bas marais),Lisières forestières (conifères),NA,"Camperio, Campra",TI,48,15413,69,176,-0.16625637525459
Clethrionomys glareolus (Campagnol roussâtre),1,710816,152749,1433,2025,Lebendfalle : PVIV,Milieux humides (Bas marais),Lisières forestières (conifères),NA,"Camperio, Campra",TI,48,15413,69,176,-0.16625637525459
Clethrionomys glareolus (Campagnol roussâtre),1,710816,152749,1433,2025,Lebendfalle : PVIV,Milieux humides (Bas marais),Lisières forestières (conifères),NA,"Camperio, Campra",TI,48,15413,69,176,-0.16625637525459
Clethrionomys glareolus (Campagnol roussâtre),1,710816,152749,1433,2025,Lebendfalle : PVIV,Milieux humides (Bas marais),Lisières forestières (conifères),NA,"Camperio, Campra",TI,48,15413,69,176,-0.16625637525459
Clethrionomys glareolus (Campagnol roussâtre),1,710816,152749,1433,2025,Lebendfalle : PVIV,Milieux humides (Bas marais),Lisières forestières (conifères),NA,"Camperio, Campra",TI,48,15413,69,176,-0.16625637525459
Clethrionomys glareolus (Campagnol roussâtre),1,710816,152749,1433,2025,Lebendfalle : PVIV,Milieux humides (Bas marais),Lisières forestières (conifères),NA,"Camperio, Campra",TI,48,15413,69,176,-0.16625637525459
Clethrionomys glareolus (Campagnol roussâtre),1,710816,152749,1433,2025,Lebendfalle : PVIV,Milieux humides (Bas marais),Lisières forestières (conifères),NA,"Camperio, Campra",TI,48,15413,69,176,-0.16625637525459
Clethrionomys glareolus (Campagnol roussâtre),1,710958,154543,1780,2025,Lebendfalle : PVIV,Milieux forestiers (conifères),Lisières forestières (conifères),NA,"Lucomagno, Dötra",TI,30,15873,65,154,0.823217676536376
Clethrionomys glareolus (Campagnol roussâtre),1,710958,154543,1780,2025,Lebendfalle : PVIV,Milieux forestiers (conifères),Lisières forestières (conifères),NA,"Lucomagno, Dötra",TI,30,15873,65,154,0.823217676536376
Clethrionomys glareolus (Campagnol roussâtre),1,710958,154543,1780,2025,Lebendfalle : PVIV,Milieux forestiers (conifères),Lisières forestières (conifères),NA,"Lucomagno, Dötra",TI,30,15873,65,154,0.823217676536376
Clethrionomys glareolus (Campagnol roussâtre),1,710958,154543,1780,2025,Lebendfalle : PVIV,Milieux forestiers (conifères),Lisières forestières (conifères),NA,"Lucomagno, Dötra",TI,30,15873,65,154,0.823217676536376
Clethrionomys glareolus (Campagnol roussâtre),1,710958,154543,1780,2025,Lebendfalle : PVIV,Milieux forestiers (conifères),Lisières forestières (conifères),NA,"Lucomagno, Dötra",TI,30,15873,65,154,0.823217676536376
Microtus arvalis (Campagnol des champs),1,710958,154543,1780,2025,Lebendfalle : PVIV,Milieux forestiers (conifères),Lisières forestières (conifères),NA,"Lucomagno, Dötra",TI,30,15873,65,154,0.823217676536376
Microtus arvalis (Campagnol des champs),2,711042,155668,1830,2025,Pièges à capturer vivant : PVIV,Prairies,Lisières forestières (conifères),NA,NA,TI,23,16587,64,146,1.13114205802935
Clethrionomys glareolus (Campagnol roussâtre),2,711043,155414,1830,2025,Pièges à capturer vivant : PVIV,Prairies,Lisières forestières (conifères),NA,NA,TI,23,16483,64,146,1.13987676130132
Microtus arvalis (Campagnol des champs),2,711043,155414,1830,2025,Pièges à capturer vivant : PVIV,Prairies,Lisières forestières (conifères),NA,NA,TI,23,16483,64,146,1.13987676130132
Clethrionomys glareolus (Campagnol roussâtre),1,711076,153169,1403,2025,Lebendfalle : PVIV,Milieux forestiers (conifères),Ruisseau (avec végétation),NA,"Camperio, Campra",TI,48,15154,69,176,-0.185258027015765
Clethrionomys glareolus (Campagnol roussâtre),1,711076,153169,1403,2025,Lebendfalle : PVIV,Milieux forestiers (conifères),Ruisseau (avec végétation),NA,"Camperio, Campra",TI,48,15154,69,176,-0.185258027015765
Neomys fodiens (Musaraigne aquatique),1,711076,153169,1403,2025,Lebendfalle : PVIV,Milieux forestiers (conifères),Ruisseau (avec végétation),NA,"Camperio, Campra",TI,48,15154,69,176,-0.185258027015765
Neomys fodiens (Musaraigne aquatique),1,711076,153169,1403,2025,Lebendfalle : PVIV,Milieux forestiers (conifères),Ruisseau (avec végétation),NA,"Camperio, Campra",TI,48,15154,69,176,-0.185258027015765
Neomys fodiens (Musaraigne aquatique),1,711076,153169,1403,2025,Lebendfalle : PVIV,Milieux forestiers (conifères),Ruisseau (avec végétation),NA,"Camperio, Campra",TI,48,15154,69,176,-0.185258027015765
Clethrionomys glareolus (Campagnol roussâtre),1,711151,155549,1810,2025,Pièges à capturer vivant : PVIV,Prairies,Lisières forestières (conifères),NA,NA,TI,25,16559,64,148,1.04488658172124
Clethrionomys glareolus (Campagnol roussâtre),1,711151,155549,1810,2025,Pièges à capturer vivant : PVIV,Prairies,Lisières forestières (conifères),NA,NA,TI,25,16559,64,148,1.04488658172124
Sorex araneus (Musaraigne carrelet),1,711151,155549,1810,2025,Pièges à capturer vivant : PVIV,Prairies,Lisières forestières (conifères),NA,NA,TI,25,16559,64,148,1.04488658172124
Clethrionomys glareolus (Campagnol roussâtre),1,711195,154852,1780,2025,Lebendfalle : PVIV,Milieux forestiers ouverts / perturbés (conifères),NA,Milieux rocheux naturels,"Lucomagno, Dötra",TI,29,16052,64,152,0.905924406862537
Clethrionomys glareolus (Campagnol roussâtre),1,711195,154852,1780,2025,Lebendfalle : PVIV,Milieux forestiers ouverts / perturbés (conifères),NA,Milieux rocheux naturels,"Lucomagno, Dötra",TI,29,16052,64,152,0.905924406862537
Clethrionomys glareolus (Campagnol roussâtre),1,711195,154852,1780,2025,Lebendfalle : PVIV,Milieux forestiers ouverts / perturbés (conifères),NA,Milieux rocheux naturels,"Lucomagno, Dötra",TI,29,16052,64,152,0.905924406862537
Clethrionomys glareolus (Campagnol roussâtre),1,711195,154852,1780,2025,Lebendfalle : PVIV,Milieux forestiers ouverts / perturbés (conifères),NA,Milieux rocheux naturels,"Lucomagno, Dötra",TI,29,16052,64,152,0.905924406862537
Clethrionomys glareolus (Campagnol roussâtre),1,711195,154852,1780,2025,Lebendfalle : PVIV,Milieux forestiers ouverts / perturbés (conifères),NA,Milieux rocheux naturels,"Lucomagno, Dötra",TI,29,16052,64,152,0.905924406862537
Clethrionomys glareolus (Campagnol roussâtre),1,711195,154852,1780,2025,Lebendfalle : PVIV,Milieux forestiers ouverts / perturbés (conifères),NA,Milieux rocheux naturels,"Lucomagno, Dötra",TI,29,16052,64,152,0.905924406862537
Clethrionomys glareolus (Campagnol roussâtre),1,711195,154852,1780,2025,Lebendfalle : PVIV,Milieux forestiers ouverts / perturbés (conifères),NA,Milieux rocheux naturels,"Lucomagno, Dötra",TI,29,16052,64,152,0.905924406862537
Sorex antinorii (Musaraigne du Valais),1,711195,154852,1780,2025,Lebendfalle : PVIV,Milieux forestiers ouverts / perturbés (conifères),NA,Milieux rocheux naturels,"Lucomagno, Dötra",TI,29,16052,64,152,0.905924406862537
Sorex antinorii (Musaraigne du Valais),1,711195,154852,1780,2025,Lebendfalle : PVIV,Milieux forestiers ouverts / perturbés (conifères),NA,Milieux rocheux naturels,"Lucomagno, Dötra",TI,29,16052,64,152,0.905924406862537
Sorex antinorii (Musaraigne du Valais),1,711195,154852,1780,2025,Lebendfalle : PVIV,Milieux forestiers ouverts / perturbés (conifères),NA,Milieux rocheux naturels,"Lucomagno, Dötra",TI,29,16052,64,152,0.905924406862537
Sorex antinorii (Musaraigne du Valais),1,711195,154852,1780,2025,Lebendfalle : PVIV,Milieux forestiers ouverts / perturbés (conifères),NA,Milieux rocheux naturels,"Lucomagno, Dötra",TI,29,16052,64,152,0.905924406862537
Clethrionomys glareolus (Campagnol roussâtre),1,711211,154845,1780,2025,Lebendfalle : PVIV,Milieux forestiers ouverts / perturbés (conifères),NA,Milieux rocheux naturels,"Lucomagno, Dötra",TI,29,16031,64,152,0.906859103805238
Clethrionomys glareolus (Campagnol roussâtre),1,711211,154845,1780,2025,Lebendfalle : PVIV,Milieux forestiers ouverts / perturbés (conifères),NA,Milieux rocheux naturels,"Lucomagno, Dötra",TI,29,16031,64,152,0.906859103805238
Clethrionomys glareolus (Campagnol roussâtre),1,711211,154845,1780,2025,Lebendfalle : PVIV,Milieux forestiers ouverts / perturbés (conifères),NA,Milieux rocheux naturels,"Lucomagno, Dötra",TI,29,16031,64,152,0.906859103805238
Clethrionomys glareolus (Campagnol roussâtre),1,711211,154845,1780,2025,Lebendfalle : PVIV,Milieux forestiers ouverts / perturbés (conifères),NA,Milieux rocheux naturels,"Lucomagno, Dötra",TI,29,16031,64,152,0.906859103805238
Clethrionomys glareolus (Campagnol roussâtre),1,711211,154845,1780,2025,Lebendfalle : PVIV,Milieux forestiers ouverts / perturbés (conifères),NA,Milieux rocheux naturels,"Lucomagno, Dötra",TI,29,16031,64,152,0.906859103805238
Clethrionomys glareolus (Campagnol roussâtre),1,711488,152871,1387,2025,Lebendfalle : PVIV,Milieux humides (Bas marais),Structures linéaires arborées dans les paysages agricoles,NA,"Camperio, Campra",TI,48,15000,70,177,-0.211114511896147
Clethrionomys glareolus (Campagnol roussâtre),1,711488,152871,1387,2025,Lebendfalle : PVIV,Milieux humides (Bas marais),Structures linéaires arborées dans les paysages agricoles,NA,"Camperio, Campra",TI,48,15000,70,177,-0.211114511896147
Clethrionomys glareolus (Campagnol roussâtre),1,711488,152871,1387,2025,Lebendfalle : PVIV,Milieux humides (Bas marais),Structures linéaires arborées dans les paysages agricoles,NA,"Camperio, Campra",TI,48,15000,70,177,-0.211114511896147
Clethrionomys glareolus (Campagnol roussâtre),1,711488,152871,1387,2025,Lebendfalle : PVIV,Milieux humides (Bas marais),Structures linéaires arborées dans les paysages agricoles,NA,"Camperio, Campra",TI,48,15000,70,177,-0.211114511896147
Clethrionomys glareolus (Campagnol roussâtre),1,711488,152871,1387,2025,Lebendfalle : PVIV,Milieux humides (Bas marais),Structures linéaires arborées dans les paysages agricoles,NA,"Camperio, Campra",TI,48,15000,70,177,-0.211114511896147
Clethrionomys glareolus (Campagnol roussâtre),1,711488,152871,1387,2025,Lebendfalle : PVIV,Milieux humides (Bas marais),Structures linéaires arborées dans les paysages agricoles,NA,"Camperio, Campra",TI,48,15000,70,177,-0.211114511896147
Sorex antinorii (Musaraigne du Valais),1,711488,152871,1387,2025,Lebendfalle : PVIV,Milieux humides (Bas marais),Structures linéaires arborées dans les paysages agricoles,NA,"Camperio, Campra",TI,48,15000,70,177,-0.211114511896147
Sorex antinorii (Musaraigne du Valais),1,711563,153007,1391,2025,Lebendfalle : PVIV,Milieux humides (Bas marais),Milieux rocheux anthropiques,NA,"Camperio, Campra",TI,47,14928,70,176,-0.172475607548305
Sorex antinorii (Musaraigne du Valais),1,711563,153007,1391,2025,Lebendfalle : PVIV,Milieux humides (Bas marais),Milieux rocheux anthropiques,NA,"Camperio, Campra",TI,47,14928,70,176,-0.172475607548305
Sorex antinorii (Musaraigne du Valais),1,711563,153007,1391,2025,Lebendfalle : PVIV,Milieux humides (Bas marais),Milieux rocheux anthropiques,NA,"Camperio, Campra",TI,47,14928,70,176,-0.172475607548305
Sorex antinorii (Musaraigne du Valais),1,711563,153007,1391,2025,Lebendfalle : PVIV,Milieux humides (Bas marais),Milieux rocheux anthropiques,NA,"Camperio, Campra",TI,47,14928,70,176,-0.172475607548305
Sorex antinorii (Musaraigne du Valais),1,711563,153007,1391,2025,Lebendfalle : PVIV,Milieux humides (Bas marais),Milieux rocheux anthropiques,NA,"Camperio, Campra",TI,47,14928,70,176,-0.172475607548305
Sorex antinorii (Musaraigne du Valais),1,711563,153007,1391,2025,Lebendfalle : PVIV,Milieux humides (Bas marais),Milieux rocheux anthropiques,NA,"Camperio, Campra",TI,47,14928,70,176,-0.172475607548305
Sorex antinorii (Musaraigne du Valais),1,711563,153007,1391,2025,Lebendfalle : PVIV,Milieux humides (Bas marais),Milieux rocheux anthropiques,NA,"Camperio, Campra",TI,47,14928,70,176,-0.172475607548305
Clethrionomys glareolus (Campagnol roussâtre),1,711627,152748,1414,2025,Lebendfalle : PVIV,Milieux humides (prairies humides),Lisières forestières (conifères),NA,"Camperio, Campra",TI,47,14979,70,176,-0.146847865523558
Clethrionomys glareolus (Campagnol roussâtre),1,711627,152748,1414,2025,Lebendfalle : PVIV,Milieux humides (prairies humides),Lisières forestières (conifères),NA,"Camperio, Campra",TI,47,14979,70,176,-0.146847865523558
Clethrionomys glareolus (Campagnol roussâtre),1,711627,152748,1414,2025,Lebendfalle : PVIV,Milieux humides (prairies humides),Lisières forestières (conifères),NA,"Camperio, Campra",TI,47,14979,70,176,-0.146847865523558
Clethrionomys glareolus (Campagnol roussâtre),1,711627,152748,1414,2025,Lebendfalle : PVIV,Milieux humides (prairies humides),Lisières forestières (conifères),NA,"Camperio, Campra",TI,47,14979,70,176,-0.146847865523558
Clethrionomys glareolus (Campagnol roussâtre),1,711627,152748,1414,2025,Lebendfalle : PVIV,Milieux humides (prairies humides),Lisières forestières (conifères),NA,"Camperio, Campra",TI,47,14979,70,176,-0.146847865523558
Clethrionomys glareolus (Campagnol roussâtre),1,711627,152748,1414,2025,Lebendfalle : PVIV,Milieux humides (prairies humides),Lisières forestières (conifères),NA,"Camperio, Campra",TI,47,14979,70,176,-0.146847865523558
Clethrionomys glareolus (Campagnol roussâtre),1,711627,152748,1414,2025,Lebendfalle : PVIV,Milieux humides (prairies humides),Lisières forestières (conifères),NA,"Camperio, Campra",TI,47,14979,70,176,-0.146847865523558
Clethrionomys glareolus (Campagnol roussâtre),1,711627,152748,1414,2025,Lebendfalle : PVIV,Milieux humides (prairies humides),Lisières forestières (conifères),NA,"Camperio, Campra",TI,47,14979,70,176,-0.146847865523558
Clethrionomys glareolus (Campagnol roussâtre),1,711627,152748,1414,2025,Lebendfalle : PVIV,Milieux humides (prairies humides),Lisières forestières (conifères),NA,"Camperio, Campra",TI,47,14979,70,176,-0.146847865523558
Clethrionomys glareolus (Campagnol roussâtre),1,711627,152748,1414,2025,Lebendfalle : PVIV,Milieux humides (prairies humides),Lisières forestières (conifères),NA,"Camperio, Campra",TI,47,14979,70,176,-0.146847865523558
Clethrionomys glareolus (Campagnol roussâtre),1,711627,152748,1414,2025,Lebendfalle : PVIV,Milieux humides (prairies humides),Lisières forestières (conifères),NA,"Camperio, Campra",TI,47,14979,70,176,-0.146847865523558
Clethrionomys glareolus (Campagnol roussâtre),1,711627,152748,1414,2025,Lebendfalle : PVIV,Milieux humides (prairies humides),Lisières forestières (conifères),NA,"Camperio, Campra",TI,47,14979,70,176,-0.146847865523558
Clethrionomys glareolus (Campagnol roussâtre),1,711627,152748,1414,2025,Lebendfalle : PVIV,Milieux humides (prairies humides),Lisières forestières (conifères),NA,"Camperio, Campra",TI,47,14979,70,176,-0.146847865523558
Sorex antinorii (Musaraigne du Valais),1,711627,152748,1414,2025,Lebendfalle : PVIV,Milieux humides (prairies humides),Lisières forestières (conifères),NA,"Camperio, Campra",TI,47,14979,70,176,-0.146847865523558
Clethrionomys glareolus (Campagnol roussâtre),1,711728,152938,1381,2025,Lebendfalle : PVIV,Milieux humides (prairies humides),Ruisseau (sans végétation),NA,"Camperio, Campra",TI,48,14870,70,177,-0.206696783033395
Clethrionomys glareolus (Campagnol roussâtre),1,711728,152938,1381,2025,Lebendfalle : PVIV,Milieux humides (prairies humides),Ruisseau (sans végétation),NA,"Camperio, Campra",TI,48,14870,70,177,-0.206696783033395
Clethrionomys glareolus (Campagnol roussâtre),1,711728,152938,1381,2025,Lebendfalle : PVIV,Milieux humides (prairies humides),Ruisseau (sans végétation),NA,"Camperio, Campra",TI,48,14870,70,177,-0.206696783033395
Neomys fodiens (Musaraigne aquatique),1,711728,152938,1381,2025,Lebendfalle : PVIV,Milieux humides (prairies humides),Ruisseau (sans végétation),NA,"Camperio, Campra",TI,48,14870,70,177,-0.206696783033395
Sorex antinorii (Musaraigne du Valais),1,711728,152938,1381,2025,Lebendfalle : PVIV,Milieux humides (prairies humides),Ruisseau (sans végétation),NA,"Camperio, Campra",TI,48,14870,70,177,-0.206696783033395
Sorex antinorii (Musaraigne du Valais),1,711728,152938,1381,2025,Lebendfalle : PVIV,Milieux humides (prairies humides),Ruisseau (sans végétation),NA,"Camperio, Campra",TI,48,14870,70,177,-0.206696783033395
Microtus arvalis (Campagnol des champs),1,712192,155540,1680,2025,Pièges à capturer vivant : PVIV,Prairies,Ruisseau (sans végétation),NA,NA,TI,34,16507,65,158,0.593360774223344
Neomys fodiens (Musaraigne aquatique),2,712192,155540,1680,2025,Pièges à capturer vivant : PVIV,Prairies,Ruisseau (sans végétation),NA,NA,TI,34,16507,65,158,0.593360774223344
Sorex araneus (Musaraigne carrelet),1,712192,155540,1680,2025,Pièges à capturer vivant : PVIV,Prairies,Ruisseau (sans végétation),NA,NA,TI,34,16507,65,158,0.593360774223344
Sorex araneus (Musaraigne carrelet),1,712192,155540,1680,2025,Pièges à capturer vivant : PVIV,Prairies,Ruisseau (sans végétation),NA,NA,TI,34,16507,65,158,0.593360774223344
Clethrionomys glareolus (Campagnol roussâtre),4,712226,155390,1660,2025,Pièges à capturer vivant : PVIV,Prairies,Ruisseau (avec végétation),Lisières forestières (conifères),NA,TI,35,16387,65,159,0.549581996378105
Clethrionomys glareolus (Campagnol roussâtre),1,712226,155390,1660,2025,Pièges à capturer vivant : PVIV,Prairies,Ruisseau avec végétation,Milieux anthopiques batis,NA,TI,35,16387,65,159,0.549581996378105
Clethrionomys glareolus (Campagnol roussâtre),1,712459,155210,1630,2025,Pièges à capturer vivant : PVIV,Prairies,Lisières forestières (conifères),NA,NA,TI,37,16188,66,162,0.434752715987469
Sorex araneus (Musaraigne carrelet),1,712459,155210,1630,2025,Pièges à capturer vivant : PVIV,Prairies,Lisières forestières (conifères),NA,NA,TI,37,16188,66,162,0.434752715987469
Clethrionomys glareolus (Campagnol roussâtre),1,712971,154018,1089,2025,Pièges à capturer vivant : PVIV,Milieux forestiers ouverts / perturbés (feuillus),NA,NA,Sommascona,TI,62,14829,78,198,-1.10929996189468
Clethrionomys glareolus (Campagnol roussâtre),1,712971,154018,1089,2025,Pièges à capturer vivant : PVIV,Milieux forestiers ouverts / perturbés (feuillus),NA,NA,Sommascona,TI,62,14829,78,198,-1.10929996189468
Clethrionomys glareolus (Campagnol roussâtre),1,712971,154018,1089,2025,Pièges à capturer vivant : PVIV,Milieux forestiers ouverts / perturbés (feuillus),NA,NA,Sommascona,TI,62,14829,78,198,-1.10929996189468
Clethrionomys glareolus (Campagnol roussâtre),1,712971,154018,1089,2025,Pièges à capturer vivant : PVIV,Milieux forestiers ouverts / perturbés (feuillus),NA,NA,Sommascona,TI,62,14829,78,198,-1.10929996189468
Clethrionomys glareolus (Campagnol roussâtre),1,712971,154018,1089,2025,Pièges à capturer vivant : PVIV,Milieux forestiers ouverts / perturbés (feuillus),NA,NA,Sommascona,TI,62,14829,78,198,-1.10929996189468
Clethrionomys glareolus (Campagnol roussâtre),1,712971,154018,1089,2025,Pièges à capturer vivant : PVIV,Milieux forestiers ouverts / perturbés (feuillus),NA,NA,Sommascona,TI,62,14829,78,198,-1.10929996189468
Clethrionomys glareolus (Campagnol roussâtre),1,712971,154018,1089,2025,Pièges à capturer vivant : PVIV,Milieux forestiers ouverts / perturbés (feuillus),NA,NA,Sommascona,TI,62,14829,78,198,-1.10929996189468
Clethrionomys glareolus (Campagnol roussâtre),1,712971,154018,1089,2025,Pièges à capturer vivant : PVIV,Milieux forestiers ouverts / perturbés (feuillus),NA,NA,Sommascona,TI,62,14829,78,198,-1.10929996189468
Apodemus flavicollis (Mulot à collier),1,713017,154066,1098,2025,Pièges à capturer vivant : PVIV,Milieux forestiers (feuillus),Ruisseau (avec végétation),NA,Sommascona,TI,62,14866,79,199,-1.12912994567449
Apodemus flavicollis (Mulot à collier),1,713017,154066,1098,2025,Pièges à capturer vivant : PVIV,Milieux forestiers (feuillus),Ruisseau (avec végétation),NA,Sommascona,TI,62,14866,79,199,-1.12912994567449
Apodemus flavicollis (Mulot à collier),1,713017,154066,1098,2025,Pièges à capturer vivant : PVIV,Milieux forestiers (feuillus),Ruisseau (avec végétation),NA,Sommascona,TI,62,14866,79,199,-1.12912994567449
Apodemus flavicollis (Mulot à collier),1,713017,154066,1098,2025,Pièges à capturer vivant : PVIV,Milieux forestiers (feuillus),Ruisseau (avec végétation),NA,Sommascona,TI,62,14866,79,199,-1.12912994567449
Clethrionomys glareolus (Campagnol roussâtre),1,713017,154066,1098,2025,Pièges à capturer vivant : PVIV,Milieux forestiers (feuillus),Ruisseau (avec végétation),NA,Sommascona,TI,62,14866,79,199,-1.12912994567449
Clethrionomys glareolus (Campagnol roussâtre),1,713017,154066,1098,2025,Pièges à capturer vivant : PVIV,Milieux forestiers (feuillus),Ruisseau (avec végétation),NA,Sommascona,TI,62,14866,79,199,-1.12912994567449
Clethrionomys glareolus (Campagnol roussâtre),1,713017,154066,1098,2025,Pièges à capturer vivant : PVIV,Milieux forestiers (feuillus),Ruisseau (avec végétation),NA,Sommascona,TI,62,14866,79,199,-1.12912994567449
Sorex antinorii (Musaraigne du Valais),1,713017,154066,1098,2025,Pièges à capturer vivant : PVIV,Milieux forestiers (feuillus),Ruisseau (avec végétation),NA,Sommascona,TI,62,14866,79,199,-1.12912994567449
Sorex antinorii (Musaraigne du Valais),1,713017,154066,1098,2025,Pièges à capturer vivant : PVIV,Milieux forestiers (feuillus),Ruisseau (avec végétation),NA,Sommascona,TI,62,14866,79,199,-1.12912994567449
Sorex antinorii (Musaraigne du Valais),1,713017,154066,1098,2025,Pièges à capturer vivant : PVIV,Milieux forestiers (feuillus),Ruisseau (avec végétation),NA,Sommascona,TI,62,14866,79,199,-1.12912994567449
Sorex antinorii (Musaraigne du Valais),1,713017,154066,1098,2025,Pièges à capturer vivant : PVIV,Milieux forestiers (feuillus),Ruisseau (avec végétation),NA,Sommascona,TI,62,14866,79,199,-1.12912994567449
Clethrionomys glareolus (Campagnol roussâtre),1,713044,153392,1206,2025,Pièges à capturer vivant : PVIV,Milieux humides (prairies humides),Ruisseau (sans végétation),Lisières forestières (conifères),Camperio,TI,58,14288,76,192,-0.806475138997448
Clethrionomys glareolus (Campagnol roussâtre),1,713044,153392,1206,2025,Pièges à capturer vivant : PVIV,Milieux humides (prairies humides),Ruisseau (sans végétation),Lisières forestières (conifères),Camperio,TI,58,14288,76,192,-0.806475138997448
Clethrionomys glareolus (Campagnol roussâtre),1,713044,153392,1206,2025,Pièges à capturer vivant : PVIV,Milieux humides (prairies humides),Ruisseau (sans végétation),Lisières forestières (conifères),Camperio,TI,58,14288,76,192,-0.806475138997448
Neomys fodiens (Musaraigne aquatique),1,713044,153392,1206,2025,Pièges à capturer vivant : PVIV,Milieux humides (prairies humides),Ruisseau (sans végétation),Lisières forestières (conifères),Camperio,TI,58,14288,76,192,-0.806475138997448
Clethrionomys glareolus (Campagnol roussâtre),1,713179,153369,1200,2025,Piège photo : PPHO,Milieux forestiers (conifères),Milieux rocheux naturels,NA,Camperio,TI,58,14244,76,193,-0.815556045086469
Sorex antinorii (Musaraigne du Valais),1,713179,153369,1200,2025,Piège photo : PPHO,Milieux forestiers (conifères),Milieux rocheux naturels,NA,Camperio,TI,58,14244,76,193,-0.815556045086469
Apodemus flavicollis (Mulot à collier),1,713190,153394,1202,2025,Pièges à capturer vivant : PVIV,Milieux forestiers (conifères),Milieux rocheux naturels,NA,Camperio,TI,59,14242,77,194,-0.859624061235785
Apodemus flavicollis (Mulot à collier),1,713190,153394,1202,2025,Pièges à capturer vivant : PVIV,Milieux forestiers (conifères),Milieux rocheux naturels,NA,Camperio,TI,59,14242,77,194,-0.859624061235785
Apodemus flavicollis (Mulot à collier),1,713190,153394,1202,2025,Pièges à capturer vivant : PVIV,Milieux forestiers (conifères),Milieux rocheux naturels,NA,Camperio,TI,59,14242,77,194,-0.859624061235785
Clethrionomys glareolus (Campagnol roussâtre),1,713190,153394,1202,2025,Pièges à capturer vivant : PVIV,Milieux forestiers (conifères),Milieux rocheux naturels,NA,Camperio,TI,59,14242,77,194,-0.859624061235785
Clethrionomys glareolus (Campagnol roussâtre),1,713190,153394,1202,2025,Pièges à capturer vivant : PVIV,Milieux forestiers (conifères),Milieux rocheux naturels,NA,Camperio,TI,59,14242,77,194,-0.859624061235785
Clethrionomys glareolus (Campagnol roussâtre),1,713190,153394,1202,2025,Pièges à capturer vivant : PVIV,Milieux forestiers (conifères),Milieux rocheux naturels,NA,Camperio,TI,59,14242,77,194,-0.859624061235785
Clethrionomys glareolus (Campagnol roussâtre),1,713190,153394,1202,2025,Pièges à capturer vivant : PVIV,Milieux forestiers (conifères),Milieux rocheux naturels,NA,Camperio,TI,59,14242,77,194,-0.859624061235785
Clethrionomys glareolus (Campagnol roussâtre),1,713190,153394,1202,2025,Pièges à capturer vivant : PVIV,Milieux forestiers (conifères),Milieux rocheux naturels,NA,Camperio,TI,59,14242,77,194,-0.859624061235785
Clethrionomys glareolus (Campagnol roussâtre),1,713190,153394,1202,2025,Pièges à capturer vivant : PVIV,Milieux forestiers (conifères),Milieux rocheux naturels,NA,Camperio,TI,59,14242,77,194,-0.859624061235785
Apodemus flavicollis (Mulot à collier),1,713553,154219,1019,2025,Pièges à capturer vivant : PVIV,Prairies,Milieux rocheux anthropiques,Lisières forestières (feuillus),Sommascona,TI,68,14832,83,208,-1.4553941707589
Apodemus flavicollis (Mulot à collier),1,713553,154219,1019,2025,Pièges à capturer vivant : PVIV,Prairies,Milieux rocheux anthropiques,Lisières forestières (feuillus),Sommascona,TI,68,14832,83,208,-1.4553941707589
Clethrionomys glareolus (Campagnol roussâtre),1,713600,153835,983,2025,Pièges à capturer vivant : PVIV,Prairies,Milieux rocheux anthropiques,Lisières forestières (feuillus),Sommascona,TI,70,14378,83,211,-1.55415116888016
Clethrionomys glareolus (Campagnol roussâtre),1,713600,153835,983,2025,Pièges à capturer vivant : PVIV,Prairies,Milieux rocheux anthropiques,Lisières forestières (feuillus),Sommascona,TI,70,14378,83,211,-1.55415116888016
Clethrionomys glareolus (Campagnol roussâtre),1,713600,153835,983,2025,Pièges à capturer vivant : PVIV,Prairies,Milieux rocheux anthropiques,Lisières forestières (feuillus),Sommascona,TI,70,14378,83,211,-1.55415116888016
Clethrionomys glareolus (Campagnol roussâtre),1,713600,153835,983,2025,Pièges à capturer vivant : PVIV,Prairies,Milieux rocheux anthropiques,Lisières forestières (feuillus),Sommascona,TI,70,14378,83,211,-1.55415116888016
Clethrionomys glareolus (Campagnol roussâtre),1,713600,153835,983,2025,Pièges à capturer vivant : PVIV,Prairies,Milieux rocheux anthropiques,Lisières forestières (feuillus),Sommascona,TI,70,14378,83,211,-1.55415116888016
Clethrionomys glareolus (Campagnol roussâtre),1,713600,153835,983,2025,Pièges à capturer vivant : PVIV,Prairies,Milieux rocheux anthropiques,Lisières forestières (feuillus),Sommascona,TI,70,14378,83,211,-1.55415116888016
Clethrionomys glareolus (Campagnol roussâtre),1,713600,153835,983,2025,Pièges à capturer vivant : PVIV,Prairies,Milieux rocheux anthropiques,Lisières forestières (feuillus),Sommascona,TI,70,14378,83,211,-1.55415116888016
Clethrionomys glareolus (Campagnol roussâtre),1,713718,153746,1005,2025,Pièges à capturer vivant : PVIV,Milieux forestiers (feuillus),Milieux rocheux naturels,NA,Sommascona,TI,69,14190,82,209,-1.48985011837259
Clethrionomys glareolus (Campagnol roussâtre),1,713718,153746,1005,2025,Pièges à capturer vivant : PVIV,Milieux forestiers (feuillus),Milieux rocheux naturels,NA,Sommascona,TI,69,14190,82,209,-1.48985011837259
Sorex antinorii (Musaraigne du Valais),1,714734,152869,1077,2025,Pièges à capturer vivant : PVIV,Milieux forestiers (feuillus),Milieux rocheux anthropiques,NA,Larescia,TI,67,13441,82,207,-1.303740717091
Apodemus flavicollis (Mulot à collier),1,714982,153493,870,2025,Pièges à capturer vivant : PVIV,Prairies,Lisières forestières (feuillus),NA,Solario,TI,69,13522,83,210,-1.60915701283515
Apodemus flavicollis (Mulot à collier),1,714982,153493,870,2025,Pièges à capturer vivant : PVIV,Prairies,Lisières forestières (feuillus),NA,Solario,TI,69,13522,83,210,-1.60915701283515
Apodemus flavicollis (Mulot à collier),1,714982,153493,870,2025,Pièges à capturer vivant : PVIV,Prairies,Lisières forestières (feuillus),NA,Solario,TI,69,13522,83,210,-1.60915701283515
Apodemus flavicollis (Mulot à collier),1,714982,153493,870,2025,Pièges à capturer vivant : PVIV,Prairies,Lisières forestières (feuillus),NA,Solario,TI,69,13522,83,210,-1.60915701283515
Apodemus flavicollis (Mulot à collier),1,714982,153493,870,2025,Pièges à capturer vivant : PVIV,Prairies,Lisières forestières (feuillus),NA,Solario,TI,69,13522,83,210,-1.60915701283515
Apodemus flavicollis (Mulot à collier),1,714982,153493,870,2025,Pièges à capturer vivant : PVIV,Prairies,Lisières forestières (feuillus),NA,Solario,TI,69,13522,83,210,-1.60915701283515
